pk,inning,half_inning,outs,runner_on_first,runner_on_second,runner_on_third,home_score_margin,leverage_index
1,1,top,0,false,false,false,-4,0.4
2,1,top,0,false,false,false,-3,0.6
3,1,top,0,false,false,false,-2,0.7
4,1,top,0,false,false,false,-1,0.8
5,1,top,0,false,false,false,0,0.9
6,1,top,0,true,false,false,-4,0.7
7,1,top,0,true,false,false,-3,0.9
8,1,top,0,true,false,false,-2,1.1
9,1,top,0,true,false,false,-1,1.3
10,1,top,0,true,false,false,0,1.4
11,1,top,0,false,true,false,-4,0.6
12,1,top,0,false,true,false,-3,0.7
13,1,top,0,false,true,false,-2,0.9
14,1,top,0,false,true,false,-1,1.0
15,1,top,0,false,true,false,0,1.2
16,1,top,0,false,false,true,-4,0.5
17,1,top,0,false,false,true,-3,0.6
18,1,top,0,false,false,true,-2,0.8
19,1,top,0,false,false,true,-1,0.9
20,1,top,0,false,false,true,0,1.0
21,1,top,0,true,true,false,-4,0.8
22,1,top,0,true,true,false,-3,1.1
23,1,top,0,true,true,false,-2,1.3
24,1,top,0,true,true,false,-1,1.6
25,1,top,0,true,true,false,0,1.8
26,1,top,0,true,false,true,-4,0.6
27,1,top,0,true,false,true,-3,0.8
28,1,top,0,true,false,true,-2,1.1
29,1,top,0,true,false,true,-1,1.3
30,1,top,0,true,false,true,0,1.5
31,1,top,0,false,true,true,-4,0.6
32,1,top,0,false,true,true,-3,0.8
33,1,top,0,false,true,true,-2,1.0
34,1,top,0,false,true,true,-1,1.2
35,1,top,0,false,true,true,0,1.3
36,1,top,0,true,true,true,-4,0.8
37,1,top,0,true,true,true,-3,1.1
38,1,top,0,true,true,true,-2,1.4
39,1,top,0,true,true,true,-1,1.7
40,1,top,0,true,true,true,0,2.0
41,1,top,1,false,false,false,-4,0.3
42,1,top,1,false,false,false,-3,0.4
43,1,top,1,false,false,false,-2,0.5
44,1,top,1,false,false,false,-1,0.6
45,1,top,1,false,false,false,0,0.6
46,1,top,1,true,false,false,-4,0.6
47,1,top,1,true,false,false,-3,0.7
48,1,top,1,true,false,false,-2,0.9
49,1,top,1,true,false,false,-1,1.0
50,1,top,1,true,false,false,0,1.1
51,1,top,1,false,true,false,-4,0.6
52,1,top,1,false,true,false,-3,0.8
53,1,top,1,false,true,false,-2,0.9
54,1,top,1,false,true,false,-1,1.1
55,1,top,1,false,true,false,0,1.2
56,1,top,1,false,false,true,-4,0.7
57,1,top,1,false,false,true,-3,0.9
58,1,top,1,false,false,true,-2,1.0
59,1,top,1,false,false,true,-1,1.2
60,1,top,1,false,false,true,0,1.3
61,1,top,1,true,true,false,-4,0.9
62,1,top,1,true,true,false,-3,1.2
63,1,top,1,true,true,false,-2,1.5
64,1,top,1,true,true,false,-1,1.7
65,1,top,1,true,true,false,0,1.9
66,1,top,1,true,false,true,-4,0.9
67,1,top,1,true,false,true,-3,1.1
68,1,top,1,true,false,true,-2,1.3
69,1,top,1,true,false,true,-1,1.6
70,1,top,1,true,false,true,0,1.7
71,1,top,1,false,true,true,-4,0.7
72,1,top,1,false,true,true,-3,0.9
73,1,top,1,false,true,true,-2,1.1
74,1,top,1,false,true,true,-1,1.3
75,1,top,1,false,true,true,0,1.4
76,1,top,1,true,true,true,-4,1.1
77,1,top,1,true,true,true,-3,1.5
78,1,top,1,true,true,true,-2,1.8
79,1,top,1,true,true,true,-1,2.1
80,1,top,1,true,true,true,0,2.4
81,1,top,2,false,false,false,-4,0.2
82,1,top,2,false,false,false,-3,0.3
83,1,top,2,false,false,false,-2,0.3
84,1,top,2,false,false,false,-1,0.4
85,1,top,2,false,false,false,0,0.4
86,1,top,2,true,false,false,-4,0.4
87,1,top,2,true,false,false,-3,0.5
88,1,top,2,true,false,false,-2,0.6
89,1,top,2,true,false,false,-1,0.7
90,1,top,2,true,false,false,0,0.8
91,1,top,2,false,true,false,-4,0.6
92,1,top,2,false,true,false,-3,0.7
93,1,top,2,false,true,false,-2,0.9
94,1,top,2,false,true,false,-1,1.0
95,1,top,2,false,true,false,0,1.1
96,1,top,2,false,false,true,-4,0.7
97,1,top,2,false,false,true,-3,0.9
98,1,top,2,false,false,true,-2,1.0
99,1,top,2,false,false,true,-1,1.2
100,1,top,2,false,false,true,0,1.3
101,1,top,2,true,true,false,-4,0.8
102,1,top,2,true,true,false,-3,1.0
103,1,top,2,true,true,false,-2,1.3
104,1,top,2,true,true,false,-1,1.5
105,1,top,2,true,true,false,0,1.6
106,1,top,2,true,false,true,-4,0.9
107,1,top,2,true,false,true,-3,1.1
108,1,top,2,true,false,true,-2,1.4
109,1,top,2,true,false,true,-1,1.6
110,1,top,2,true,false,true,0,1.7
111,1,top,2,false,true,true,-4,1.0
112,1,top,2,false,true,true,-3,1.2
113,1,top,2,false,true,true,-2,1.5
114,1,top,2,false,true,true,-1,1.7
115,1,top,2,false,true,true,0,1.9
116,1,top,2,true,true,true,-4,1.4
117,1,top,2,true,true,true,-3,1.8
118,1,top,2,true,true,true,-2,2.1
119,1,top,2,true,true,true,-1,2.5
120,1,top,2,true,true,true,0,2.7
121,1,bottom,0,false,false,false,-4,0.7
122,1,bottom,0,false,false,false,-3,0.8
123,1,bottom,0,false,false,false,-2,0.9
124,1,bottom,0,false,false,false,-1,0.9
125,1,bottom,0,false,false,false,0,0.9
126,1,bottom,0,false,false,false,1,0.8
127,1,bottom,0,false,false,false,2,0.6
128,1,bottom,0,false,false,false,3,0.5
129,1,bottom,0,false,false,false,4,0.4
130,1,bottom,0,true,false,false,-4,1.2
131,1,bottom,0,true,false,false,-3,1.4
132,1,bottom,0,true,false,false,-2,1.5
133,1,bottom,0,true,false,false,-1,1.5
134,1,bottom,0,true,false,false,0,1.4
135,1,bottom,0,true,false,false,1,1.2
136,1,bottom,0,true,false,false,2,1.0
137,1,bottom,0,true,false,false,3,0.8
138,1,bottom,0,true,false,false,4,0.6
139,1,bottom,0,false,true,false,-4,1.1
140,1,bottom,0,false,true,false,-3,1.2
141,1,bottom,0,false,true,false,-2,1.3
142,1,bottom,0,false,true,false,-1,1.2
143,1,bottom,0,false,true,false,0,1.1
144,1,bottom,0,false,true,false,1,1.0
145,1,bottom,0,false,true,false,2,0.8
146,1,bottom,0,false,true,false,3,0.6
147,1,bottom,0,false,true,false,4,0.5
148,1,bottom,0,false,false,true,-4,1.0
149,1,bottom,0,false,false,true,-3,1.1
150,1,bottom,0,false,false,true,-2,1.1
151,1,bottom,0,false,false,true,-1,1.1
152,1,bottom,0,false,false,true,0,1.0
153,1,bottom,0,false,false,true,1,0.8
154,1,bottom,0,false,false,true,2,0.7
155,1,bottom,0,false,false,true,3,0.5
156,1,bottom,0,false,false,true,4,0.4
157,1,bottom,0,true,true,false,-4,1.7
158,1,bottom,0,true,true,false,-3,1.9
159,1,bottom,0,true,true,false,-2,2.0
160,1,bottom,0,true,true,false,-1,1.9
161,1,bottom,0,true,true,false,0,1.7
162,1,bottom,0,true,true,false,1,1.5
163,1,bottom,0,true,true,false,2,1.2
164,1,bottom,0,true,true,false,3,0.9
165,1,bottom,0,true,true,false,4,0.7
166,1,bottom,0,true,false,true,-4,1.6
167,1,bottom,0,true,false,true,-3,1.7
168,1,bottom,0,true,false,true,-2,1.7
169,1,bottom,0,true,false,true,-1,1.6
170,1,bottom,0,true,false,true,0,1.4
171,1,bottom,0,true,false,true,1,1.2
172,1,bottom,0,true,false,true,2,1.0
173,1,bottom,0,true,false,true,3,0.7
174,1,bottom,0,true,false,true,4,0.5
175,1,bottom,0,false,true,true,-4,1.4
176,1,bottom,0,false,true,true,-3,1.5
177,1,bottom,0,false,true,true,-2,1.5
178,1,bottom,0,false,true,true,-1,1.4
179,1,bottom,0,false,true,true,0,1.3
180,1,bottom,0,false,true,true,1,1.1
181,1,bottom,0,false,true,true,2,0.9
182,1,bottom,0,false,true,true,3,0.7
183,1,bottom,0,false,true,true,4,0.5
184,1,bottom,0,true,true,true,-4,2.2
185,1,bottom,0,true,true,true,-3,2.3
186,1,bottom,0,true,true,true,-2,2.3
187,1,bottom,0,true,true,true,-1,2.1
188,1,bottom,0,true,true,true,0,1.9
189,1,bottom,0,true,true,true,1,1.6
190,1,bottom,0,true,true,true,2,1.2
191,1,bottom,0,true,true,true,3,0.9
192,1,bottom,0,true,true,true,4,0.7
193,1,bottom,1,false,false,false,-4,0.5
194,1,bottom,1,false,false,false,-3,0.6
195,1,bottom,1,false,false,false,-2,0.6
196,1,bottom,1,false,false,false,-1,0.7
197,1,bottom,1,false,false,false,0,0.6
198,1,bottom,1,false,false,false,1,0.6
199,1,bottom,1,false,false,false,2,0.5
200,1,bottom,1,false,false,false,3,0.4
201,1,bottom,1,false,false,false,4,0.3
202,1,bottom,1,true,false,false,-4,1.0
203,1,bottom,1,true,false,false,-3,1.1
204,1,bottom,1,true,false,false,-2,1.2
205,1,bottom,1,true,false,false,-1,1.2
206,1,bottom,1,true,false,false,0,1.1
207,1,bottom,1,true,false,false,1,1.0
208,1,bottom,1,true,false,false,2,0.8
209,1,bottom,1,true,false,false,3,0.7
210,1,bottom,1,true,false,false,4,0.5
211,1,bottom,1,false,true,false,-4,1.0
212,1,bottom,1,false,true,false,-3,1.1
213,1,bottom,1,false,true,false,-2,1.2
214,1,bottom,1,false,true,false,-1,1.2
215,1,bottom,1,false,true,false,0,1.2
216,1,bottom,1,false,true,false,1,1.0
217,1,bottom,1,false,true,false,2,0.9
218,1,bottom,1,false,true,false,3,0.7
219,1,bottom,1,false,true,false,4,0.5
220,1,bottom,1,false,false,true,-4,1.0
221,1,bottom,1,false,false,true,-3,1.1
222,1,bottom,1,false,false,true,-2,1.3
223,1,bottom,1,false,false,true,-1,1.3
224,1,bottom,1,false,false,true,0,1.3
225,1,bottom,1,false,false,true,1,1.1
226,1,bottom,1,false,false,true,2,1.0
227,1,bottom,1,false,false,true,3,0.8
228,1,bottom,1,false,false,true,4,0.6
229,1,bottom,1,true,true,false,-4,1.7
230,1,bottom,1,true,true,false,-3,1.9
231,1,bottom,1,true,true,false,-2,2.0
232,1,bottom,1,true,true,false,-1,2.0
233,1,bottom,1,true,true,false,0,1.8
234,1,bottom,1,true,true,false,1,1.6
235,1,bottom,1,true,true,false,2,1.3
236,1,bottom,1,true,true,false,3,1.0
237,1,bottom,1,true,true,false,4,0.8
238,1,bottom,1,true,false,true,-4,1.5
239,1,bottom,1,true,false,true,-3,1.7
240,1,bottom,1,true,false,true,-2,1.8
241,1,bottom,1,true,false,true,-1,1.8
242,1,bottom,1,true,false,true,0,1.7
243,1,bottom,1,true,false,true,1,1.5
244,1,bottom,1,true,false,true,2,1.2
245,1,bottom,1,true,false,true,3,1.0
246,1,bottom,1,true,false,true,4,0.8
247,1,bottom,1,false,true,true,-4,1.4
248,1,bottom,1,false,true,true,-3,1.5
249,1,bottom,1,false,true,true,-2,1.6
250,1,bottom,1,false,true,true,-1,1.5
251,1,bottom,1,false,true,true,0,1.4
252,1,bottom,1,false,true,true,1,1.2
253,1,bottom,1,false,true,true,2,1.0
254,1,bottom,1,false,true,true,3,0.8
255,1,bottom,1,false,true,true,4,0.6
256,1,bottom,1,true,true,true,-4,2.4
257,1,bottom,1,true,true,true,-3,2.6
258,1,bottom,1,true,true,true,-2,2.6
259,1,bottom,1,true,true,true,-1,2.6
260,1,bottom,1,true,true,true,0,2.3
261,1,bottom,1,true,true,true,1,2.0
262,1,bottom,1,true,true,true,2,1.6
263,1,bottom,1,true,true,true,3,1.3
264,1,bottom,1,true,true,true,4,1.0
265,1,bottom,2,false,false,false,-4,0.3
266,1,bottom,2,false,false,false,-3,0.4
267,1,bottom,2,false,false,false,-2,0.4
268,1,bottom,2,false,false,false,-1,0.4
269,1,bottom,2,false,false,false,0,0.4
270,1,bottom,2,false,false,false,1,0.4
271,1,bottom,2,false,false,false,2,0.3
272,1,bottom,2,false,false,false,3,0.3
273,1,bottom,2,false,false,false,4,0.2
274,1,bottom,2,true,false,false,-4,0.6
275,1,bottom,2,true,false,false,-3,0.7
276,1,bottom,2,true,false,false,-2,0.8
277,1,bottom,2,true,false,false,-1,0.8
278,1,bottom,2,true,false,false,0,0.8
279,1,bottom,2,true,false,false,1,0.7
280,1,bottom,2,true,false,false,2,0.6
281,1,bottom,2,true,false,false,3,0.5
282,1,bottom,2,true,false,false,4,0.4
283,1,bottom,2,false,true,false,-4,0.8
284,1,bottom,2,false,true,false,-3,1.0
285,1,bottom,2,false,true,false,-2,1.1
286,1,bottom,2,false,true,false,-1,1.1
287,1,bottom,2,false,true,false,0,1.1
288,1,bottom,2,false,true,false,1,1.0
289,1,bottom,2,false,true,false,2,0.8
290,1,bottom,2,false,true,false,3,0.7
291,1,bottom,2,false,true,false,4,0.5
292,1,bottom,2,false,false,true,-4,1.0
293,1,bottom,2,false,false,true,-3,1.1
294,1,bottom,2,false,false,true,-2,1.3
295,1,bottom,2,false,false,true,-1,1.3
296,1,bottom,2,false,false,true,0,1.3
297,1,bottom,2,false,false,true,1,1.2
298,1,bottom,2,false,false,true,2,1.0
299,1,bottom,2,false,false,true,3,0.8
300,1,bottom,2,false,false,true,4,0.6
301,1,bottom,2,true,true,false,-4,1.3
302,1,bottom,2,true,true,false,-3,1.5
303,1,bottom,2,true,true,false,-2,1.6
304,1,bottom,2,true,true,false,-1,1.7
305,1,bottom,2,true,true,false,0,1.6
306,1,bottom,2,true,true,false,1,1.4
307,1,bottom,2,true,true,false,2,1.2
308,1,bottom,2,true,true,false,3,0.9
309,1,bottom,2,true,true,false,4,0.7
310,1,bottom,2,true,false,true,-4,1.4
311,1,bottom,2,true,false,true,-3,1.6
312,1,bottom,2,true,false,true,-2,1.7
313,1,bottom,2,true,false,true,-1,1.8
314,1,bottom,2,true,false,true,0,1.7
315,1,bottom,2,true,false,true,1,1.5
316,1,bottom,2,true,false,true,2,1.3
317,1,bottom,2,true,false,true,3,1.0
318,1,bottom,2,true,false,true,4,0.8
319,1,bottom,2,false,true,true,-4,1.6
320,1,bottom,2,false,true,true,-3,1.8
321,1,bottom,2,false,true,true,-2,2.0
322,1,bottom,2,false,true,true,-1,2.0
323,1,bottom,2,false,true,true,0,1.9
324,1,bottom,2,false,true,true,1,1.7
325,1,bottom,2,false,true,true,2,1.4
326,1,bottom,2,false,true,true,3,1.1
327,1,bottom,2,false,true,true,4,0.8
328,1,bottom,2,true,true,true,-4,2.4
329,1,bottom,2,true,true,true,-3,2.7
330,1,bottom,2,true,true,true,-2,2.9
331,1,bottom,2,true,true,true,-1,2.9
332,1,bottom,2,true,true,true,0,2.7
333,1,bottom,2,true,true,true,1,2.4
334,1,bottom,2,true,true,true,2,2.0
335,1,bottom,2,true,true,true,3,1.5
336,1,bottom,2,true,true,true,4,1.2
337,2,top,0,false,false,false,-4,0.4
338,2,top,0,false,false,false,-3,0.6
339,2,top,0,false,false,false,-2,0.7
340,2,top,0,false,false,false,-1,0.8
341,2,top,0,false,false,false,0,0.9
342,2,top,0,false,false,false,1,1.0
343,2,top,0,false,false,false,2,0.9
344,2,top,0,false,false,false,3,0.8
345,2,top,0,false,false,false,4,0.7
346,2,top,0,true,false,false,-4,0.7
347,2,top,0,true,false,false,-3,0.9
348,2,top,0,true,false,false,-2,1.1
349,2,top,0,true,false,false,-1,1.3
350,2,top,0,true,false,false,0,1.5
351,2,top,0,true,false,false,1,1.5
352,2,top,0,true,false,false,2,1.5
353,2,top,0,true,false,false,3,1.4
354,2,top,0,true,false,false,4,1.2
355,2,top,0,false,true,false,-4,0.5
356,2,top,0,false,true,false,-3,0.7
357,2,top,0,false,true,false,-2,0.9
358,2,top,0,false,true,false,-1,1.1
359,2,top,0,false,true,false,0,1.2
360,2,top,0,false,true,false,1,1.3
361,2,top,0,false,true,false,2,1.3
362,2,top,0,false,true,false,3,1.2
363,2,top,0,false,true,false,4,1.0
364,2,top,0,false,false,true,-4,0.4
365,2,top,0,false,false,true,-3,0.6
366,2,top,0,false,false,true,-2,0.8
367,2,top,0,false,false,true,-1,0.9
368,2,top,0,false,false,true,0,1.1
369,2,top,0,false,false,true,1,1.1
370,2,top,0,false,false,true,2,1.2
371,2,top,0,false,false,true,3,1.1
372,2,top,0,false,false,true,4,0.9
373,2,top,0,true,true,false,-4,0.8
374,2,top,0,true,true,false,-3,1.1
375,2,top,0,true,true,false,-2,1.4
376,2,top,0,true,true,false,-1,1.6
377,2,top,0,true,true,false,0,1.9
378,2,top,0,true,true,false,1,2.0
379,2,top,0,true,true,false,2,2.0
380,2,top,0,true,true,false,3,1.9
381,2,top,0,true,true,false,4,1.7
382,2,top,0,true,false,true,-4,0.6
383,2,top,0,true,false,true,-3,0.8
384,2,top,0,true,false,true,-2,1.1
385,2,top,0,true,false,true,-1,1.3
386,2,top,0,true,false,true,0,1.6
387,2,top,0,true,false,true,1,1.7
388,2,top,0,true,false,true,2,1.8
389,2,top,0,true,false,true,3,1.7
390,2,top,0,true,false,true,4,1.5
391,2,top,0,false,true,true,-4,0.6
392,2,top,0,false,true,true,-3,0.8
393,2,top,0,false,true,true,-2,1.0
394,2,top,0,false,true,true,-1,1.2
395,2,top,0,false,true,true,0,1.4
396,2,top,0,false,true,true,1,1.5
397,2,top,0,false,true,true,2,1.6
398,2,top,0,false,true,true,3,1.5
399,2,top,0,false,true,true,4,1.4
400,2,top,0,true,true,true,-4,0.8
401,2,top,0,true,true,true,-3,1.1
402,2,top,0,true,true,true,-2,1.4
403,2,top,0,true,true,true,-1,1.7
404,2,top,0,true,true,true,0,2.0
405,2,top,0,true,true,true,1,2.3
406,2,top,0,true,true,true,2,2.4
407,2,top,0,true,true,true,3,2.3
408,2,top,0,true,true,true,4,2.1
409,2,top,1,false,false,false,-4,0.3
410,2,top,1,false,false,false,-3,0.4
411,2,top,1,false,false,false,-2,0.5
412,2,top,1,false,false,false,-1,0.6
413,2,top,1,false,false,false,0,0.7
414,2,top,1,false,false,false,1,0.7
415,2,top,1,false,false,false,2,0.6
416,2,top,1,false,false,false,3,0.6
417,2,top,1,false,false,false,4,0.5
418,2,top,1,true,false,false,-4,0.6
419,2,top,1,true,false,false,-3,0.7
420,2,top,1,true,false,false,-2,0.9
421,2,top,1,true,false,false,-1,1.1
422,2,top,1,true,false,false,0,1.2
423,2,top,1,true,false,false,1,1.3
424,2,top,1,true,false,false,2,1.2
425,2,top,1,true,false,false,3,1.1
426,2,top,1,true,false,false,4,0.9
427,2,top,1,false,true,false,-4,0.6
428,2,top,1,false,true,false,-3,0.8
429,2,top,1,false,true,false,-2,1.0
430,2,top,1,false,true,false,-1,1.1
431,2,top,1,false,true,false,0,1.2
432,2,top,1,false,true,false,1,1.3
433,2,top,1,false,true,false,2,1.2
434,2,top,1,false,true,false,3,1.1
435,2,top,1,false,true,false,4,0.9
436,2,top,1,false,false,true,-4,0.7
437,2,top,1,false,false,true,-3,0.9
438,2,top,1,false,false,true,-2,1.1
439,2,top,1,false,false,true,-1,1.2
440,2,top,1,false,false,true,0,1.3
441,2,top,1,false,false,true,1,1.3
442,2,top,1,false,false,true,2,1.3
443,2,top,1,false,false,true,3,1.1
444,2,top,1,false,false,true,4,0.9
445,2,top,1,true,true,false,-4,0.9
446,2,top,1,true,true,false,-3,1.2
447,2,top,1,true,true,false,-2,1.5
448,2,top,1,true,true,false,-1,1.8
449,2,top,1,true,true,false,0,2.0
450,2,top,1,true,true,false,1,2.1
451,2,top,1,true,true,false,2,2.0
452,2,top,1,true,true,false,3,1.8
453,2,top,1,true,true,false,4,1.6
454,2,top,1,true,false,true,-4,0.9
455,2,top,1,true,false,true,-3,1.1
456,2,top,1,true,false,true,-2,1.4
457,2,top,1,true,false,true,-1,1.6
458,2,top,1,true,false,true,0,1.8
459,2,top,1,true,false,true,1,1.8
460,2,top,1,true,false,true,2,1.8
461,2,top,1,true,false,true,3,1.6
462,2,top,1,true,false,true,4,1.4
463,2,top,1,false,true,true,-4,0.7
464,2,top,1,false,true,true,-3,0.9
465,2,top,1,false,true,true,-2,1.1
466,2,top,1,false,true,true,-1,1.3
467,2,top,1,false,true,true,0,1.5
468,2,top,1,false,true,true,1,1.6
469,2,top,1,false,true,true,2,1.6
470,2,top,1,false,true,true,3,1.5
471,2,top,1,false,true,true,4,1.3
472,2,top,1,true,true,true,-4,1.1
473,2,top,1,true,true,true,-3,1.5
474,2,top,1,true,true,true,-2,1.8
475,2,top,1,true,true,true,-1,2.2
476,2,top,1,true,true,true,0,2.5
477,2,top,1,true,true,true,1,2.7
478,2,top,1,true,true,true,2,2.7
479,2,top,1,true,true,true,3,2.6
480,2,top,1,true,true,true,4,2.3
481,2,top,2,false,false,false,-4,0.2
482,2,top,2,false,false,false,-3,0.3
483,2,top,2,false,false,false,-2,0.3
484,2,top,2,false,false,false,-1,0.4
485,2,top,2,false,false,false,0,0.4
486,2,top,2,false,false,false,1,0.4
487,2,top,2,false,false,false,2,0.4
488,2,top,2,false,false,false,3,0.3
489,2,top,2,false,false,false,4,0.3
490,2,top,2,true,false,false,-4,0.4
491,2,top,2,true,false,false,-3,0.5
492,2,top,2,true,false,false,-2,0.7
493,2,top,2,true,false,false,-1,0.8
494,2,top,2,true,false,false,0,0.8
495,2,top,2,true,false,false,1,0.9
496,2,top,2,true,false,false,2,0.8
497,2,top,2,true,false,false,3,0.7
498,2,top,2,true,false,false,4,0.6
499,2,top,2,false,true,false,-4,0.6
500,2,top,2,false,true,false,-3,0.8
501,2,top,2,false,true,false,-2,0.9
502,2,top,2,false,true,false,-1,1.1
503,2,top,2,false,true,false,0,1.2
504,2,top,2,false,true,false,1,1.2
505,2,top,2,false,true,false,2,1.1
506,2,top,2,false,true,false,3,0.9
507,2,top,2,false,true,false,4,0.8
508,2,top,2,false,false,true,-4,0.7
509,2,top,2,false,false,true,-3,0.9
510,2,top,2,false,false,true,-2,1.1
511,2,top,2,false,false,true,-1,1.3
512,2,top,2,false,false,true,0,1.4
513,2,top,2,false,false,true,1,1.4
514,2,top,2,false,false,true,2,1.2
515,2,top,2,false,false,true,3,1.1
516,2,top,2,false,false,true,4,0.9
517,2,top,2,true,true,false,-4,0.8
518,2,top,2,true,true,false,-3,1.0
519,2,top,2,true,true,false,-2,1.3
520,2,top,2,true,true,false,-1,1.5
521,2,top,2,true,true,false,0,1.7
522,2,top,2,true,true,false,1,1.7
523,2,top,2,true,true,false,2,1.6
524,2,top,2,true,true,false,3,1.4
525,2,top,2,true,true,false,4,1.2
526,2,top,2,true,false,true,-4,0.9
527,2,top,2,true,false,true,-3,1.1
528,2,top,2,true,false,true,-2,1.4
529,2,top,2,true,false,true,-1,1.6
530,2,top,2,true,false,true,0,1.8
531,2,top,2,true,false,true,1,1.8
532,2,top,2,true,false,true,2,1.7
533,2,top,2,true,false,true,3,1.5
534,2,top,2,true,false,true,4,1.3
535,2,top,2,false,true,true,-4,1.0
536,2,top,2,false,true,true,-3,1.2
537,2,top,2,false,true,true,-2,1.5
538,2,top,2,false,true,true,-1,1.8
539,2,top,2,false,true,true,0,2.0
540,2,top,2,false,true,true,1,2.1
541,2,top,2,false,true,true,2,2.0
542,2,top,2,false,true,true,3,1.7
543,2,top,2,false,true,true,4,1.4
544,2,top,2,true,true,true,-4,1.3
545,2,top,2,true,true,true,-3,1.7
546,2,top,2,true,true,true,-2,2.2
547,2,top,2,true,true,true,-1,2.6
548,2,top,2,true,true,true,0,2.9
549,2,top,2,true,true,true,1,3.0
550,2,top,2,true,true,true,2,2.9
551,2,top,2,true,true,true,3,2.6
552,2,top,2,true,true,true,4,2.2
553,2,bottom,0,false,false,false,-4,0.8
554,2,bottom,0,false,false,false,-3,0.9
555,2,bottom,0,false,false,false,-2,1.0
556,2,bottom,0,false,false,false,-1,1.0
557,2,bottom,0,false,false,false,0,0.9
558,2,bottom,0,false,false,false,1,0.8
559,2,bottom,0,false,false,false,2,0.6
560,2,bottom,0,false,false,false,3,0.5
561,2,bottom,0,false,false,false,4,0.4
562,2,bottom,0,true,false,false,-4,1.3
563,2,bottom,0,true,false,false,-3,1.5
564,2,bottom,0,true,false,false,-2,1.6
565,2,bottom,0,true,false,false,-1,1.6
566,2,bottom,0,true,false,false,0,1.5
567,2,bottom,0,true,false,false,1,1.2
568,2,bottom,0,true,false,false,2,1.0
569,2,bottom,0,true,false,false,3,0.8
570,2,bottom,0,true,false,false,4,0.6
571,2,bottom,0,false,true,false,-4,1.1
572,2,bottom,0,false,true,false,-3,1.3
573,2,bottom,0,false,true,false,-2,1.3
574,2,bottom,0,false,true,false,-1,1.3
575,2,bottom,0,false,true,false,0,1.2
576,2,bottom,0,false,true,false,1,1.0
577,2,bottom,0,false,true,false,2,0.8
578,2,bottom,0,false,true,false,3,0.6
579,2,bottom,0,false,true,false,4,0.4
580,2,bottom,0,false,false,true,-4,1.0
581,2,bottom,0,false,false,true,-3,1.2
582,2,bottom,0,false,false,true,-2,1.2
583,2,bottom,0,false,false,true,-1,1.2
584,2,bottom,0,false,false,true,0,1.0
585,2,bottom,0,false,false,true,1,0.9
586,2,bottom,0,false,false,true,2,0.7
587,2,bottom,0,false,false,true,3,0.5
588,2,bottom,0,false,false,true,4,0.4
589,2,bottom,0,true,true,false,-4,1.8
590,2,bottom,0,true,true,false,-3,2.0
591,2,bottom,0,true,true,false,-2,2.1
592,2,bottom,0,true,true,false,-1,2.0
593,2,bottom,0,true,true,false,0,1.8
594,2,bottom,0,true,true,false,1,1.5
595,2,bottom,0,true,true,false,2,1.2
596,2,bottom,0,true,true,false,3,0.9
597,2,bottom,0,true,true,false,4,0.7
598,2,bottom,0,true,false,true,-4,1.6
599,2,bottom,0,true,false,true,-3,1.8
600,2,bottom,0,true,false,true,-2,1.8
601,2,bottom,0,true,false,true,-1,1.7
602,2,bottom,0,true,false,true,0,1.5
603,2,bottom,0,true,false,true,1,1.2
604,2,bottom,0,true,false,true,2,0.9
605,2,bottom,0,true,false,true,3,0.7
606,2,bottom,0,true,false,true,4,0.5
607,2,bottom,0,false,true,true,-4,1.5
608,2,bottom,0,false,true,true,-3,1.6
609,2,bottom,0,false,true,true,-2,1.6
610,2,bottom,0,false,true,true,-1,1.5
611,2,bottom,0,false,true,true,0,1.3
612,2,bottom,0,false,true,true,1,1.1
613,2,bottom,0,false,true,true,2,0.9
614,2,bottom,0,false,true,true,3,0.7
615,2,bottom,0,false,true,true,4,0.5
616,2,bottom,0,true,true,true,-4,2.3
617,2,bottom,0,true,true,true,-3,2.4
618,2,bottom,0,true,true,true,-2,2.4
619,2,bottom,0,true,true,true,-1,2.2
620,2,bottom,0,true,true,true,0,1.9
621,2,bottom,0,true,true,true,1,1.6
622,2,bottom,0,true,true,true,2,1.2
623,2,bottom,0,true,true,true,3,0.9
624,2,bottom,0,true,true,true,4,0.6
625,2,bottom,1,false,false,false,-4,0.5
626,2,bottom,1,false,false,false,-3,0.6
627,2,bottom,1,false,false,false,-2,0.7
628,2,bottom,1,false,false,false,-1,0.7
629,2,bottom,1,false,false,false,0,0.7
630,2,bottom,1,false,false,false,1,0.6
631,2,bottom,1,false,false,false,2,0.5
632,2,bottom,1,false,false,false,3,0.4
633,2,bottom,1,false,false,false,4,0.3
634,2,bottom,1,true,false,false,-4,1.0
635,2,bottom,1,true,false,false,-3,1.2
636,2,bottom,1,true,false,false,-2,1.3
637,2,bottom,1,true,false,false,-1,1.3
638,2,bottom,1,true,false,false,0,1.2
639,2,bottom,1,true,false,false,1,1.0
640,2,bottom,1,true,false,false,2,0.8
641,2,bottom,1,true,false,false,3,0.6
642,2,bottom,1,true,false,false,4,0.5
643,2,bottom,1,false,true,false,-4,1.0
644,2,bottom,1,false,true,false,-3,1.2
645,2,bottom,1,false,true,false,-2,1.3
646,2,bottom,1,false,true,false,-1,1.3
647,2,bottom,1,false,true,false,0,1.2
648,2,bottom,1,false,true,false,1,1.1
649,2,bottom,1,false,true,false,2,0.9
650,2,bottom,1,false,true,false,3,0.7
651,2,bottom,1,false,true,false,4,0.5
652,2,bottom,1,false,false,true,-4,1.0
653,2,bottom,1,false,false,true,-3,1.2
654,2,bottom,1,false,false,true,-2,1.3
655,2,bottom,1,false,false,true,-1,1.4
656,2,bottom,1,false,false,true,0,1.4
657,2,bottom,1,false,false,true,1,1.2
658,2,bottom,1,false,false,true,2,1.0
659,2,bottom,1,false,false,true,3,0.8
660,2,bottom,1,false,false,true,4,0.6
661,2,bottom,1,true,true,false,-4,1.7
662,2,bottom,1,true,true,false,-3,2.0
663,2,bottom,1,true,true,false,-2,2.1
664,2,bottom,1,true,true,false,-1,2.1
665,2,bottom,1,true,true,false,0,2.0
666,2,bottom,1,true,true,false,1,1.7
667,2,bottom,1,true,true,false,2,1.3
668,2,bottom,1,true,true,false,3,1.0
669,2,bottom,1,true,true,false,4,0.7
670,2,bottom,1,true,false,true,-4,1.5
671,2,bottom,1,true,false,true,-3,1.8
672,2,bottom,1,true,false,true,-2,1.9
673,2,bottom,1,true,false,true,-1,1.9
674,2,bottom,1,true,false,true,0,1.8
675,2,bottom,1,true,false,true,1,1.6
676,2,bottom,1,true,false,true,2,1.3
677,2,bottom,1,true,false,true,3,1.0
678,2,bottom,1,true,false,true,4,0.7
679,2,bottom,1,false,true,true,-4,1.4
680,2,bottom,1,false,true,true,-3,1.6
681,2,bottom,1,false,true,true,-2,1.7
682,2,bottom,1,false,true,true,-1,1.6
683,2,bottom,1,false,true,true,0,1.5
684,2,bottom,1,false,true,true,1,1.3
685,2,bottom,1,false,true,true,2,1.0
686,2,bottom,1,false,true,true,3,0.8
687,2,bottom,1,false,true,true,4,0.6
688,2,bottom,1,true,true,true,-4,2.5
689,2,bottom,1,true,true,true,-3,2.7
690,2,bottom,1,true,true,true,-2,2.8
691,2,bottom,1,true,true,true,-1,2.7
692,2,bottom,1,true,true,true,0,2.4
693,2,bottom,1,true,true,true,1,2.1
694,2,bottom,1,true,true,true,2,1.7
695,2,bottom,1,true,true,true,3,1.3
696,2,bottom,1,true,true,true,4,0.9
697,2,bottom,2,false,false,false,-4,0.3
698,2,bottom,2,false,false,false,-3,0.4
699,2,bottom,2,false,false,false,-2,0.4
700,2,bottom,2,false,false,false,-1,0.5
701,2,bottom,2,false,false,false,0,0.4
702,2,bottom,2,false,false,false,1,0.4
703,2,bottom,2,false,false,false,2,0.3
704,2,bottom,2,false,false,false,3,0.2
705,2,bottom,2,false,false,false,4,0.2
706,2,bottom,2,true,false,false,-4,0.6
707,2,bottom,2,true,false,false,-3,0.8
708,2,bottom,2,true,false,false,-2,0.9
709,2,bottom,2,true,false,false,-1,0.9
710,2,bottom,2,true,false,false,0,0.8
711,2,bottom,2,true,false,false,1,0.7
712,2,bottom,2,true,false,false,2,0.6
713,2,bottom,2,true,false,false,3,0.5
714,2,bottom,2,true,false,false,4,0.3
715,2,bottom,2,false,true,false,-4,0.8
716,2,bottom,2,false,true,false,-3,1.0
717,2,bottom,2,false,true,false,-2,1.2
718,2,bottom,2,false,true,false,-1,1.2
719,2,bottom,2,false,true,false,0,1.2
720,2,bottom,2,false,true,false,1,1.0
721,2,bottom,2,false,true,false,2,0.9
722,2,bottom,2,false,true,false,3,0.7
723,2,bottom,2,false,true,false,4,0.5
724,2,bottom,2,false,false,true,-4,1.0
725,2,bottom,2,false,false,true,-3,1.2
726,2,bottom,2,false,false,true,-2,1.3
727,2,bottom,2,false,false,true,-1,1.4
728,2,bottom,2,false,false,true,0,1.4
729,2,bottom,2,false,false,true,1,1.2
730,2,bottom,2,false,false,true,2,1.0
731,2,bottom,2,false,false,true,3,0.8
732,2,bottom,2,false,false,true,4,0.6
733,2,bottom,2,true,true,false,-4,1.3
734,2,bottom,2,true,true,false,-3,1.6
735,2,bottom,2,true,true,false,-2,1.8
736,2,bottom,2,true,true,false,-1,1.8
737,2,bottom,2,true,true,false,0,1.7
738,2,bottom,2,true,true,false,1,1.5
739,2,bottom,2,true,true,false,2,1.2
740,2,bottom,2,true,true,false,3,0.9
741,2,bottom,2,true,true,false,4,0.7
742,2,bottom,2,true,false,true,-4,1.4
743,2,bottom,2,true,false,true,-3,1.7
744,2,bottom,2,true,false,true,-2,1.9
745,2,bottom,2,true,false,true,-1,1.9
746,2,bottom,2,true,false,true,0,1.8
747,2,bottom,2,true,false,true,1,1.6
748,2,bottom,2,true,false,true,2,1.3
749,2,bottom,2,true,false,true,3,1.0
750,2,bottom,2,true,false,true,4,0.7
751,2,bottom,2,false,true,true,-4,1.6
752,2,bottom,2,false,true,true,-3,1.9
753,2,bottom,2,false,true,true,-2,2.1
754,2,bottom,2,false,true,true,-1,2.1
755,2,bottom,2,false,true,true,0,2.0
756,2,bottom,2,false,true,true,1,1.7
757,2,bottom,2,false,true,true,2,1.4
758,2,bottom,2,false,true,true,3,1.1
759,2,bottom,2,false,true,true,4,0.8
760,2,bottom,2,true,true,true,-4,2.5
761,2,bottom,2,true,true,true,-3,2.8
762,2,bottom,2,true,true,true,-2,3.1
763,2,bottom,2,true,true,true,-1,3.1
764,2,bottom,2,true,true,true,0,2.9
765,2,bottom,2,true,true,true,1,2.5
766,2,bottom,2,true,true,true,2,2.0
767,2,bottom,2,true,true,true,3,1.5
768,2,bottom,2,true,true,true,4,1.1
769,3,top,0,false,false,false,-4,0.4
770,3,top,0,false,false,false,-3,0.6
771,3,top,0,false,false,false,-2,0.7
772,3,top,0,false,false,false,-1,0.9
773,3,top,0,false,false,false,0,1.0
774,3,top,0,false,false,false,1,1.0
775,3,top,0,false,false,false,2,1.0
776,3,top,0,false,false,false,3,0.9
777,3,top,0,false,false,false,4,0.7
778,3,top,0,true,false,false,-4,0.6
779,3,top,0,true,false,false,-3,0.9
780,3,top,0,true,false,false,-2,1.1
781,3,top,0,true,false,false,-1,1.4
782,3,top,0,true,false,false,0,1.6
783,3,top,0,true,false,false,1,1.7
784,3,top,0,true,false,false,2,1.6
785,3,top,0,true,false,false,3,1.4
786,3,top,0,true,false,false,4,1.2
787,3,top,0,false,true,false,-4,0.5
788,3,top,0,false,true,false,-3,0.7
789,3,top,0,false,true,false,-2,0.9
790,3,top,0,false,true,false,-1,1.1
791,3,top,0,false,true,false,0,1.3
792,3,top,0,false,true,false,1,1.4
793,3,top,0,false,true,false,2,1.4
794,3,top,0,false,true,false,3,1.2
795,3,top,0,false,true,false,4,1.0
796,3,top,0,false,false,true,-4,0.4
797,3,top,0,false,false,true,-3,0.6
798,3,top,0,false,false,true,-2,0.8
799,3,top,0,false,false,true,-1,1.0
800,3,top,0,false,false,true,0,1.1
801,3,top,0,false,false,true,1,1.2
802,3,top,0,false,false,true,2,1.2
803,3,top,0,false,false,true,3,1.1
804,3,top,0,false,false,true,4,1.0
805,3,top,0,true,true,false,-4,0.8
806,3,top,0,true,true,false,-3,1.0
807,3,top,0,true,true,false,-2,1.4
808,3,top,0,true,true,false,-1,1.7
809,3,top,0,true,true,false,0,2.0
810,3,top,0,true,true,false,1,2.2
811,3,top,0,true,true,false,2,2.1
812,3,top,0,true,true,false,3,2.0
813,3,top,0,true,true,false,4,1.7
814,3,top,0,true,false,true,-4,0.6
815,3,top,0,true,false,true,-3,0.8
816,3,top,0,true,false,true,-2,1.1
817,3,top,0,true,false,true,-1,1.4
818,3,top,0,true,false,true,0,1.6
819,3,top,0,true,false,true,1,1.8
820,3,top,0,true,false,true,2,1.9
821,3,top,0,true,false,true,3,1.8
822,3,top,0,true,false,true,4,1.6
823,3,top,0,false,true,true,-4,0.5
824,3,top,0,false,true,true,-3,0.8
825,3,top,0,false,true,true,-2,1.0
826,3,top,0,false,true,true,-1,1.2
827,3,top,0,false,true,true,0,1.5
828,3,top,0,false,true,true,1,1.6
829,3,top,0,false,true,true,2,1.7
830,3,top,0,false,true,true,3,1.6
831,3,top,0,false,true,true,4,1.4
832,3,top,0,true,true,true,-4,0.7
833,3,top,0,true,true,true,-3,1.0
834,3,top,0,true,true,true,-2,1.4
835,3,top,0,true,true,true,-1,1.8
836,3,top,0,true,true,true,0,2.1
837,3,top,0,true,true,true,1,2.4
838,3,top,0,true,true,true,2,2.6
839,3,top,0,true,true,true,3,2.5
840,3,top,0,true,true,true,4,2.3
841,3,top,1,false,false,false,-4,0.3
842,3,top,1,false,false,false,-3,0.4
843,3,top,1,false,false,false,-2,0.5
844,3,top,1,false,false,false,-1,0.6
845,3,top,1,false,false,false,0,0.7
846,3,top,1,false,false,false,1,0.7
847,3,top,1,false,false,false,2,0.7
848,3,top,1,false,false,false,3,0.6
849,3,top,1,false,false,false,4,0.5
850,3,top,1,true,false,false,-4,0.5
851,3,top,1,true,false,false,-3,0.7
852,3,top,1,true,false,false,-2,1.0
853,3,top,1,true,false,false,-1,1.2
854,3,top,1,true,false,false,0,1.3
855,3,top,1,true,false,false,1,1.4
856,3,top,1,true,false,false,2,1.3
857,3,top,1,true,false,false,3,1.1
858,3,top,1,true,false,false,4,0.9
859,3,top,1,false,true,false,-4,0.6
860,3,top,1,false,true,false,-3,0.8
861,3,top,1,false,true,false,-2,1.0
862,3,top,1,false,true,false,-1,1.2
863,3,top,1,false,true,false,0,1.3
864,3,top,1,false,true,false,1,1.4
865,3,top,1,false,true,false,2,1.3
866,3,top,1,false,true,false,3,1.1
867,3,top,1,false,true,false,4,0.9
868,3,top,1,false,false,true,-4,0.6
869,3,top,1,false,false,true,-3,0.9
870,3,top,1,false,false,true,-2,1.1
871,3,top,1,false,false,true,-1,1.3
872,3,top,1,false,false,true,0,1.5
873,3,top,1,false,false,true,1,1.5
874,3,top,1,false,false,true,2,1.3
875,3,top,1,false,false,true,3,1.1
876,3,top,1,false,false,true,4,0.9
877,3,top,1,true,true,false,-4,0.9
878,3,top,1,true,true,false,-3,1.2
879,3,top,1,true,true,false,-2,1.5
880,3,top,1,true,true,false,-1,1.8
881,3,top,1,true,true,false,0,2.1
882,3,top,1,true,true,false,1,2.2
883,3,top,1,true,true,false,2,2.1
884,3,top,1,true,true,false,3,1.9
885,3,top,1,true,true,false,4,1.6
886,3,top,1,true,false,true,-4,0.8
887,3,top,1,true,false,true,-3,1.1
888,3,top,1,true,false,true,-2,1.4
889,3,top,1,true,false,true,-1,1.7
890,3,top,1,true,false,true,0,1.9
891,3,top,1,true,false,true,1,2.0
892,3,top,1,true,false,true,2,1.9
893,3,top,1,true,false,true,3,1.7
894,3,top,1,true,false,true,4,1.5
895,3,top,1,false,true,true,-4,0.7
896,3,top,1,false,true,true,-3,0.9
897,3,top,1,false,true,true,-2,1.2
898,3,top,1,false,true,true,-1,1.4
899,3,top,1,false,true,true,0,1.6
900,3,top,1,false,true,true,1,1.7
901,3,top,1,false,true,true,2,1.7
902,3,top,1,false,true,true,3,1.6
903,3,top,1,false,true,true,4,1.3
904,3,top,1,true,true,true,-4,1.1
905,3,top,1,true,true,true,-3,1.4
906,3,top,1,true,true,true,-2,1.9
907,3,top,1,true,true,true,-1,2.3
908,3,top,1,true,true,true,0,2.7
909,3,top,1,true,true,true,1,2.9
910,3,top,1,true,true,true,2,2.9
911,3,top,1,true,true,true,3,2.7
912,3,top,1,true,true,true,4,2.4
913,3,top,2,false,false,false,-4,0.2
914,3,top,2,false,false,false,-3,0.3
915,3,top,2,false,false,false,-2,0.4
916,3,top,2,false,false,false,-1,0.4
917,3,top,2,false,false,false,0,0.5
918,3,top,2,false,false,false,1,0.5
919,3,top,2,false,false,false,2,0.4
920,3,top,2,false,false,false,3,0.4
921,3,top,2,false,false,false,4,0.3
922,3,top,2,true,false,false,-4,0.4
923,3,top,2,true,false,false,-3,0.5
924,3,top,2,true,false,false,-2,0.7
925,3,top,2,true,false,false,-1,0.8
926,3,top,2,true,false,false,0,0.9
927,3,top,2,true,false,false,1,0.9
928,3,top,2,true,false,false,2,0.8
929,3,top,2,true,false,false,3,0.7
930,3,top,2,true,false,false,4,0.6
931,3,top,2,false,true,false,-4,0.6
932,3,top,2,false,true,false,-3,0.8
933,3,top,2,false,true,false,-2,1.0
934,3,top,2,false,true,false,-1,1.1
935,3,top,2,false,true,false,0,1.3
936,3,top,2,false,true,false,1,1.3
937,3,top,2,false,true,false,2,1.1
938,3,top,2,false,true,false,3,1.0
939,3,top,2,false,true,false,4,0.8
940,3,top,2,false,false,true,-4,0.7
941,3,top,2,false,false,true,-3,0.9
942,3,top,2,false,false,true,-2,1.1
943,3,top,2,false,false,true,-1,1.3
944,3,top,2,false,false,true,0,1.5
945,3,top,2,false,false,true,1,1.5
946,3,top,2,false,false,true,2,1.3
947,3,top,2,false,false,true,3,1.1
948,3,top,2,false,false,true,4,0.9
949,3,top,2,true,true,false,-4,0.8
950,3,top,2,true,true,false,-3,1.0
951,3,top,2,true,true,false,-2,1.3
952,3,top,2,true,true,false,-1,1.6
953,3,top,2,true,true,false,0,1.8
954,3,top,2,true,true,false,1,1.9
955,3,top,2,true,true,false,2,1.8
956,3,top,2,true,true,false,3,1.5
957,3,top,2,true,true,false,4,1.2
958,3,top,2,true,false,true,-4,0.8
959,3,top,2,true,false,true,-3,1.1
960,3,top,2,true,false,true,-2,1.4
961,3,top,2,true,false,true,-1,1.7
962,3,top,2,true,false,true,0,1.9
963,3,top,2,true,false,true,1,2.0
964,3,top,2,true,false,true,2,1.9
965,3,top,2,true,false,true,3,1.6
966,3,top,2,true,false,true,4,1.3
967,3,top,2,false,true,true,-4,0.9
968,3,top,2,false,true,true,-3,1.2
969,3,top,2,false,true,true,-2,1.6
970,3,top,2,false,true,true,-1,1.9
971,3,top,2,false,true,true,0,2.2
972,3,top,2,false,true,true,1,2.2
973,3,top,2,false,true,true,2,2.1
974,3,top,2,false,true,true,3,1.8
975,3,top,2,false,true,true,4,1.5
976,3,top,2,true,true,true,-4,1.3
977,3,top,2,true,true,true,-3,1.7
978,3,top,2,true,true,true,-2,2.2
979,3,top,2,true,true,true,-1,2.7
980,3,top,2,true,true,true,0,3.1
981,3,top,2,true,true,true,1,3.3
982,3,top,2,true,true,true,2,3.1
983,3,top,2,true,true,true,3,2.7
984,3,top,2,true,true,true,4,2.3
985,3,bottom,0,false,false,false,-4,0.8
986,3,bottom,0,false,false,false,-3,0.9
987,3,bottom,0,false,false,false,-2,1.0
988,3,bottom,0,false,false,false,-1,1.1
989,3,bottom,0,false,false,false,0,1.0
990,3,bottom,0,false,false,false,1,0.8
991,3,bottom,0,false,false,false,2,0.6
992,3,bottom,0,false,false,false,3,0.5
993,3,bottom,0,false,false,false,4,0.3
994,3,bottom,0,true,false,false,-4,1.3
995,3,bottom,0,true,false,false,-3,1.6
996,3,bottom,0,true,false,false,-2,1.7
997,3,bottom,0,true,false,false,-1,1.7
998,3,bottom,0,true,false,false,0,1.5
999,3,bottom,0,true,false,false,1,1.3
1000,3,bottom,0,true,false,false,2,1.0
1001,3,bottom,0,true,false,false,3,0.7
1002,3,bottom,0,true,false,false,4,0.5
1003,3,bottom,0,false,true,false,-4,1.2
1004,3,bottom,0,false,true,false,-3,1.3
1005,3,bottom,0,false,true,false,-2,1.5
1006,3,bottom,0,false,true,false,-1,1.4
1007,3,bottom,0,false,true,false,0,1.3
1008,3,bottom,0,false,true,false,1,1.1
1009,3,bottom,0,false,true,false,2,0.8
1010,3,bottom,0,false,true,false,3,0.6
1011,3,bottom,0,false,true,false,4,0.4
1012,3,bottom,0,false,false,true,-4,1.1
1013,3,bottom,0,false,false,true,-3,1.2
1014,3,bottom,0,false,false,true,-2,1.3
1015,3,bottom,0,false,false,true,-1,1.2
1016,3,bottom,0,false,false,true,0,1.1
1017,3,bottom,0,false,false,true,1,0.9
1018,3,bottom,0,false,false,true,2,0.7
1019,3,bottom,0,false,false,true,3,0.5
1020,3,bottom,0,false,false,true,4,0.3
1021,3,bottom,0,true,true,false,-4,1.9
1022,3,bottom,0,true,true,false,-3,2.1
1023,3,bottom,0,true,true,false,-2,2.3
1024,3,bottom,0,true,true,false,-1,2.2
1025,3,bottom,0,true,true,false,0,1.9
1026,3,bottom,0,true,true,false,1,1.6
1027,3,bottom,0,true,true,false,2,1.2
1028,3,bottom,0,true,true,false,3,0.9
1029,3,bottom,0,true,true,false,4,0.6
1030,3,bottom,0,true,false,true,-4,1.7
1031,3,bottom,0,true,false,true,-3,1.9
1032,3,bottom,0,true,false,true,-2,2.0
1033,3,bottom,0,true,false,true,-1,1.8
1034,3,bottom,0,true,false,true,0,1.5
1035,3,bottom,0,true,false,true,1,1.2
1036,3,bottom,0,true,false,true,2,0.9
1037,3,bottom,0,true,false,true,3,0.7
1038,3,bottom,0,true,false,true,4,0.4
1039,3,bottom,0,false,true,true,-4,1.6
1040,3,bottom,0,false,true,true,-3,1.7
1041,3,bottom,0,false,true,true,-2,1.8
1042,3,bottom,0,false,true,true,-1,1.6
1043,3,bottom,0,false,true,true,0,1.4
1044,3,bottom,0,false,true,true,1,1.1
1045,3,bottom,0,false,true,true,2,0.9
1046,3,bottom,0,false,true,true,3,0.6
1047,3,bottom,0,false,true,true,4,0.4
1048,3,bottom,0,true,true,true,-4,2.4
1049,3,bottom,0,true,true,true,-3,2.6
1050,3,bottom,0,true,true,true,-2,2.6
1051,3,bottom,0,true,true,true,-1,2.4
1052,3,bottom,0,true,true,true,0,2.0
1053,3,bottom,0,true,true,true,1,1.6
1054,3,bottom,0,true,true,true,2,1.2
1055,3,bottom,0,true,true,true,3,0.8
1056,3,bottom,0,true,true,true,4,0.6
1057,3,bottom,1,false,false,false,-4,0.5
1058,3,bottom,1,false,false,false,-3,0.7
1059,3,bottom,1,false,false,false,-2,0.7
1060,3,bottom,1,false,false,false,-1,0.8
1061,3,bottom,1,false,false,false,0,0.7
1062,3,bottom,1,false,false,false,1,0.6
1063,3,bottom,1,false,false,false,2,0.5
1064,3,bottom,1,false,false,false,3,0.4
1065,3,bottom,1,false,false,false,4,0.3
1066,3,bottom,1,true,false,false,-4,1.0
1067,3,bottom,1,true,false,false,-3,1.2
1068,3,bottom,1,true,false,false,-2,1.4
1069,3,bottom,1,true,false,false,-1,1.4
1070,3,bottom,1,true,false,false,0,1.3
1071,3,bottom,1,true,false,false,1,1.1
1072,3,bottom,1,true,false,false,2,0.8
1073,3,bottom,1,true,false,false,3,0.6
1074,3,bottom,1,true,false,false,4,0.4
1075,3,bottom,1,false,true,false,-4,1.0
1076,3,bottom,1,false,true,false,-3,1.3
1077,3,bottom,1,false,true,false,-2,1.4
1078,3,bottom,1,false,true,false,-1,1.4
1079,3,bottom,1,false,true,false,0,1.3
1080,3,bottom,1,false,true,false,1,1.1
1081,3,bottom,1,false,true,false,2,0.9
1082,3,bottom,1,false,true,false,3,0.6
1083,3,bottom,1,false,true,false,4,0.5
1084,3,bottom,1,false,false,true,-4,1.0
1085,3,bottom,1,false,false,true,-3,1.3
1086,3,bottom,1,false,false,true,-2,1.4
1087,3,bottom,1,false,false,true,-1,1.5
1088,3,bottom,1,false,false,true,0,1.5
1089,3,bottom,1,false,false,true,1,1.3
1090,3,bottom,1,false,false,true,2,1.0
1091,3,bottom,1,false,false,true,3,0.7
1092,3,bottom,1,false,false,true,4,0.5
1093,3,bottom,1,true,true,false,-4,1.8
1094,3,bottom,1,true,true,false,-3,2.1
1095,3,bottom,1,true,true,false,-2,2.3
1096,3,bottom,1,true,true,false,-1,2.3
1097,3,bottom,1,true,true,false,0,2.1
1098,3,bottom,1,true,true,false,1,1.7
1099,3,bottom,1,true,true,false,2,1.3
1100,3,bottom,1,true,true,false,3,1.0
1101,3,bottom,1,true,true,false,4,0.7
1102,3,bottom,1,true,false,true,-4,1.6
1103,3,bottom,1,true,false,true,-3,1.9
1104,3,bottom,1,true,false,true,-2,2.0
1105,3,bottom,1,true,false,true,-1,2.1
1106,3,bottom,1,true,false,true,0,1.9
1107,3,bottom,1,true,false,true,1,1.6
1108,3,bottom,1,true,false,true,2,1.3
1109,3,bottom,1,true,false,true,3,0.9
1110,3,bottom,1,true,false,true,4,0.7
1111,3,bottom,1,false,true,true,-4,1.5
1112,3,bottom,1,false,true,true,-3,1.7
1113,3,bottom,1,false,true,true,-2,1.8
1114,3,bottom,1,false,true,true,-1,1.7
1115,3,bottom,1,false,true,true,0,1.6
1116,3,bottom,1,false,true,true,1,1.3
1117,3,bottom,1,false,true,true,2,1.0
1118,3,bottom,1,false,true,true,3,0.8
1119,3,bottom,1,false,true,true,4,0.5
1120,3,bottom,1,true,true,true,-4,2.6
1121,3,bottom,1,true,true,true,-3,2.9
1122,3,bottom,1,true,true,true,-2,3.1
1123,3,bottom,1,true,true,true,-1,2.9
1124,3,bottom,1,true,true,true,0,2.6
1125,3,bottom,1,true,true,true,1,2.1
1126,3,bottom,1,true,true,true,2,1.6
1127,3,bottom,1,true,true,true,3,1.2
1128,3,bottom,1,true,true,true,4,0.8
1129,3,bottom,2,false,false,false,-4,0.3
1130,3,bottom,2,false,false,false,-3,0.4
1131,3,bottom,2,false,false,false,-2,0.5
1132,3,bottom,2,false,false,false,-1,0.5
1133,3,bottom,2,false,false,false,0,0.5
1134,3,bottom,2,false,false,false,1,0.4
1135,3,bottom,2,false,false,false,2,0.3
1136,3,bottom,2,false,false,false,3,0.2
1137,3,bottom,2,false,false,false,4,0.2
1138,3,bottom,2,true,false,false,-4,0.6
1139,3,bottom,2,true,false,false,-3,0.8
1140,3,bottom,2,true,false,false,-2,0.9
1141,3,bottom,2,true,false,false,-1,1.0
1142,3,bottom,2,true,false,false,0,0.9
1143,3,bottom,2,true,false,false,1,0.8
1144,3,bottom,2,true,false,false,2,0.6
1145,3,bottom,2,true,false,false,3,0.5
1146,3,bottom,2,true,false,false,4,0.3
1147,3,bottom,2,false,true,false,-4,0.9
1148,3,bottom,2,false,true,false,-3,1.1
1149,3,bottom,2,false,true,false,-2,1.3
1150,3,bottom,2,false,true,false,-1,1.3
1151,3,bottom,2,false,true,false,0,1.3
1152,3,bottom,2,false,true,false,1,1.1
1153,3,bottom,2,false,true,false,2,0.9
1154,3,bottom,2,false,true,false,3,0.6
1155,3,bottom,2,false,true,false,4,0.5
1156,3,bottom,2,false,false,true,-4,1.0
1157,3,bottom,2,false,false,true,-3,1.2
1158,3,bottom,2,false,false,true,-2,1.4
1159,3,bottom,2,false,false,true,-1,1.6
1160,3,bottom,2,false,false,true,0,1.5
1161,3,bottom,2,false,false,true,1,1.3
1162,3,bottom,2,false,false,true,2,1.0
1163,3,bottom,2,false,false,true,3,0.8
1164,3,bottom,2,false,false,true,4,0.5
1165,3,bottom,2,true,true,false,-4,1.4
1166,3,bottom,2,true,true,false,-3,1.7
1167,3,bottom,2,true,true,false,-2,1.9
1168,3,bottom,2,true,true,false,-1,2.0
1169,3,bottom,2,true,true,false,0,1.8
1170,3,bottom,2,true,true,false,1,1.5
1171,3,bottom,2,true,true,false,2,1.2
1172,3,bottom,2,true,true,false,3,0.9
1173,3,bottom,2,true,true,false,4,0.6
1174,3,bottom,2,true,false,true,-4,1.4
1175,3,bottom,2,true,false,true,-3,1.8
1176,3,bottom,2,true,false,true,-2,2.0
1177,3,bottom,2,true,false,true,-1,2.1
1178,3,bottom,2,true,false,true,0,1.9
1179,3,bottom,2,true,false,true,1,1.6
1180,3,bottom,2,true,false,true,2,1.3
1181,3,bottom,2,true,false,true,3,1.0
1182,3,bottom,2,true,false,true,4,0.7
1183,3,bottom,2,false,true,true,-4,1.6
1184,3,bottom,2,false,true,true,-3,2.0
1185,3,bottom,2,false,true,true,-2,2.3
1186,3,bottom,2,false,true,true,-1,2.3
1187,3,bottom,2,false,true,true,0,2.2
1188,3,bottom,2,false,true,true,1,1.8
1189,3,bottom,2,false,true,true,2,1.4
1190,3,bottom,2,false,true,true,3,1.0
1191,3,bottom,2,false,true,true,4,0.7
1192,3,bottom,2,true,true,true,-4,2.5
1193,3,bottom,2,true,true,true,-3,3.0
1194,3,bottom,2,true,true,true,-2,3.3
1195,3,bottom,2,true,true,true,-1,3.4
1196,3,bottom,2,true,true,true,0,3.1
1197,3,bottom,2,true,true,true,1,2.5
1198,3,bottom,2,true,true,true,2,2.0
1199,3,bottom,2,true,true,true,3,1.5
1200,3,bottom,2,true,true,true,4,1.0
1201,4,top,0,false,false,false,-4,0.4
1202,4,top,0,false,false,false,-3,0.5
1203,4,top,0,false,false,false,-2,0.7
1204,4,top,0,false,false,false,-1,0.9
1205,4,top,0,false,false,false,0,1.1
1206,4,top,0,false,false,false,1,1.1
1207,4,top,0,false,false,false,2,1.1
1208,4,top,0,false,false,false,3,0.9
1209,4,top,0,false,false,false,4,0.7
1210,4,top,0,true,false,false,-4,0.6
1211,4,top,0,true,false,false,-3,0.8
1212,4,top,0,true,false,false,-2,1.1
1213,4,top,0,true,false,false,-1,1.4
1214,4,top,0,true,false,false,0,1.7
1215,4,top,0,true,false,false,1,1.8
1216,4,top,0,true,false,false,2,1.7
1217,4,top,0,true,false,false,3,1.5
1218,4,top,0,true,false,false,4,1.2
1219,4,top,0,false,true,false,-4,0.5
1220,4,top,0,false,true,false,-3,0.7
1221,4,top,0,false,true,false,-2,0.9
1222,4,top,0,false,true,false,-1,1.2
1223,4,top,0,false,true,false,0,1.4
1224,4,top,0,false,true,false,1,1.5
1225,4,top,0,false,true,false,2,1.5
1226,4,top,0,false,true,false,3,1.3
1227,4,top,0,false,true,false,4,1.1
1228,4,top,0,false,false,true,-4,0.4
1229,4,top,0,false,false,true,-3,0.6
1230,4,top,0,false,false,true,-2,0.8
1231,4,top,0,false,false,true,-1,1.0
1232,4,top,0,false,false,true,0,1.2
1233,4,top,0,false,false,true,1,1.3
1234,4,top,0,false,false,true,2,1.3
1235,4,top,0,false,false,true,3,1.2
1236,4,top,0,false,false,true,4,1.0
1237,4,top,0,true,true,false,-4,0.7
1238,4,top,0,true,true,false,-3,1.0
1239,4,top,0,true,true,false,-2,1.4
1240,4,top,0,true,true,false,-1,1.8
1241,4,top,0,true,true,false,0,2.1
1242,4,top,0,true,true,false,1,2.3
1243,4,top,0,true,true,false,2,2.3
1244,4,top,0,true,true,false,3,2.1
1245,4,top,0,true,true,false,4,1.8
1246,4,top,0,true,false,true,-4,0.5
1247,4,top,0,true,false,true,-3,0.8
1248,4,top,0,true,false,true,-2,1.0
1249,4,top,0,true,false,true,-1,1.4
1250,4,top,0,true,false,true,0,1.7
1251,4,top,0,true,false,true,1,2.0
1252,4,top,0,true,false,true,2,2.1
1253,4,top,0,true,false,true,3,1.9
1254,4,top,0,true,false,true,4,1.7
1255,4,top,0,false,true,true,-4,0.5
1256,4,top,0,false,true,true,-3,0.7
1257,4,top,0,false,true,true,-2,1.0
1258,4,top,0,false,true,true,-1,1.3
1259,4,top,0,false,true,true,0,1.6
1260,4,top,0,false,true,true,1,1.8
1261,4,top,0,false,true,true,2,1.8
1262,4,top,0,false,true,true,3,1.7
1263,4,top,0,false,true,true,4,1.5
1264,4,top,0,true,true,true,-4,0.7
1265,4,top,0,true,true,true,-3,1.0
1266,4,top,0,true,true,true,-2,1.4
1267,4,top,0,true,true,true,-1,1.8
1268,4,top,0,true,true,true,0,2.2
1269,4,top,0,true,true,true,1,2.6
1270,4,top,0,true,true,true,2,2.8
1271,4,top,0,true,true,true,3,2.7
1272,4,top,0,true,true,true,4,2.4
1273,4,top,1,false,false,false,-4,0.3
1274,4,top,1,false,false,false,-3,0.4
1275,4,top,1,false,false,false,-2,0.5
1276,4,top,1,false,false,false,-1,0.7
1277,4,top,1,false,false,false,0,0.8
1278,4,top,1,false,false,false,1,0.8
1279,4,top,1,false,false,false,2,0.7
1280,4,top,1,false,false,false,3,0.6
1281,4,top,1,false,false,false,4,0.5
1282,4,top,1,true,false,false,-4,0.5
1283,4,top,1,true,false,false,-3,0.7
1284,4,top,1,true,false,false,-2,1.0
1285,4,top,1,true,false,false,-1,1.2
1286,4,top,1,true,false,false,0,1.4
1287,4,top,1,true,false,false,1,1.5
1288,4,top,1,true,false,false,2,1.4
1289,4,top,1,true,false,false,3,1.2
1290,4,top,1,true,false,false,4,0.9
1291,4,top,1,false,true,false,-4,0.5
1292,4,top,1,false,true,false,-3,0.7
1293,4,top,1,false,true,false,-2,1.0
1294,4,top,1,false,true,false,-1,1.2
1295,4,top,1,false,true,false,0,1.5
1296,4,top,1,false,true,false,1,1.5
1297,4,top,1,false,true,false,2,1.4
1298,4,top,1,false,true,false,3,1.2
1299,4,top,1,false,true,false,4,0.9
1300,4,top,1,false,false,true,-4,0.6
1301,4,top,1,false,false,true,-3,0.9
1302,4,top,1,false,false,true,-2,1.1
1303,4,top,1,false,false,true,-1,1.4
1304,4,top,1,false,false,true,0,1.6
1305,4,top,1,false,false,true,1,1.6
1306,4,top,1,false,false,true,2,1.4
1307,4,top,1,false,false,true,3,1.2
1308,4,top,1,false,false,true,4,0.9
1309,4,top,1,true,true,false,-4,0.8
1310,4,top,1,true,true,false,-3,1.1
1311,4,top,1,true,true,false,-2,1.5
1312,4,top,1,true,true,false,-1,1.9
1313,4,top,1,true,true,false,0,2.3
1314,4,top,1,true,true,false,1,2.4
1315,4,top,1,true,true,false,2,2.3
1316,4,top,1,true,true,false,3,2.0
1317,4,top,1,true,true,false,4,1.6
1318,4,top,1,true,false,true,-4,0.8
1319,4,top,1,true,false,true,-3,1.1
1320,4,top,1,true,false,true,-2,1.4
1321,4,top,1,true,false,true,-1,1.8
1322,4,top,1,true,false,true,0,2.1
1323,4,top,1,true,false,true,1,2.2
1324,4,top,1,true,false,true,2,2.1
1325,4,top,1,true,false,true,3,1.8
1326,4,top,1,true,false,true,4,1.5
1327,4,top,1,false,true,true,-4,0.6
1328,4,top,1,false,true,true,-3,0.9
1329,4,top,1,false,true,true,-2,1.2
1330,4,top,1,false,true,true,-1,1.5
1331,4,top,1,false,true,true,0,1.7
1332,4,top,1,false,true,true,1,1.9
1333,4,top,1,false,true,true,2,1.9
1334,4,top,1,false,true,true,3,1.7
1335,4,top,1,false,true,true,4,1.4
1336,4,top,1,true,true,true,-4,1.0
1337,4,top,1,true,true,true,-3,1.4
1338,4,top,1,true,true,true,-2,1.9
1339,4,top,1,true,true,true,-1,2.4
1340,4,top,1,true,true,true,0,2.9
1341,4,top,1,true,true,true,1,3.1
1342,4,top,1,true,true,true,2,3.2
1343,4,top,1,true,true,true,3,2.9
1344,4,top,1,true,true,true,4,2.4
1345,4,top,2,false,false,false,-4,0.2
1346,4,top,2,false,false,false,-3,0.3
1347,4,top,2,false,false,false,-2,0.4
1348,4,top,2,false,false,false,-1,0.5
1349,4,top,2,false,false,false,0,0.5
1350,4,top,2,false,false,false,1,0.5
1351,4,top,2,false,false,false,2,0.5
1352,4,top,2,false,false,false,3,0.4
1353,4,top,2,false,false,false,4,0.3
1354,4,top,2,true,false,false,-4,0.4
1355,4,top,2,true,false,false,-3,0.5
1356,4,top,2,true,false,false,-2,0.7
1357,4,top,2,true,false,false,-1,0.9
1358,4,top,2,true,false,false,0,1.0
1359,4,top,2,true,false,false,1,1.0
1360,4,top,2,true,false,false,2,0.9
1361,4,top,2,true,false,false,3,0.7
1362,4,top,2,true,false,false,4,0.6
1363,4,top,2,false,true,false,-4,0.5
1364,4,top,2,false,true,false,-3,0.7
1365,4,top,2,false,true,false,-2,1.0
1366,4,top,2,false,true,false,-1,1.2
1367,4,top,2,false,true,false,0,1.4
1368,4,top,2,false,true,false,1,1.4
1369,4,top,2,false,true,false,2,1.2
1370,4,top,2,false,true,false,3,1.0
1371,4,top,2,false,true,false,4,0.7
1372,4,top,2,false,false,true,-4,0.6
1373,4,top,2,false,false,true,-3,0.9
1374,4,top,2,false,false,true,-2,1.2
1375,4,top,2,false,false,true,-1,1.4
1376,4,top,2,false,false,true,0,1.6
1377,4,top,2,false,false,true,1,1.6
1378,4,top,2,false,false,true,2,1.4
1379,4,top,2,false,false,true,3,1.1
1380,4,top,2,false,false,true,4,0.8
1381,4,top,2,true,true,false,-4,0.7
1382,4,top,2,true,true,false,-3,1.0
1383,4,top,2,true,true,false,-2,1.4
1384,4,top,2,true,true,false,-1,1.7
1385,4,top,2,true,true,false,0,2.0
1386,4,top,2,true,true,false,1,2.1
1387,4,top,2,true,true,false,2,1.9
1388,4,top,2,true,true,false,3,1.6
1389,4,top,2,true,true,false,4,1.2
1390,4,top,2,true,false,true,-4,0.8
1391,4,top,2,true,false,true,-3,1.1
1392,4,top,2,true,false,true,-2,1.5
1393,4,top,2,true,false,true,-1,1.8
1394,4,top,2,true,false,true,0,2.1
1395,4,top,2,true,false,true,1,2.2
1396,4,top,2,true,false,true,2,2.0
1397,4,top,2,true,false,true,3,1.7
1398,4,top,2,true,false,true,4,1.3
1399,4,top,2,false,true,true,-4,0.9
1400,4,top,2,false,true,true,-3,1.2
1401,4,top,2,false,true,true,-2,1.6
1402,4,top,2,false,true,true,-1,2.0
1403,4,top,2,false,true,true,0,2.4
1404,4,top,2,false,true,true,1,2.5
1405,4,top,2,false,true,true,2,2.3
1406,4,top,2,false,true,true,3,1.9
1407,4,top,2,false,true,true,4,1.5
1408,4,top,2,true,true,true,-4,1.2
1409,4,top,2,true,true,true,-3,1.7
1410,4,top,2,true,true,true,-2,2.3
1411,4,top,2,true,true,true,-1,2.9
1412,4,top,2,true,true,true,0,3.4
1413,4,top,2,true,true,true,1,3.6
1414,4,top,2,true,true,true,2,3.4
1415,4,top,2,true,true,true,3,2.9
1416,4,top,2,true,true,true,4,2.3
1417,4,bottom,0,false,false,false,-4,0.8
1418,4,bottom,0,false,false,false,-3,1.0
1419,4,bottom,0,false,false,false,-2,1.1
1420,4,bottom,0,false,false,false,-1,1.2
1421,4,bottom,0,false,false,false,0,1.1
1422,4,bottom,0,false,false,false,1,0.9
1423,4,bottom,0,false,false,false,2,0.6
1424,4,bottom,0,false,false,false,3,0.4
1425,4,bottom,0,false,false,false,4,0.3
1426,4,bottom,0,true,false,false,-4,1.4
1427,4,bottom,0,true,false,false,-3,1.7
1428,4,bottom,0,true,false,false,-2,1.9
1429,4,bottom,0,true,false,false,-1,1.9
1430,4,bottom,0,true,false,false,0,1.7
1431,4,bottom,0,true,false,false,1,1.3
1432,4,bottom,0,true,false,false,2,1.0
1433,4,bottom,0,true,false,false,3,0.7
1434,4,bottom,0,true,false,false,4,0.5
1435,4,bottom,0,false,true,false,-4,1.2
1436,4,bottom,0,false,true,false,-3,1.4
1437,4,bottom,0,false,true,false,-2,1.6
1438,4,bottom,0,false,true,false,-1,1.6
1439,4,bottom,0,false,true,false,0,1.4
1440,4,bottom,0,false,true,false,1,1.1
1441,4,bottom,0,false,true,false,2,0.8
1442,4,bottom,0,false,true,false,3,0.5
1443,4,bottom,0,false,true,false,4,0.4
1444,4,bottom,0,false,false,true,-4,1.1
1445,4,bottom,0,false,false,true,-3,1.3
1446,4,bottom,0,false,false,true,-2,1.4
1447,4,bottom,0,false,false,true,-1,1.4
1448,4,bottom,0,false,false,true,0,1.1
1449,4,bottom,0,false,false,true,1,0.9
1450,4,bottom,0,false,false,true,2,0.6
1451,4,bottom,0,false,false,true,3,0.4
1452,4,bottom,0,false,false,true,4,0.3
1453,4,bottom,0,true,true,false,-4,2.0
1454,4,bottom,0,true,true,false,-3,2.3
1455,4,bottom,0,true,true,false,-2,2.5
1456,4,bottom,0,true,true,false,-1,2.4
1457,4,bottom,0,true,true,false,0,2.0
1458,4,bottom,0,true,true,false,1,1.6
1459,4,bottom,0,true,true,false,2,1.1
1460,4,bottom,0,true,true,false,3,0.8
1461,4,bottom,0,true,true,false,4,0.5
1462,4,bottom,0,true,false,true,-4,1.8
1463,4,bottom,0,true,false,true,-3,2.1
1464,4,bottom,0,true,false,true,-2,2.1
1465,4,bottom,0,true,false,true,-1,2.0
1466,4,bottom,0,true,false,true,0,1.6
1467,4,bottom,0,true,false,true,1,1.2
1468,4,bottom,0,true,false,true,2,0.9
1469,4,bottom,0,true,false,true,3,0.6
1470,4,bottom,0,true,false,true,4,0.4
1471,4,bottom,0,false,true,true,-4,1.7
1472,4,bottom,0,false,true,true,-3,1.9
1473,4,bottom,0,false,true,true,-2,1.9
1474,4,bottom,0,false,true,true,-1,1.8
1475,4,bottom,0,false,true,true,0,1.5
1476,4,bottom,0,false,true,true,1,1.1
1477,4,bottom,0,false,true,true,2,0.8
1478,4,bottom,0,false,true,true,3,0.6
1479,4,bottom,0,false,true,true,4,0.4
1480,4,bottom,0,true,true,true,-4,2.6
1481,4,bottom,0,true,true,true,-3,2.8
1482,4,bottom,0,true,true,true,-2,2.8
1483,4,bottom,0,true,true,true,-1,2.6
1484,4,bottom,0,true,true,true,0,2.1
1485,4,bottom,0,true,true,true,1,1.6
1486,4,bottom,0,true,true,true,2,1.1
1487,4,bottom,0,true,true,true,3,0.8
1488,4,bottom,0,true,true,true,4,0.5
1489,4,bottom,1,false,false,false,-4,0.5
1490,4,bottom,1,false,false,false,-3,0.7
1491,4,bottom,1,false,false,false,-2,0.8
1492,4,bottom,1,false,false,false,-1,0.9
1493,4,bottom,1,false,false,false,0,0.8
1494,4,bottom,1,false,false,false,1,0.6
1495,4,bottom,1,false,false,false,2,0.5
1496,4,bottom,1,false,false,false,3,0.3
1497,4,bottom,1,false,false,false,4,0.2
1498,4,bottom,1,true,false,false,-4,1.0
1499,4,bottom,1,true,false,false,-3,1.3
1500,4,bottom,1,true,false,false,-2,1.5
1501,4,bottom,1,true,false,false,-1,1.6
1502,4,bottom,1,true,false,false,0,1.4
1503,4,bottom,1,true,false,false,1,1.1
1504,4,bottom,1,true,false,false,2,0.8
1505,4,bottom,1,true,false,false,3,0.6
1506,4,bottom,1,true,false,false,4,0.4
1507,4,bottom,1,false,true,false,-4,1.1
1508,4,bottom,1,false,true,false,-3,1.3
1509,4,bottom,1,false,true,false,-2,1.5
1510,4,bottom,1,false,true,false,-1,1.6
1511,4,bottom,1,false,true,false,0,1.4
1512,4,bottom,1,false,true,false,1,1.2
1513,4,bottom,1,false,true,false,2,0.9
1514,4,bottom,1,false,true,false,3,0.6
1515,4,bottom,1,false,true,false,4,0.4
1516,4,bottom,1,false,false,true,-4,1.0
1517,4,bottom,1,false,false,true,-3,1.3
1518,4,bottom,1,false,false,true,-2,1.6
1519,4,bottom,1,false,false,true,-1,1.7
1520,4,bottom,1,false,false,true,0,1.6
1521,4,bottom,1,false,false,true,1,1.3
1522,4,bottom,1,false,false,true,2,1.0
1523,4,bottom,1,false,false,true,3,0.7
1524,4,bottom,1,false,false,true,4,0.5
1525,4,bottom,1,true,true,false,-4,1.8
1526,4,bottom,1,true,true,false,-3,2.2
1527,4,bottom,1,true,true,false,-2,2.5
1528,4,bottom,1,true,true,false,-1,2.5
1529,4,bottom,1,true,true,false,0,2.2
1530,4,bottom,1,true,true,false,1,1.8
1531,4,bottom,1,true,true,false,2,1.3
1532,4,bottom,1,true,true,false,3,0.9
1533,4,bottom,1,true,true,false,4,0.6
1534,4,bottom,1,true,false,true,-4,1.7
1535,4,bottom,1,true,false,true,-3,2.0
1536,4,bottom,1,true,false,true,-2,2.2
1537,4,bottom,1,true,false,true,-1,2.3
1538,4,bottom,1,true,false,true,0,2.1
1539,4,bottom,1,true,false,true,1,1.7
1540,4,bottom,1,true,false,true,2,1.3
1541,4,bottom,1,true,false,true,3,0.9
1542,4,bottom,1,true,false,true,4,0.6
1543,4,bottom,1,false,true,true,-4,1.6
1544,4,bottom,1,false,true,true,-3,1.8
1545,4,bottom,1,false,true,true,-2,2.0
1546,4,bottom,1,false,true,true,-1,1.9
1547,4,bottom,1,false,true,true,0,1.7
1548,4,bottom,1,false,true,true,1,1.4
1549,4,bottom,1,false,true,true,2,1.0
1550,4,bottom,1,false,true,true,3,0.7
1551,4,bottom,1,false,true,true,4,0.5
1552,4,bottom,1,true,true,true,-4,2.7
1553,4,bottom,1,true,true,true,-3,3.2
1554,4,bottom,1,true,true,true,-2,3.3
1555,4,bottom,1,true,true,true,-1,3.2
1556,4,bottom,1,true,true,true,0,2.8
1557,4,bottom,1,true,true,true,1,2.2
1558,4,bottom,1,true,true,true,2,1.6
1559,4,bottom,1,true,true,true,3,1.1
1560,4,bottom,1,true,true,true,4,0.7
1561,4,bottom,2,false,false,false,-4,0.3
1562,4,bottom,2,false,false,false,-3,0.4
1563,4,bottom,2,false,false,false,-2,0.5
1564,4,bottom,2,false,false,false,-1,0.6
1565,4,bottom,2,false,false,false,0,0.5
1566,4,bottom,2,false,false,false,1,0.4
1567,4,bottom,2,false,false,false,2,0.3
1568,4,bottom,2,false,false,false,3,0.2
1569,4,bottom,2,false,false,false,4,0.2
1570,4,bottom,2,true,false,false,-4,0.7
1571,4,bottom,2,true,false,false,-3,0.8
1572,4,bottom,2,true,false,false,-2,1.0
1573,4,bottom,2,true,false,false,-1,1.1
1574,4,bottom,2,true,false,false,0,1.0
1575,4,bottom,2,true,false,false,1,0.8
1576,4,bottom,2,true,false,false,2,0.6
1577,4,bottom,2,true,false,false,3,0.4
1578,4,bottom,2,true,false,false,4,0.3
1579,4,bottom,2,false,true,false,-4,0.9
1580,4,bottom,2,false,true,false,-3,1.1
1581,4,bottom,2,false,true,false,-2,1.4
1582,4,bottom,2,false,true,false,-1,1.5
1583,4,bottom,2,false,true,false,0,1.4
1584,4,bottom,2,false,true,false,1,1.1
1585,4,bottom,2,false,true,false,2,0.9
1586,4,bottom,2,false,true,false,3,0.6
1587,4,bottom,2,false,true,false,4,0.4
1588,4,bottom,2,false,false,true,-4,1.0
1589,4,bottom,2,false,false,true,-3,1.3
1590,4,bottom,2,false,false,true,-2,1.6
1591,4,bottom,2,false,false,true,-1,1.7
1592,4,bottom,2,false,false,true,0,1.6
1593,4,bottom,2,false,false,true,1,1.3
1594,4,bottom,2,false,false,true,2,1.0
1595,4,bottom,2,false,false,true,3,0.7
1596,4,bottom,2,false,false,true,4,0.5
1597,4,bottom,2,true,true,false,-4,1.4
1598,4,bottom,2,true,true,false,-3,1.8
1599,4,bottom,2,true,true,false,-2,2.1
1600,4,bottom,2,true,true,false,-1,2.2
1601,4,bottom,2,true,true,false,0,2.0
1602,4,bottom,2,true,true,false,1,1.6
1603,4,bottom,2,true,true,false,2,1.2
1604,4,bottom,2,true,true,false,3,0.8
1605,4,bottom,2,true,true,false,4,0.6
1606,4,bottom,2,true,false,true,-4,1.5
1607,4,bottom,2,true,false,true,-3,1.9
1608,4,bottom,2,true,false,true,-2,2.2
1609,4,bottom,2,true,false,true,-1,2.3
1610,4,bottom,2,true,false,true,0,2.1
1611,4,bottom,2,true,false,true,1,1.7
1612,4,bottom,2,true,false,true,2,1.3
1613,4,bottom,2,true,false,true,3,0.9
1614,4,bottom,2,true,false,true,4,0.6
1615,4,bottom,2,false,true,true,-4,1.7
1616,4,bottom,2,false,true,true,-3,2.1
1617,4,bottom,2,false,true,true,-2,2.5
1618,4,bottom,2,false,true,true,-1,2.6
1619,4,bottom,2,false,true,true,0,2.3
1620,4,bottom,2,false,true,true,1,1.9
1621,4,bottom,2,false,true,true,2,1.4
1622,4,bottom,2,false,true,true,3,1.0
1623,4,bottom,2,false,true,true,4,0.7
1624,4,bottom,2,true,true,true,-4,2.6
1625,4,bottom,2,true,true,true,-3,3.2
1626,4,bottom,2,true,true,true,-2,3.6
1627,4,bottom,2,true,true,true,-1,3.7
1628,4,bottom,2,true,true,true,0,3.3
1629,4,bottom,2,true,true,true,1,2.6
1630,4,bottom,2,true,true,true,2,1.9
1631,4,bottom,2,true,true,true,3,1.4
1632,4,bottom,2,true,true,true,4,0.9
1633,5,top,0,false,false,false,-4,0.4
1634,5,top,0,false,false,false,-3,0.5
1635,5,top,0,false,false,false,-2,0.7
1636,5,top,0,false,false,false,-1,1.0
1637,5,top,0,false,false,false,0,1.2
1638,5,top,0,false,false,false,1,1.3
1639,5,top,0,false,false,false,2,1.1
1640,5,top,0,false,false,false,3,0.9
1641,5,top,0,false,false,false,4,0.7
1642,5,top,0,true,false,false,-4,0.5
1643,5,top,0,true,false,false,-3,0.8
1644,5,top,0,true,false,false,-2,1.1
1645,5,top,0,true,false,false,-1,1.5
1646,5,top,0,true,false,false,0,1.9
1647,5,top,0,true,false,false,1,2.0
1648,5,top,0,true,false,false,2,1.9
1649,5,top,0,true,false,false,3,1.6
1650,5,top,0,true,false,false,4,1.2
1651,5,top,0,false,true,false,-4,0.4
1652,5,top,0,false,true,false,-3,0.6
1653,5,top,0,false,true,false,-2,0.9
1654,5,top,0,false,true,false,-1,1.2
1655,5,top,0,false,true,false,0,1.5
1656,5,top,0,false,true,false,1,1.7
1657,5,top,0,false,true,false,2,1.6
1658,5,top,0,false,true,false,3,1.4
1659,5,top,0,false,true,false,4,1.1
1660,5,top,0,false,false,true,-4,0.3
1661,5,top,0,false,false,true,-3,0.5
1662,5,top,0,false,false,true,-2,0.7
1663,5,top,0,false,false,true,-1,1.0
1664,5,top,0,false,false,true,0,1.3
1665,5,top,0,false,false,true,1,1.5
1666,5,top,0,false,false,true,2,1.5
1667,5,top,0,false,false,true,3,1.3
1668,5,top,0,false,false,true,4,1.1
1669,5,top,0,true,true,false,-4,0.6
1670,5,top,0,true,true,false,-3,0.9
1671,5,top,0,true,true,false,-2,1.3
1672,5,top,0,true,true,false,-1,1.8
1673,5,top,0,true,true,false,0,2.3
1674,5,top,0,true,true,false,1,2.6
1675,5,top,0,true,true,false,2,2.5
1676,5,top,0,true,true,false,3,2.3
1677,5,top,0,true,true,false,4,1.8
1678,5,top,0,true,false,true,-4,0.5
1679,5,top,0,true,false,true,-3,0.7
1680,5,top,0,true,false,true,-2,1.0
1681,5,top,0,true,false,true,-1,1.4
1682,5,top,0,true,false,true,0,1.8
1683,5,top,0,true,false,true,1,2.2
1684,5,top,0,true,false,true,2,2.3
1685,5,top,0,true,false,true,3,2.1
1686,5,top,0,true,false,true,4,1.7
1687,5,top,0,false,true,true,-4,0.4
1688,5,top,0,false,true,true,-3,0.7
1689,5,top,0,false,true,true,-2,1.0
1690,5,top,0,false,true,true,-1,1.3
1691,5,top,0,false,true,true,0,1.7
1692,5,top,0,false,true,true,1,1.9
1693,5,top,0,false,true,true,2,2.0
1694,5,top,0,false,true,true,3,1.9
1695,5,top,0,false,true,true,4,1.6
1696,5,top,0,true,true,true,-4,0.6
1697,5,top,0,true,true,true,-3,0.9
1698,5,top,0,true,true,true,-2,1.3
1699,5,top,0,true,true,true,-1,1.8
1700,5,top,0,true,true,true,0,2.4
1701,5,top,0,true,true,true,1,2.8
1702,5,top,0,true,true,true,2,3.0
1703,5,top,0,true,true,true,3,2.9
1704,5,top,0,true,true,true,4,2.5
1705,5,top,1,false,false,false,-4,0.3
1706,5,top,1,false,false,false,-3,0.4
1707,5,top,1,false,false,false,-2,0.6
1708,5,top,1,false,false,false,-1,0.7
1709,5,top,1,false,false,false,0,0.9
1710,5,top,1,false,false,false,1,0.9
1711,5,top,1,false,false,false,2,0.8
1712,5,top,1,false,false,false,3,0.6
1713,5,top,1,false,false,false,4,0.5
1714,5,top,1,true,false,false,-4,0.5
1715,5,top,1,true,false,false,-3,0.7
1716,5,top,1,true,false,false,-2,1.0
1717,5,top,1,true,false,false,-1,1.3
1718,5,top,1,true,false,false,0,1.6
1719,5,top,1,true,false,false,1,1.7
1720,5,top,1,true,false,false,2,1.5
1721,5,top,1,true,false,false,3,1.2
1722,5,top,1,true,false,false,4,0.9
1723,5,top,1,false,true,false,-4,0.5
1724,5,top,1,false,true,false,-3,0.7
1725,5,top,1,false,true,false,-2,1.0
1726,5,top,1,false,true,false,-1,1.3
1727,5,top,1,false,true,false,0,1.6
1728,5,top,1,false,true,false,1,1.7
1729,5,top,1,false,true,false,2,1.5
1730,5,top,1,false,true,false,3,1.2
1731,5,top,1,false,true,false,4,0.9
1732,5,top,1,false,false,true,-4,0.6
1733,5,top,1,false,false,true,-3,0.8
1734,5,top,1,false,false,true,-2,1.1
1735,5,top,1,false,false,true,-1,1.5
1736,5,top,1,false,false,true,0,1.8
1737,5,top,1,false,false,true,1,1.8
1738,5,top,1,false,false,true,2,1.5
1739,5,top,1,false,false,true,3,1.2
1740,5,top,1,false,false,true,4,0.9
1741,5,top,1,true,true,false,-4,0.7
1742,5,top,1,true,true,false,-3,1.1
1743,5,top,1,true,true,false,-2,1.5
1744,5,top,1,true,true,false,-1,2.0
1745,5,top,1,true,true,false,0,2.5
1746,5,top,1,true,true,false,1,2.7
1747,5,top,1,true,true,false,2,2.5
1748,5,top,1,true,true,false,3,2.1
1749,5,top,1,true,true,false,4,1.6
1750,5,top,1,true,false,true,-4,0.7
1751,5,top,1,true,false,true,-3,1.0
1752,5,top,1,true,false,true,-2,1.4
1753,5,top,1,true,false,true,-1,1.9
1754,5,top,1,true,false,true,0,2.3
1755,5,top,1,true,false,true,1,2.4
1756,5,top,1,true,false,true,2,2.3
1757,5,top,1,true,false,true,3,1.9
1758,5,top,1,true,false,true,4,1.5
1759,5,top,1,false,true,true,-4,0.6
1760,5,top,1,false,true,true,-3,0.8
1761,5,top,1,false,true,true,-2,1.2
1762,5,top,1,false,true,true,-1,1.5
1763,5,top,1,false,true,true,0,1.9
1764,5,top,1,false,true,true,1,2.1
1765,5,top,1,false,true,true,2,2.1
1766,5,top,1,false,true,true,3,1.8
1767,5,top,1,false,true,true,4,1.4
1768,5,top,1,true,true,true,-4,0.9
1769,5,top,1,true,true,true,-3,1.3
1770,5,top,1,true,true,true,-2,1.9
1771,5,top,1,true,true,true,-1,2.5
1772,5,top,1,true,true,true,0,3.1
1773,5,top,1,true,true,true,1,3.5
1774,5,top,1,true,true,true,2,3.5
1775,5,top,1,true,true,true,3,3.1
1776,5,top,1,true,true,true,4,2.5
1777,5,top,2,false,false,false,-4,0.2
1778,5,top,2,false,false,false,-3,0.3
1779,5,top,2,false,false,false,-2,0.4
1780,5,top,2,false,false,false,-1,0.5
1781,5,top,2,false,false,false,0,0.6
1782,5,top,2,false,false,false,1,0.6
1783,5,top,2,false,false,false,2,0.5
1784,5,top,2,false,false,false,3,0.4
1785,5,top,2,false,false,false,4,0.3
1786,5,top,2,true,false,false,-4,0.3
1787,5,top,2,true,false,false,-3,0.5
1788,5,top,2,true,false,false,-2,0.7
1789,5,top,2,true,false,false,-1,0.9
1790,5,top,2,true,false,false,0,1.1
1791,5,top,2,true,false,false,1,1.1
1792,5,top,2,true,false,false,2,1.0
1793,5,top,2,true,false,false,3,0.8
1794,5,top,2,true,false,false,4,0.6
1795,5,top,2,false,true,false,-4,0.5
1796,5,top,2,false,true,false,-3,0.7
1797,5,top,2,false,true,false,-2,1.0
1798,5,top,2,false,true,false,-1,1.3
1799,5,top,2,false,true,false,0,1.6
1800,5,top,2,false,true,false,1,1.6
1801,5,top,2,false,true,false,2,1.3
1802,5,top,2,false,true,false,3,1.0
1803,5,top,2,false,true,false,4,0.7
1804,5,top,2,false,false,true,-4,0.6
1805,5,top,2,false,false,true,-3,0.8
1806,5,top,2,false,false,true,-2,1.2
1807,5,top,2,false,false,true,-1,1.5
1808,5,top,2,false,false,true,0,1.8
1809,5,top,2,false,false,true,1,1.8
1810,5,top,2,false,false,true,2,1.5
1811,5,top,2,false,false,true,3,1.1
1812,5,top,2,false,false,true,4,0.8
1813,5,top,2,true,true,false,-4,0.7
1814,5,top,2,true,true,false,-3,1.0
1815,5,top,2,true,true,false,-2,1.4
1816,5,top,2,true,true,false,-1,1.8
1817,5,top,2,true,true,false,0,2.2
1818,5,top,2,true,true,false,1,2.3
1819,5,top,2,true,true,false,2,2.1
1820,5,top,2,true,true,false,3,1.6
1821,5,top,2,true,true,false,4,1.2
1822,5,top,2,true,false,true,-4,0.7
1823,5,top,2,true,false,true,-3,1.1
1824,5,top,2,true,false,true,-2,1.5
1825,5,top,2,true,false,true,-1,1.9
1826,5,top,2,true,false,true,0,2.4
1827,5,top,2,true,false,true,1,2.5
1828,5,top,2,true,false,true,2,2.2
1829,5,top,2,true,false,true,3,1.7
1830,5,top,2,true,false,true,4,1.3
1831,5,top,2,false,true,true,-4,0.8
1832,5,top,2,false,true,true,-3,1.1
1833,5,top,2,false,true,true,-2,1.6
1834,5,top,2,false,true,true,-1,2.1
1835,5,top,2,false,true,true,0,2.6
1836,5,top,2,false,true,true,1,2.8
1837,5,top,2,false,true,true,2,2.5
1838,5,top,2,false,true,true,3,2.0
1839,5,top,2,false,true,true,4,1.4
1840,5,top,2,true,true,true,-4,1.1
1841,5,top,2,true,true,true,-3,1.6
1842,5,top,2,true,true,true,-2,2.2
1843,5,top,2,true,true,true,-1,3.0
1844,5,top,2,true,true,true,0,3.7
1845,5,top,2,true,true,true,1,4.0
1846,5,top,2,true,true,true,2,3.7
1847,5,top,2,true,true,true,3,3.0
1848,5,top,2,true,true,true,4,2.3
1849,5,bottom,0,false,false,false,-4,0.8
1850,5,bottom,0,false,false,false,-3,1.1
1851,5,bottom,0,false,false,false,-2,1.3
1852,5,bottom,0,false,false,false,-1,1.3
1853,5,bottom,0,false,false,false,0,1.2
1854,5,bottom,0,false,false,false,1,0.9
1855,5,bottom,0,false,false,false,2,0.6
1856,5,bottom,0,false,false,false,3,0.4
1857,5,bottom,0,false,false,false,4,0.3
1858,5,bottom,0,true,false,false,-4,1.4
1859,5,bottom,0,true,false,false,-3,1.8
1860,5,bottom,0,true,false,false,-2,2.1
1861,5,bottom,0,true,false,false,-1,2.1
1862,5,bottom,0,true,false,false,0,1.8
1863,5,bottom,0,true,false,false,1,1.3
1864,5,bottom,0,true,false,false,2,0.9
1865,5,bottom,0,true,false,false,3,0.6
1866,5,bottom,0,true,false,false,4,0.4
1867,5,bottom,0,false,true,false,-4,1.2
1868,5,bottom,0,false,true,false,-3,1.6
1869,5,bottom,0,false,true,false,-2,1.8
1870,5,bottom,0,false,true,false,-1,1.8
1871,5,bottom,0,false,true,false,0,1.5
1872,5,bottom,0,false,true,false,1,1.1
1873,5,bottom,0,false,true,false,2,0.7
1874,5,bottom,0,false,true,false,3,0.5
1875,5,bottom,0,false,true,false,4,0.3
1876,5,bottom,0,false,false,true,-4,1.2
1877,5,bottom,0,false,false,true,-3,1.5
1878,5,bottom,0,false,false,true,-2,1.6
1879,5,bottom,0,false,false,true,-1,1.5
1880,5,bottom,0,false,false,true,0,1.2
1881,5,bottom,0,false,false,true,1,0.9
1882,5,bottom,0,false,false,true,2,0.6
1883,5,bottom,0,false,false,true,3,0.4
1884,5,bottom,0,false,false,true,4,0.2
1885,5,bottom,0,true,true,false,-4,2.1
1886,5,bottom,0,true,true,false,-3,2.5
1887,5,bottom,0,true,true,false,-2,2.7
1888,5,bottom,0,true,true,false,-1,2.6
1889,5,bottom,0,true,true,false,0,2.2
1890,5,bottom,0,true,true,false,1,1.6
1891,5,bottom,0,true,true,false,2,1.1
1892,5,bottom,0,true,true,false,3,0.7
1893,5,bottom,0,true,true,false,4,0.4
1894,5,bottom,0,true,false,true,-4,1.9
1895,5,bottom,0,true,false,true,-3,2.3
1896,5,bottom,0,true,false,true,-2,2.4
1897,5,bottom,0,true,false,true,-1,2.2
1898,5,bottom,0,true,false,true,0,1.7
1899,5,bottom,0,true,false,true,1,1.2
1900,5,bottom,0,true,false,true,2,0.8
1901,5,bottom,0,true,false,true,3,0.5
1902,5,bottom,0,true,false,true,4,0.3
1903,5,bottom,0,false,true,true,-4,1.8
1904,5,bottom,0,false,true,true,-3,2.1
1905,5,bottom,0,false,true,true,-2,2.1
1906,5,bottom,0,false,true,true,-1,2.0
1907,5,bottom,0,false,true,true,0,1.6
1908,5,bottom,0,false,true,true,1,1.1
1909,5,bottom,0,false,true,true,2,0.8
1910,5,bottom,0,false,true,true,3,0.5
1911,5,bottom,0,false,true,true,4,0.3
1912,5,bottom,0,true,true,true,-4,2.8
1913,5,bottom,0,true,true,true,-3,3.1
1914,5,bottom,0,true,true,true,-2,3.1
1915,5,bottom,0,true,true,true,-1,2.8
1916,5,bottom,0,true,true,true,0,2.2
1917,5,bottom,0,true,true,true,1,1.5
1918,5,bottom,0,true,true,true,2,1.0
1919,5,bottom,0,true,true,true,3,0.7
1920,5,bottom,0,true,true,true,4,0.4
1921,5,bottom,1,false,false,false,-4,0.5
1922,5,bottom,1,false,false,false,-3,0.7
1923,5,bottom,1,false,false,false,-2,0.9
1924,5,bottom,1,false,false,false,-1,1.0
1925,5,bottom,1,false,false,false,0,0.9
1926,5,bottom,1,false,false,false,1,0.7
1927,5,bottom,1,false,false,false,2,0.5
1928,5,bottom,1,false,false,false,3,0.3
1929,5,bottom,1,false,false,false,4,0.2
1930,5,bottom,1,true,false,false,-4,1.1
1931,5,bottom,1,true,false,false,-3,1.4
1932,5,bottom,1,true,false,false,-2,1.7
1933,5,bottom,1,true,false,false,-1,1.8
1934,5,bottom,1,true,false,false,0,1.5
1935,5,bottom,1,true,false,false,1,1.2
1936,5,bottom,1,true,false,false,2,0.8
1937,5,bottom,1,true,false,false,3,0.5
1938,5,bottom,1,true,false,false,4,0.3
1939,5,bottom,1,false,true,false,-4,1.1
1940,5,bottom,1,false,true,false,-3,1.4
1941,5,bottom,1,false,true,false,-2,1.7
1942,5,bottom,1,false,true,false,-1,1.8
1943,5,bottom,1,false,true,false,0,1.6
1944,5,bottom,1,false,true,false,1,1.2
1945,5,bottom,1,false,true,false,2,0.8
1946,5,bottom,1,false,true,false,3,0.5
1947,5,bottom,1,false,true,false,4,0.3
1948,5,bottom,1,false,false,true,-4,1.0
1949,5,bottom,1,false,false,true,-3,1.4
1950,5,bottom,1,false,false,true,-2,1.7
1951,5,bottom,1,false,false,true,-1,2.0
1952,5,bottom,1,false,false,true,0,1.8
1953,5,bottom,1,false,false,true,1,1.4
1954,5,bottom,1,false,false,true,2,1.0
1955,5,bottom,1,false,false,true,3,0.6
1956,5,bottom,1,false,false,true,4,0.4
1957,5,bottom,1,true,true,false,-4,1.9
1958,5,bottom,1,true,true,false,-3,2.4
1959,5,bottom,1,true,true,false,-2,2.8
1960,5,bottom,1,true,true,false,-1,2.8
1961,5,bottom,1,true,true,false,0,2.4
1962,5,bottom,1,true,true,false,1,1.8
1963,5,bottom,1,true,true,false,2,1.2
1964,5,bottom,1,true,true,false,3,0.8
1965,5,bottom,1,true,true,false,4,0.5
1966,5,bottom,1,true,false,true,-4,1.7
1967,5,bottom,1,true,false,true,-3,2.2
1968,5,bottom,1,true,false,true,-2,2.5
1969,5,bottom,1,true,false,true,-1,2.6
1970,5,bottom,1,true,false,true,0,2.3
1971,5,bottom,1,true,false,true,1,1.7
1972,5,bottom,1,true,false,true,2,1.2
1973,5,bottom,1,true,false,true,3,0.8
1974,5,bottom,1,true,false,true,4,0.5
1975,5,bottom,1,false,true,true,-4,1.6
1976,5,bottom,1,false,true,true,-3,2.0
1977,5,bottom,1,false,true,true,-2,2.2
1978,5,bottom,1,false,true,true,-1,2.1
1979,5,bottom,1,false,true,true,0,1.9
1980,5,bottom,1,false,true,true,1,1.4
1981,5,bottom,1,false,true,true,2,1.0
1982,5,bottom,1,false,true,true,3,0.6
1983,5,bottom,1,false,true,true,4,0.4
1984,5,bottom,1,true,true,true,-4,2.9
1985,5,bottom,1,true,true,true,-3,3.4
1986,5,bottom,1,true,true,true,-2,3.7
1987,5,bottom,1,true,true,true,-1,3.5
1988,5,bottom,1,true,true,true,0,3.0
1989,5,bottom,1,true,true,true,1,2.2
1990,5,bottom,1,true,true,true,2,1.5
1991,5,bottom,1,true,true,true,3,1.0
1992,5,bottom,1,true,true,true,4,0.6
1993,5,bottom,2,false,false,false,-4,0.3
1994,5,bottom,2,false,false,false,-3,0.4
1995,5,bottom,2,false,false,false,-2,0.6
1996,5,bottom,2,false,false,false,-1,0.6
1997,5,bottom,2,false,false,false,0,0.6
1998,5,bottom,2,false,false,false,1,0.4
1999,5,bottom,2,false,false,false,2,0.3
2000,5,bottom,2,false,false,false,3,0.2
2001,5,bottom,2,false,false,false,4,0.1
2002,5,bottom,2,true,false,false,-4,0.6
2003,5,bottom,2,true,false,false,-3,0.9
2004,5,bottom,2,true,false,false,-2,1.1
2005,5,bottom,2,true,false,false,-1,1.2
2006,5,bottom,2,true,false,false,0,1.1
2007,5,bottom,2,true,false,false,1,0.8
2008,5,bottom,2,true,false,false,2,0.6
2009,5,bottom,2,true,false,false,3,0.4
2010,5,bottom,2,true,false,false,4,0.2
2011,5,bottom,2,false,true,false,-4,0.8
2012,5,bottom,2,false,true,false,-3,1.2
2013,5,bottom,2,false,true,false,-2,1.5
2014,5,bottom,2,false,true,false,-1,1.7
2015,5,bottom,2,false,true,false,0,1.6
2016,5,bottom,2,false,true,false,1,1.2
2017,5,bottom,2,false,true,false,2,0.8
2018,5,bottom,2,false,true,false,3,0.6
2019,5,bottom,2,false,true,false,4,0.4
2020,5,bottom,2,false,false,true,-4,0.9
2021,5,bottom,2,false,false,true,-3,1.3
2022,5,bottom,2,false,false,true,-2,1.7
2023,5,bottom,2,false,false,true,-1,2.0
2024,5,bottom,2,false,false,true,0,1.9
2025,5,bottom,2,false,false,true,1,1.4
2026,5,bottom,2,false,false,true,2,1.0
2027,5,bottom,2,false,false,true,3,0.7
2028,5,bottom,2,false,false,true,4,0.4
2029,5,bottom,2,true,true,false,-4,1.4
2030,5,bottom,2,true,true,false,-3,1.9
2031,5,bottom,2,true,true,false,-2,2.3
2032,5,bottom,2,true,true,false,-1,2.5
2033,5,bottom,2,true,true,false,0,2.2
2034,5,bottom,2,true,true,false,1,1.6
2035,5,bottom,2,true,true,false,2,1.1
2036,5,bottom,2,true,true,false,3,0.8
2037,5,bottom,2,true,true,false,4,0.5
2038,5,bottom,2,true,false,true,-4,1.5
2039,5,bottom,2,true,false,true,-3,2.0
2040,5,bottom,2,true,false,true,-2,2.4
2041,5,bottom,2,true,false,true,-1,2.6
2042,5,bottom,2,true,false,true,0,2.4
2043,5,bottom,2,true,false,true,1,1.8
2044,5,bottom,2,true,false,true,2,1.2
2045,5,bottom,2,true,false,true,3,0.8
2046,5,bottom,2,true,false,true,4,0.5
2047,5,bottom,2,false,true,true,-4,1.7
2048,5,bottom,2,false,true,true,-3,2.3
2049,5,bottom,2,false,true,true,-2,2.8
2050,5,bottom,2,false,true,true,-1,3.0
2051,5,bottom,2,false,true,true,0,2.6
2052,5,bottom,2,false,true,true,1,1.9
2053,5,bottom,2,false,true,true,2,1.3
2054,5,bottom,2,false,true,true,3,0.9
2055,5,bottom,2,false,true,true,4,0.6
2056,5,bottom,2,true,true,true,-4,2.7
2057,5,bottom,2,true,true,true,-3,3.4
2058,5,bottom,2,true,true,true,-2,4.0
2059,5,bottom,2,true,true,true,-1,4.2
2060,5,bottom,2,true,true,true,0,3.6
2061,5,bottom,2,true,true,true,1,2.7
2062,5,bottom,2,true,true,true,2,1.8
2063,5,bottom,2,true,true,true,3,1.2
2064,5,bottom,2,true,true,true,4,0.8
2065,6,top,0,false,false,false,-4,0.3
2066,6,top,0,false,false,false,-3,0.5
2067,6,top,0,false,false,false,-2,0.7
2068,6,top,0,false,false,false,-1,1.0
2069,6,top,0,false,false,false,0,1.3
2070,6,top,0,false,false,false,1,1.4
2071,6,top,0,false,false,false,2,1.3
2072,6,top,0,false,false,false,3,1.0
2073,6,top,0,false,false,false,4,0.7
2074,6,top,0,true,false,false,-4,0.5
2075,6,top,0,true,false,false,-3,0.7
2076,6,top,0,true,false,false,-2,1.1
2077,6,top,0,true,false,false,-1,1.6
2078,6,top,0,true,false,false,0,2.1
2079,6,top,0,true,false,false,1,2.3
2080,6,top,0,true,false,false,2,2.1
2081,6,top,0,true,false,false,3,1.7
2082,6,top,0,true,false,false,4,1.2
2083,6,top,0,false,true,false,-4,0.4
2084,6,top,0,false,true,false,-3,0.6
2085,6,top,0,false,true,false,-2,0.9
2086,6,top,0,false,true,false,-1,1.3
2087,6,top,0,false,true,false,0,1.7
2088,6,top,0,false,true,false,1,1.9
2089,6,top,0,false,true,false,2,1.8
2090,6,top,0,false,true,false,3,1.5
2091,6,top,0,false,true,false,4,1.1
2092,6,top,0,false,false,true,-4,0.3
2093,6,top,0,false,false,true,-3,0.5
2094,6,top,0,false,false,true,-2,0.7
2095,6,top,0,false,false,true,-1,1.0
2096,6,top,0,false,false,true,0,1.4
2097,6,top,0,false,false,true,1,1.7
2098,6,top,0,false,false,true,2,1.7
2099,6,top,0,false,false,true,3,1.4
2100,6,top,0,false,false,true,4,1.1
2101,6,top,0,true,true,false,-4,0.5
2102,6,top,0,true,true,false,-3,0.8
2103,6,top,0,true,true,false,-2,1.3
2104,6,top,0,true,true,false,-1,1.8
2105,6,top,0,true,true,false,0,2.5
2106,6,top,0,true,true,false,1,2.9
2107,6,top,0,true,true,false,2,2.8
2108,6,top,0,true,true,false,3,2.4
2109,6,top,0,true,true,false,4,1.9
2110,6,top,0,true,false,true,-4,0.4
2111,6,top,0,true,false,true,-3,0.6
2112,6,top,0,true,false,true,-2,0.9
2113,6,top,0,true,false,true,-1,1.4
2114,6,top,0,true,false,true,0,1.9
2115,6,top,0,true,false,true,1,2.4
2116,6,top,0,true,false,true,2,2.6
2117,6,top,0,true,false,true,3,2.3
2118,6,top,0,true,false,true,4,1.8
2119,6,top,0,false,true,true,-4,0.4
2120,6,top,0,false,true,true,-3,0.6
2121,6,top,0,false,true,true,-2,0.9
2122,6,top,0,false,true,true,-1,1.3
2123,6,top,0,false,true,true,0,1.8
2124,6,top,0,false,true,true,1,2.2
2125,6,top,0,false,true,true,2,2.3
2126,6,top,0,false,true,true,3,2.1
2127,6,top,0,false,true,true,4,1.7
2128,6,top,0,true,true,true,-4,0.5
2129,6,top,0,true,true,true,-3,0.8
2130,6,top,0,true,true,true,-2,1.2
2131,6,top,0,true,true,true,-1,1.8
2132,6,top,0,true,true,true,0,2.5
2133,6,top,0,true,true,true,1,3.1
2134,6,top,0,true,true,true,2,3.4
2135,6,top,0,true,true,true,3,3.2
2136,6,top,0,true,true,true,4,2.7
2137,6,top,1,false,false,false,-4,0.2
2138,6,top,1,false,false,false,-3,0.4
2139,6,top,1,false,false,false,-2,0.5
2140,6,top,1,false,false,false,-1,0.8
2141,6,top,1,false,false,false,0,1.0
2142,6,top,1,false,false,false,1,1.1
2143,6,top,1,false,false,false,2,0.9
2144,6,top,1,false,false,false,3,0.7
2145,6,top,1,false,false,false,4,0.4
2146,6,top,1,true,false,false,-4,0.4
2147,6,top,1,true,false,false,-3,0.6
2148,6,top,1,true,false,false,-2,0.9
2149,6,top,1,true,false,false,-1,1.3
2150,6,top,1,true,false,false,0,1.8
2151,6,top,1,true,false,false,1,1.9
2152,6,top,1,true,false,false,2,1.7
2153,6,top,1,true,false,false,3,1.3
2154,6,top,1,true,false,false,4,0.9
2155,6,top,1,false,true,false,-4,0.4
2156,6,top,1,false,true,false,-3,0.6
2157,6,top,1,false,true,false,-2,1.0
2158,6,top,1,false,true,false,-1,1.4
2159,6,top,1,false,true,false,0,1.8
2160,6,top,1,false,true,false,1,2.0
2161,6,top,1,false,true,false,2,1.7
2162,6,top,1,false,true,false,3,1.3
2163,6,top,1,false,true,false,4,0.9
2164,6,top,1,false,false,true,-4,0.5
2165,6,top,1,false,false,true,-3,0.8
2166,6,top,1,false,false,true,-2,1.1
2167,6,top,1,false,false,true,-1,1.6
2168,6,top,1,false,false,true,0,2.0
2169,6,top,1,false,false,true,1,2.1
2170,6,top,1,false,false,true,2,1.6
2171,6,top,1,false,false,true,3,1.3
2172,6,top,1,false,false,true,4,0.9
2173,6,top,1,true,true,false,-4,0.6
2174,6,top,1,true,true,false,-3,1.0
2175,6,top,1,true,true,false,-2,1.5
2176,6,top,1,true,true,false,-1,2.1
2177,6,top,1,true,true,false,0,2.8
2178,6,top,1,true,true,false,1,3.1
2179,6,top,1,true,true,false,2,2.8
2180,6,top,1,true,true,false,3,2.2
2181,6,top,1,true,true,false,4,1.6
2182,6,top,1,true,false,true,-4,0.6
2183,6,top,1,true,false,true,-3,0.9
2184,6,top,1,true,false,true,-2,1.4
2185,6,top,1,true,false,true,-1,2.0
2186,6,top,1,true,false,true,0,2.6
2187,6,top,1,true,false,true,1,2.8
2188,6,top,1,true,false,true,2,2.5
2189,6,top,1,true,false,true,3,2.1
2190,6,top,1,true,false,true,4,1.5
2191,6,top,1,false,true,true,-4,0.5
2192,6,top,1,false,true,true,-3,0.8
2193,6,top,1,false,true,true,-2,1.1
2194,6,top,1,false,true,true,-1,1.6
2195,6,top,1,false,true,true,0,2.1
2196,6,top,1,false,true,true,1,2.3
2197,6,top,1,false,true,true,2,2.3
2198,6,top,1,false,true,true,3,1.9
2199,6,top,1,false,true,true,4,1.5
2200,6,top,1,true,true,true,-4,0.8
2201,6,top,1,true,true,true,-3,1.2
2202,6,top,1,true,true,true,-2,1.8
2203,6,top,1,true,true,true,-1,2.6
2204,6,top,1,true,true,true,0,3.4
2205,6,top,1,true,true,true,1,3.9
2206,6,top,1,true,true,true,2,3.9
2207,6,top,1,true,true,true,3,3.3
2208,6,top,1,true,true,true,4,2.6
2209,6,top,2,false,false,false,-4,0.2
2210,6,top,2,false,false,false,-3,0.3
2211,6,top,2,false,false,false,-2,0.4
2212,6,top,2,false,false,false,-1,0.5
2213,6,top,2,false,false,false,0,0.7
2214,6,top,2,false,false,false,1,0.7
2215,6,top,2,false,false,false,2,0.5
2216,6,top,2,false,false,false,3,0.4
2217,6,top,2,false,false,false,4,0.2
2218,6,top,2,true,false,false,-4,0.3
2219,6,top,2,true,false,false,-3,0.5
2220,6,top,2,true,false,false,-2,0.7
2221,6,top,2,true,false,false,-1,1.0
2222,6,top,2,true,false,false,0,1.3
2223,6,top,2,true,false,false,1,1.3
2224,6,top,2,true,false,false,2,1.1
2225,6,top,2,true,false,false,3,0.8
2226,6,top,2,true,false,false,4,0.5
2227,6,top,2,false,true,false,-4,0.4
2228,6,top,2,false,true,false,-3,0.7
2229,6,top,2,false,true,false,-2,1.0
2230,6,top,2,false,true,false,-1,1.4
2231,6,top,2,false,true,false,0,1.8
2232,6,top,2,false,true,false,1,1.8
2233,6,top,2,false,true,false,2,1.4
2234,6,top,2,false,true,false,3,1.0
2235,6,top,2,false,true,false,4,0.7
2236,6,top,2,false,false,true,-4,0.5
2237,6,top,2,false,false,true,-3,0.8
2238,6,top,2,false,false,true,-2,1.2
2239,6,top,2,false,false,true,-1,1.6
2240,6,top,2,false,false,true,0,2.1
2241,6,top,2,false,false,true,1,2.1
2242,6,top,2,false,false,true,2,1.6
2243,6,top,2,false,false,true,3,1.1
2244,6,top,2,false,false,true,4,0.7
2245,6,top,2,true,true,false,-4,0.6
2246,6,top,2,true,true,false,-3,0.9
2247,6,top,2,true,true,false,-2,1.3
2248,6,top,2,true,true,false,-1,1.9
2249,6,top,2,true,true,false,0,2.5
2250,6,top,2,true,true,false,1,2.6
2251,6,top,2,true,true,false,2,2.3
2252,6,top,2,true,true,false,3,1.7
2253,6,top,2,true,true,false,4,1.1
2254,6,top,2,true,false,true,-4,0.6
2255,6,top,2,true,false,true,-3,1.0
2256,6,top,2,true,false,true,-2,1.4
2257,6,top,2,true,false,true,-1,2.0
2258,6,top,2,true,false,true,0,2.7
2259,6,top,2,true,false,true,1,2.8
2260,6,top,2,true,false,true,2,2.4
2261,6,top,2,true,false,true,3,1.8
2262,6,top,2,true,false,true,4,1.2
2263,6,top,2,false,true,true,-4,0.7
2264,6,top,2,false,true,true,-3,1.0
2265,6,top,2,false,true,true,-2,1.6
2266,6,top,2,false,true,true,-1,2.2
2267,6,top,2,false,true,true,0,2.9
2268,6,top,2,false,true,true,1,3.2
2269,6,top,2,false,true,true,2,2.7
2270,6,top,2,false,true,true,3,2.0
2271,6,top,2,false,true,true,4,1.4
2272,6,top,2,true,true,true,-4,0.9
2273,6,top,2,true,true,true,-3,1.4
2274,6,top,2,true,true,true,-2,2.2
2275,6,top,2,true,true,true,-1,3.1
2276,6,top,2,true,true,true,0,4.1
2277,6,top,2,true,true,true,1,4.5
2278,6,top,2,true,true,true,2,4.1
2279,6,top,2,true,true,true,3,3.2
2280,6,top,2,true,true,true,4,2.3
2281,6,bottom,0,false,false,false,-4,0.8
2282,6,bottom,0,false,false,false,-3,1.1
2283,6,bottom,0,false,false,false,-2,1.4
2284,6,bottom,0,false,false,false,-1,1.6
2285,6,bottom,0,false,false,false,0,1.3
2286,6,bottom,0,false,false,false,1,0.9
2287,6,bottom,0,false,false,false,2,0.6
2288,6,bottom,0,false,false,false,3,0.3
2289,6,bottom,0,false,false,false,4,0.2
2290,6,bottom,0,true,false,false,-4,1.4
2291,6,bottom,0,true,false,false,-3,1.9
2292,6,bottom,0,true,false,false,-2,2.3
2293,6,bottom,0,true,false,false,-1,2.4
2294,6,bottom,0,true,false,false,0,2.0
2295,6,bottom,0,true,false,false,1,1.3
2296,6,bottom,0,true,false,false,2,0.8
2297,6,bottom,0,true,false,false,3,0.5
2298,6,bottom,0,true,false,false,4,0.3
2299,6,bottom,0,false,true,false,-4,1.3
2300,6,bottom,0,false,true,false,-3,1.7
2301,6,bottom,0,false,true,false,-2,2.0
2302,6,bottom,0,false,true,false,-1,2.0
2303,6,bottom,0,false,true,false,0,1.6
2304,6,bottom,0,false,true,false,1,1.1
2305,6,bottom,0,false,true,false,2,0.7
2306,6,bottom,0,false,true,false,3,0.4
2307,6,bottom,0,false,true,false,4,0.2
2308,6,bottom,0,false,false,true,-4,1.2
2309,6,bottom,0,false,false,true,-3,1.6
2310,6,bottom,0,false,false,true,-2,1.8
2311,6,bottom,0,false,false,true,-1,1.7
2312,6,bottom,0,false,false,true,0,1.3
2313,6,bottom,0,false,false,true,1,0.8
2314,6,bottom,0,false,false,true,2,0.5
2315,6,bottom,0,false,false,true,3,0.3
2316,6,bottom,0,false,false,true,4,0.2
2317,6,bottom,0,true,true,false,-4,2.2
2318,6,bottom,0,true,true,false,-3,2.7
2319,6,bottom,0,true,true,false,-2,3.1
2320,6,bottom,0,true,true,false,-1,3.0
2321,6,bottom,0,true,true,false,0,2.3
2322,6,bottom,0,true,true,false,1,1.5
2323,6,bottom,0,true,true,false,2,0.9
2324,6,bottom,0,true,true,false,3,0.6
2325,6,bottom,0,true,true,false,4,0.3
2326,6,bottom,0,true,false,true,-4,2.0
2327,6,bottom,0,true,false,true,-3,2.5
2328,6,bottom,0,true,false,true,-2,2.7
2329,6,bottom,0,true,false,true,-1,2.4
2330,6,bottom,0,true,false,true,0,1.7
2331,6,bottom,0,true,false,true,1,1.1
2332,6,bottom,0,true,false,true,2,0.7
2333,6,bottom,0,true,false,true,3,0.4
2334,6,bottom,0,true,false,true,4,0.2
2335,6,bottom,0,false,true,true,-4,1.9
2336,6,bottom,0,false,true,true,-3,2.3
2337,6,bottom,0,false,true,true,-2,2.4
2338,6,bottom,0,false,true,true,-1,2.2
2339,6,bottom,0,false,true,true,0,1.7
2340,6,bottom,0,false,true,true,1,1.1
2341,6,bottom,0,false,true,true,2,0.7
2342,6,bottom,0,false,true,true,3,0.4
2343,6,bottom,0,false,true,true,4,0.2
2344,6,bottom,0,true,true,true,-4,3.0
2345,6,bottom,0,true,true,true,-3,3.5
2346,6,bottom,0,true,true,true,-2,3.6
2347,6,bottom,0,true,true,true,-1,3.1
2348,6,bottom,0,true,true,true,0,2.2
2349,6,bottom,0,true,true,true,1,1.4
2350,6,bottom,0,true,true,true,2,0.9
2351,6,bottom,0,true,true,true,3,0.5
2352,6,bottom,0,true,true,true,4,0.3
2353,6,bottom,1,false,false,false,-4,0.5
2354,6,bottom,1,false,false,false,-3,0.8
2355,6,bottom,1,false,false,false,-2,1.0
2356,6,bottom,1,false,false,false,-1,1.2
2357,6,bottom,1,false,false,false,0,1.0
2358,6,bottom,1,false,false,false,1,0.7
2359,6,bottom,1,false,false,false,2,0.4
2360,6,bottom,1,false,false,false,3,0.3
2361,6,bottom,1,false,false,false,4,0.2
2362,6,bottom,1,true,false,false,-4,1.0
2363,6,bottom,1,true,false,false,-3,1.5
2364,6,bottom,1,true,false,false,-2,1.9
2365,6,bottom,1,true,false,false,-1,2.1
2366,6,bottom,1,true,false,false,0,1.7
2367,6,bottom,1,true,false,false,1,1.1
2368,6,bottom,1,true,false,false,2,0.7
2369,6,bottom,1,true,false,false,3,0.4
2370,6,bottom,1,true,false,false,4,0.3
2371,6,bottom,1,false,true,false,-4,1.1
2372,6,bottom,1,false,true,false,-3,1.5
2373,6,bottom,1,false,true,false,-2,1.9
2374,6,bottom,1,false,true,false,-1,2.1
2375,6,bottom,1,false,true,false,0,1.8
2376,6,bottom,1,false,true,false,1,1.2
2377,6,bottom,1,false,true,false,2,0.8
2378,6,bottom,1,false,true,false,3,0.5
2379,6,bottom,1,false,true,false,4,0.3
2380,6,bottom,1,false,false,true,-4,1.0
2381,6,bottom,1,false,false,true,-3,1.4
2382,6,bottom,1,false,false,true,-2,1.9
2383,6,bottom,1,false,false,true,-1,2.3
2384,6,bottom,1,false,false,true,0,2.1
2385,6,bottom,1,false,false,true,1,1.4
2386,6,bottom,1,false,false,true,2,0.9
2387,6,bottom,1,false,false,true,3,0.5
2388,6,bottom,1,false,false,true,4,0.3
2389,6,bottom,1,true,true,false,-4,1.9
2390,6,bottom,1,true,true,false,-3,2.6
2391,6,bottom,1,true,true,false,-2,3.1
2392,6,bottom,1,true,true,false,-1,3.3
2393,6,bottom,1,true,true,false,0,2.7
2394,6,bottom,1,true,true,false,1,1.8
2395,6,bottom,1,true,true,false,2,1.1
2396,6,bottom,1,true,true,false,3,0.7
2397,6,bottom,1,true,true,false,4,0.4
2398,6,bottom,1,true,false,true,-4,1.8
2399,6,bottom,1,true,false,true,-3,2.4
2400,6,bottom,1,true,false,true,-2,2.8
2401,6,bottom,1,true,false,true,-1,3.0
2402,6,bottom,1,true,false,true,0,2.6
2403,6,bottom,1,true,false,true,1,1.7
2404,6,bottom,1,true,false,true,2,1.1
2405,6,bottom,1,true,false,true,3,0.7
2406,6,bottom,1,true,false,true,4,0.4
2407,6,bottom,1,false,true,true,-4,1.7
2408,6,bottom,1,false,true,true,-3,2.2
2409,6,bottom,1,false,true,true,-2,2.5
2410,6,bottom,1,false,true,true,-1,2.5
2411,6,bottom,1,false,true,true,0,2.1
2412,6,bottom,1,false,true,true,1,1.4
2413,6,bottom,1,false,true,true,2,0.9
2414,6,bottom,1,false,true,true,3,0.5
2415,6,bottom,1,false,true,true,4,0.3
2416,6,bottom,1,true,true,true,-4,3.0
2417,6,bottom,1,true,true,true,-3,3.8
2418,6,bottom,1,true,true,true,-2,4.2
2419,6,bottom,1,true,true,true,-1,4.0
2420,6,bottom,1,true,true,true,0,3.3
2421,6,bottom,1,true,true,true,1,2.2
2422,6,bottom,1,true,true,true,2,1.4
2423,6,bottom,1,true,true,true,3,0.8
2424,6,bottom,1,true,true,true,4,0.5
2425,6,bottom,2,false,false,false,-4,0.3
2426,6,bottom,2,false,false,false,-3,0.4
2427,6,bottom,2,false,false,false,-2,0.6
2428,6,bottom,2,false,false,false,-1,0.8
2429,6,bottom,2,false,false,false,0,0.7
2430,6,bottom,2,false,false,false,1,0.5
2431,6,bottom,2,false,false,false,2,0.3
2432,6,bottom,2,false,false,false,3,0.2
2433,6,bottom,2,false,false,false,4,0.1
2434,6,bottom,2,true,false,false,-4,0.6
2435,6,bottom,2,true,false,false,-3,0.9
2436,6,bottom,2,true,false,false,-2,1.2
2437,6,bottom,2,true,false,false,-1,1.5
2438,6,bottom,2,true,false,false,0,1.3
2439,6,bottom,2,true,false,false,1,0.8
2440,6,bottom,2,true,false,false,2,0.5
2441,6,bottom,2,true,false,false,3,0.3
2442,6,bottom,2,true,false,false,4,0.2
2443,6,bottom,2,false,true,false,-4,0.8
2444,6,bottom,2,false,true,false,-3,1.2
2445,6,bottom,2,false,true,false,-2,1.6
2446,6,bottom,2,false,true,false,-1,2.0
2447,6,bottom,2,false,true,false,0,1.8
2448,6,bottom,2,false,true,false,1,1.2
2449,6,bottom,2,false,true,false,2,0.8
2450,6,bottom,2,false,true,false,3,0.5
2451,6,bottom,2,false,true,false,4,0.3
2452,6,bottom,2,false,false,true,-4,0.9
2453,6,bottom,2,false,false,true,-3,1.3
2454,6,bottom,2,false,false,true,-2,1.9
2455,6,bottom,2,false,false,true,-1,2.4
2456,6,bottom,2,false,false,true,0,2.2
2457,6,bottom,2,false,false,true,1,1.4
2458,6,bottom,2,false,false,true,2,0.9
2459,6,bottom,2,false,false,true,3,0.6
2460,6,bottom,2,false,false,true,4,0.3
2461,6,bottom,2,true,true,false,-4,1.4
2462,6,bottom,2,true,true,false,-3,2.0
2463,6,bottom,2,true,true,false,-2,2.6
2464,6,bottom,2,true,true,false,-1,2.9
2465,6,bottom,2,true,true,false,0,2.5
2466,6,bottom,2,true,true,false,1,1.6
2467,6,bottom,2,true,true,false,2,1.0
2468,6,bottom,2,true,true,false,3,0.6
2469,6,bottom,2,true,true,false,4,0.4
2470,6,bottom,2,true,false,true,-4,1.4
2471,6,bottom,2,true,false,true,-3,2.1
2472,6,bottom,2,true,false,true,-2,2.7
2473,6,bottom,2,true,false,true,-1,3.1
2474,6,bottom,2,true,false,true,0,2.7
2475,6,bottom,2,true,false,true,1,1.8
2476,6,bottom,2,true,false,true,2,1.1
2477,6,bottom,2,true,false,true,3,0.7
2478,6,bottom,2,true,false,true,4,0.4
2479,6,bottom,2,false,true,true,-4,1.6
2480,6,bottom,2,false,true,true,-3,2.4
2481,6,bottom,2,false,true,true,-2,3.1
2482,6,bottom,2,false,true,true,-1,3.5
2483,6,bottom,2,false,true,true,0,2.9
2484,6,bottom,2,false,true,true,1,1.9
2485,6,bottom,2,false,true,true,2,1.2
2486,6,bottom,2,false,true,true,3,0.7
2487,6,bottom,2,false,true,true,4,0.4
2488,6,bottom,2,true,true,true,-4,2.7
2489,6,bottom,2,true,true,true,-3,3.7
2490,6,bottom,2,true,true,true,-2,4.5
2491,6,bottom,2,true,true,true,-1,4.9
2492,6,bottom,2,true,true,true,0,4.0
2493,6,bottom,2,true,true,true,1,2.6
2494,6,bottom,2,true,true,true,2,1.7
2495,6,bottom,2,true,true,true,3,1.0
2496,6,bottom,2,true,true,true,4,0.6
2497,7,top,0,false,false,false,-4,0.2
2498,7,top,0,false,false,false,-3,0.4
2499,7,top,0,false,false,false,-2,0.7
2500,7,top,0,false,false,false,-1,1.0
2501,7,top,0,false,false,false,0,1.5
2502,7,top,0,false,false,false,1,1.7
2503,7,top,0,false,false,false,2,1.4
2504,7,top,0,false,false,false,3,1.0
2505,7,top,0,false,false,false,4,0.6
2506,7,top,0,true,false,false,-4,0.4
2507,7,top,0,true,false,false,-3,0.6
2508,7,top,0,true,false,false,-2,1.0
2509,7,top,0,true,false,false,-1,1.6
2510,7,top,0,true,false,false,0,2.4
2511,7,top,0,true,false,false,1,2.7
2512,7,top,0,true,false,false,2,2.3
2513,7,top,0,true,false,false,3,1.7
2514,7,top,0,true,false,false,4,1.2
2515,7,top,0,false,true,false,-4,0.3
2516,7,top,0,false,true,false,-3,0.5
2517,7,top,0,false,true,false,-2,0.8
2518,7,top,0,false,true,false,-1,1.2
2519,7,top,0,false,true,false,0,1.9
2520,7,top,0,false,true,false,1,2.3
2521,7,top,0,false,true,false,2,2.0
2522,7,top,0,false,true,false,3,1.5
2523,7,top,0,false,true,false,4,1.1
2524,7,top,0,false,false,true,-4,0.2
2525,7,top,0,false,false,true,-3,0.4
2526,7,top,0,false,false,true,-2,0.6
2527,7,top,0,false,false,true,-1,1.0
2528,7,top,0,false,false,true,0,1.5
2529,7,top,0,false,false,true,1,2.0
2530,7,top,0,false,false,true,2,1.9
2531,7,top,0,false,false,true,3,1.5
2532,7,top,0,false,false,true,4,1.1
2533,7,top,0,true,true,false,-4,0.4
2534,7,top,0,true,true,false,-3,0.7
2535,7,top,0,true,true,false,-2,1.1
2536,7,top,0,true,true,false,-1,1.8
2537,7,top,0,true,true,false,0,2.7
2538,7,top,0,true,true,false,1,3.4
2539,7,top,0,true,true,false,2,3.2
2540,7,top,0,true,true,false,3,2.6
2541,7,top,0,true,true,false,4,1.9
2542,7,top,0,true,false,true,-4,0.3
2543,7,top,0,true,false,true,-3,0.5
2544,7,top,0,true,false,true,-2,0.8
2545,7,top,0,true,false,true,-1,1.3
2546,7,top,0,true,false,true,0,2.0
2547,7,top,0,true,false,true,1,2.8
2548,7,top,0,true,false,true,2,3.0
2549,7,top,0,true,false,true,3,2.5
2550,7,top,0,true,false,true,4,1.8
2551,7,top,0,false,true,true,-4,0.3
2552,7,top,0,false,true,true,-3,0.5
2553,7,top,0,false,true,true,-2,0.8
2554,7,top,0,false,true,true,-1,1.3
2555,7,top,0,false,true,true,0,2.0
2556,7,top,0,false,true,true,1,2.5
2557,7,top,0,false,true,true,2,2.6
2558,7,top,0,false,true,true,3,2.3
2559,7,top,0,false,true,true,4,1.7
2560,7,top,0,true,true,true,-4,0.4
2561,7,top,0,true,true,true,-3,0.6
2562,7,top,0,true,true,true,-2,1.1
2563,7,top,0,true,true,true,-1,1.7
2564,7,top,0,true,true,true,0,2.6
2565,7,top,0,true,true,true,1,3.5
2566,7,top,0,true,true,true,2,3.9
2567,7,top,0,true,true,true,3,3.6
2568,7,top,0,true,true,true,4,2.8
2569,7,top,1,false,false,false,-4,0.2
2570,7,top,1,false,false,false,-3,0.3
2571,7,top,1,false,false,false,-2,0.5
2572,7,top,1,false,false,false,-1,0.8
2573,7,top,1,false,false,false,0,1.2
2574,7,top,1,false,false,false,1,1.3
2575,7,top,1,false,false,false,2,1.0
2576,7,top,1,false,false,false,3,0.6
2577,7,top,1,false,false,false,4,0.4
2578,7,top,1,true,false,false,-4,0.3
2579,7,top,1,true,false,false,-3,0.5
2580,7,top,1,true,false,false,-2,0.9
2581,7,top,1,true,false,false,-1,1.4
2582,7,top,1,true,false,false,0,2.0
2583,7,top,1,true,false,false,1,2.3
2584,7,top,1,true,false,false,2,1.8
2585,7,top,1,true,false,false,3,1.3
2586,7,top,1,true,false,false,4,0.8
2587,7,top,1,false,true,false,-4,0.3
2588,7,top,1,false,true,false,-3,0.6
2589,7,top,1,false,true,false,-2,0.9
2590,7,top,1,false,true,false,-1,1.4
2591,7,top,1,false,true,false,0,2.1
2592,7,top,1,false,true,false,1,2.3
2593,7,top,1,false,true,false,2,1.8
2594,7,top,1,false,true,false,3,1.3
2595,7,top,1,false,true,false,4,0.8
2596,7,top,1,false,false,true,-4,0.4
2597,7,top,1,false,false,true,-3,0.7
2598,7,top,1,false,false,true,-2,1.1
2599,7,top,1,false,false,true,-1,1.6
2600,7,top,1,false,false,true,0,2.4
2601,7,top,1,false,false,true,1,2.5
2602,7,top,1,false,false,true,2,1.8
2603,7,top,1,false,false,true,3,1.3
2604,7,top,1,false,false,true,4,0.8
2605,7,top,1,true,true,false,-4,0.5
2606,7,top,1,true,true,false,-3,0.8
2607,7,top,1,true,true,false,-2,1.3
2608,7,top,1,true,true,false,-1,2.1
2609,7,top,1,true,true,false,0,3.2
2610,7,top,1,true,true,false,1,3.6
2611,7,top,1,true,true,false,2,3.1
2612,7,top,1,true,true,false,3,2.3
2613,7,top,1,true,true,false,4,1.6
2614,7,top,1,true,false,true,-4,0.5
2615,7,top,1,true,false,true,-3,0.8
2616,7,top,1,true,false,true,-2,1.3
2617,7,top,1,true,false,true,-1,2.0
2618,7,top,1,true,false,true,0,3.1
2619,7,top,1,true,false,true,1,3.3
2620,7,top,1,true,false,true,2,2.9
2621,7,top,1,true,false,true,3,2.2
2622,7,top,1,true,false,true,4,1.5
2623,7,top,1,false,true,true,-4,0.4
2624,7,top,1,false,true,true,-3,0.7
2625,7,top,1,false,true,true,-2,1.1
2626,7,top,1,false,true,true,-1,1.6
2627,7,top,1,false,true,true,0,2.5
2628,7,top,1,false,true,true,1,2.8
2629,7,top,1,false,true,true,2,2.7
2630,7,top,1,false,true,true,3,2.1
2631,7,top,1,false,true,true,4,1.4
2632,7,top,1,true,true,true,-4,0.6
2633,7,top,1,true,true,true,-3,1.0
2634,7,top,1,true,true,true,-2,1.6
2635,7,top,1,true,true,true,-1,2.6
2636,7,top,1,true,true,true,0,3.9
2637,7,top,1,true,true,true,1,4.5
2638,7,top,1,true,true,true,2,4.4
2639,7,top,1,true,true,true,3,3.6
2640,7,top,1,true,true,true,4,2.6
2641,7,top,2,false,false,false,-4,0.1
2642,7,top,2,false,false,false,-3,0.2
2643,7,top,2,false,false,false,-2,0.4
2644,7,top,2,false,false,false,-1,0.5
2645,7,top,2,false,false,false,0,0.8
2646,7,top,2,false,false,false,1,0.8
2647,7,top,2,false,false,false,2,0.6
2648,7,top,2,false,false,false,3,0.3
2649,7,top,2,false,false,false,4,0.2
2650,7,top,2,true,false,false,-4,0.2
2651,7,top,2,true,false,false,-3,0.4
2652,7,top,2,true,false,false,-2,0.6
2653,7,top,2,true,false,false,-1,1.0
2654,7,top,2,true,false,false,0,1.5
2655,7,top,2,true,false,false,1,1.6
2656,7,top,2,true,false,false,2,1.2
2657,7,top,2,true,false,false,3,0.7
2658,7,top,2,true,false,false,4,0.4
2659,7,top,2,false,true,false,-4,0.3
2660,7,top,2,false,true,false,-3,0.6
2661,7,top,2,false,true,false,-2,0.9
2662,7,top,2,false,true,false,-1,1.4
2663,7,top,2,false,true,false,0,2.1
2664,7,top,2,false,true,false,1,2.2
2665,7,top,2,false,true,false,2,1.5
2666,7,top,2,false,true,false,3,0.9
2667,7,top,2,false,true,false,4,0.6
2668,7,top,2,false,false,true,-4,0.4
2669,7,top,2,false,false,true,-3,0.7
2670,7,top,2,false,false,true,-2,1.1
2671,7,top,2,false,false,true,-1,1.7
2672,7,top,2,false,false,true,0,2.5
2673,7,top,2,false,false,true,1,2.5
2674,7,top,2,false,false,true,2,1.7
2675,7,top,2,false,false,true,3,1.1
2676,7,top,2,false,false,true,4,0.6
2677,7,top,2,true,true,false,-4,0.4
2678,7,top,2,true,true,false,-3,0.8
2679,7,top,2,true,true,false,-2,1.2
2680,7,top,2,true,true,false,-1,1.9
2681,7,top,2,true,true,false,0,2.9
2682,7,top,2,true,true,false,1,3.2
2683,7,top,2,true,true,false,2,2.5
2684,7,top,2,true,true,false,3,1.7
2685,7,top,2,true,true,false,4,1.0
2686,7,top,2,true,false,true,-4,0.5
2687,7,top,2,true,false,true,-3,0.8
2688,7,top,2,true,false,true,-2,1.4
2689,7,top,2,true,false,true,-1,2.1
2690,7,top,2,true,false,true,0,3.1
2691,7,top,2,true,false,true,1,3.4
2692,7,top,2,true,false,true,2,2.6
2693,7,top,2,true,false,true,3,1.7
2694,7,top,2,true,false,true,4,1.1
2695,7,top,2,false,true,true,-4,0.5
2696,7,top,2,false,true,true,-3,0.9
2697,7,top,2,false,true,true,-2,1.5
2698,7,top,2,false,true,true,-1,2.3
2699,7,top,2,false,true,true,0,3.4
2700,7,top,2,false,true,true,1,3.9
2701,7,top,2,false,true,true,2,3.1
2702,7,top,2,false,true,true,3,2.0
2703,7,top,2,false,true,true,4,1.2
2704,7,top,2,true,true,true,-4,0.7
2705,7,top,2,true,true,true,-3,1.2
2706,7,top,2,true,true,true,-2,2.0
2707,7,top,2,true,true,true,-1,3.1
2708,7,top,2,true,true,true,0,4.7
2709,7,top,2,true,true,true,1,5.4
2710,7,top,2,true,true,true,2,4.5
2711,7,top,2,true,true,true,3,3.3
2712,7,top,2,true,true,true,4,2.1
2713,7,bottom,0,false,false,false,-4,0.8
2714,7,bottom,0,false,false,false,-3,1.2
2715,7,bottom,0,false,false,false,-2,1.6
2716,7,bottom,0,false,false,false,-1,1.9
2717,7,bottom,0,false,false,false,0,1.5
2718,7,bottom,0,false,false,false,1,0.8
2719,7,bottom,0,false,false,false,2,0.4
2720,7,bottom,0,false,false,false,3,0.2
2721,7,bottom,0,false,false,false,4,0.1
2722,7,bottom,0,true,false,false,-4,1.4
2723,7,bottom,0,true,false,false,-3,2.0
2724,7,bottom,0,true,false,false,-2,2.6
2725,7,bottom,0,true,false,false,-1,3.0
2726,7,bottom,0,true,false,false,0,2.3
2727,7,bottom,0,true,false,false,1,1.2
2728,7,bottom,0,true,false,false,2,0.7
2729,7,bottom,0,true,false,false,3,0.4
2730,7,bottom,0,true,false,false,4,0.2
2731,7,bottom,0,false,true,false,-4,1.3
2732,7,bottom,0,false,true,false,-3,1.8
2733,7,bottom,0,false,true,false,-2,2.3
2734,7,bottom,0,false,true,false,-1,2.4
2735,7,bottom,0,false,true,false,0,1.8
2736,7,bottom,0,false,true,false,1,0.9
2737,7,bottom,0,false,true,false,2,0.5
2738,7,bottom,0,false,true,false,3,0.3
2739,7,bottom,0,false,true,false,4,0.1
2740,7,bottom,0,false,false,true,-4,1.3
2741,7,bottom,0,false,false,true,-3,1.8
2742,7,bottom,0,false,false,true,-2,2.2
2743,7,bottom,0,false,false,true,-1,2.0
2744,7,bottom,0,false,false,true,0,1.5
2745,7,bottom,0,false,false,true,1,0.8
2746,7,bottom,0,false,false,true,2,0.4
2747,7,bottom,0,false,false,true,3,0.2
2748,7,bottom,0,false,false,true,4,0.1
2749,7,bottom,0,true,true,false,-4,2.2
2750,7,bottom,0,true,true,false,-3,3.0
2751,7,bottom,0,true,true,false,-2,3.6
2752,7,bottom,0,true,true,false,-1,3.5
2753,7,bottom,0,true,true,false,0,2.5
2754,7,bottom,0,true,true,false,1,1.3
2755,7,bottom,0,true,true,false,2,0.8
2756,7,bottom,0,true,true,false,3,0.4
2757,7,bottom,0,true,true,false,4,0.2
2758,7,bottom,0,true,false,true,-4,2.1
2759,7,bottom,0,true,false,true,-3,2.8
2760,7,bottom,0,true,false,true,-2,3.3
2761,7,bottom,0,true,false,true,-1,2.8
2762,7,bottom,0,true,false,true,0,1.7
2763,7,bottom,0,true,false,true,1,0.9
2764,7,bottom,0,true,false,true,2,0.5
2765,7,bottom,0,true,false,true,3,0.3
2766,7,bottom,0,true,false,true,4,0.1
2767,7,bottom,0,false,true,true,-4,2.0
2768,7,bottom,0,false,true,true,-3,2.6
2769,7,bottom,0,false,true,true,-2,2.9
2770,7,bottom,0,false,true,true,-1,2.6
2771,7,bottom,0,false,true,true,0,1.7
2772,7,bottom,0,false,true,true,1,0.9
2773,7,bottom,0,false,true,true,2,0.5
2774,7,bottom,0,false,true,true,3,0.3
2775,7,bottom,0,false,true,true,4,0.1
2776,7,bottom,0,true,true,true,-4,3.3
2777,7,bottom,0,true,true,true,-3,4.0
2778,7,bottom,0,true,true,true,-2,4.1
2779,7,bottom,0,true,true,true,-1,3.5
2780,7,bottom,0,true,true,true,0,2.3
2781,7,bottom,0,true,true,true,1,1.2
2782,7,bottom,0,true,true,true,2,0.7
2783,7,bottom,0,true,true,true,3,0.4
2784,7,bottom,0,true,true,true,4,0.2
2785,7,bottom,1,false,false,false,-4,0.5
2786,7,bottom,1,false,false,false,-3,0.8
2787,7,bottom,1,false,false,false,-2,1.1
2788,7,bottom,1,false,false,false,-1,1.4
2789,7,bottom,1,false,false,false,0,1.2
2790,7,bottom,1,false,false,false,1,0.6
2791,7,bottom,1,false,false,false,2,0.3
2792,7,bottom,1,false,false,false,3,0.2
2793,7,bottom,1,false,false,false,4,0.1
2794,7,bottom,1,true,false,false,-4,1.0
2795,7,bottom,1,true,false,false,-3,1.5
2796,7,bottom,1,true,false,false,-2,2.1
2797,7,bottom,1,true,false,false,-1,2.5
2798,7,bottom,1,true,false,false,0,2.0
2799,7,bottom,1,true,false,false,1,1.1
2800,7,bottom,1,true,false,false,2,0.6
2801,7,bottom,1,true,false,false,3,0.3
2802,7,bottom,1,true,false,false,4,0.2
2803,7,bottom,1,false,true,false,-4,1.0
2804,7,bottom,1,false,true,false,-3,1.5
2805,7,bottom,1,false,true,false,-2,2.1
2806,7,bottom,1,false,true,false,-1,2.6
2807,7,bottom,1,false,true,false,0,2.1
2808,7,bottom,1,false,true,false,1,1.1
2809,7,bottom,1,false,true,false,2,0.6
2810,7,bottom,1,false,true,false,3,0.3
2811,7,bottom,1,false,true,false,4,0.2
2812,7,bottom,1,false,false,true,-4,1.0
2813,7,bottom,1,false,false,true,-3,1.5
2814,7,bottom,1,false,false,true,-2,2.1
2815,7,bottom,1,false,false,true,-1,2.9
2816,7,bottom,1,false,false,true,0,2.5
2817,7,bottom,1,false,false,true,1,1.3
2818,7,bottom,1,false,false,true,2,0.7
2819,7,bottom,1,false,false,true,3,0.4
2820,7,bottom,1,false,false,true,4,0.2
2821,7,bottom,1,true,true,false,-4,1.9
2822,7,bottom,1,true,true,false,-3,2.7
2823,7,bottom,1,true,true,false,-2,3.6
2824,7,bottom,1,true,true,false,-1,4.0
2825,7,bottom,1,true,true,false,0,3.0
2826,7,bottom,1,true,true,false,1,1.6
2827,7,bottom,1,true,true,false,2,0.9
2828,7,bottom,1,true,true,false,3,0.5
2829,7,bottom,1,true,true,false,4,0.3
2830,7,bottom,1,true,false,true,-4,1.8
2831,7,bottom,1,true,false,true,-3,2.6
2832,7,bottom,1,true,false,true,-2,3.2
2833,7,bottom,1,true,false,true,-1,3.7
2834,7,bottom,1,true,false,true,0,3.1
2835,7,bottom,1,true,false,true,1,1.6
2836,7,bottom,1,true,false,true,2,0.9
2837,7,bottom,1,true,false,true,3,0.5
2838,7,bottom,1,true,false,true,4,0.3
2839,7,bottom,1,false,true,true,-4,1.7
2840,7,bottom,1,false,true,true,-3,2.4
2841,7,bottom,1,false,true,true,-2,3.0
2842,7,bottom,1,false,true,true,-1,3.0
2843,7,bottom,1,false,true,true,0,2.5
2844,7,bottom,1,false,true,true,1,1.3
2845,7,bottom,1,false,true,true,2,0.7
2846,7,bottom,1,false,true,true,3,0.4
2847,7,bottom,1,false,true,true,4,0.2
2848,7,bottom,1,true,true,true,-4,3.1
2849,7,bottom,1,true,true,true,-3,4.2
2850,7,bottom,1,true,true,true,-2,4.9
2851,7,bottom,1,true,true,true,-1,4.8
2852,7,bottom,1,true,true,true,0,3.7
2853,7,bottom,1,true,true,true,1,2.0
2854,7,bottom,1,true,true,true,2,1.1
2855,7,bottom,1,true,true,true,3,0.6
2856,7,bottom,1,true,true,true,4,0.3
2857,7,bottom,2,false,false,false,-4,0.2
2858,7,bottom,2,false,false,false,-3,0.4
2859,7,bottom,2,false,false,false,-2,0.7
2860,7,bottom,2,false,false,false,-1,1.0
2861,7,bottom,2,false,false,false,0,0.8
2862,7,bottom,2,false,false,false,1,0.4
2863,7,bottom,2,false,false,false,2,0.2
2864,7,bottom,2,false,false,false,3,0.1
2865,7,bottom,2,false,false,false,4,0.1
2866,7,bottom,2,true,false,false,-4,0.5
2867,7,bottom,2,true,false,false,-3,0.9
2868,7,bottom,2,true,false,false,-2,1.4
2869,7,bottom,2,true,false,false,-1,1.8
2870,7,bottom,2,true,false,false,0,1.5
2871,7,bottom,2,true,false,false,1,0.8
2872,7,bottom,2,true,false,false,2,0.4
2873,7,bottom,2,true,false,false,3,0.2
2874,7,bottom,2,true,false,false,4,0.1
2875,7,bottom,2,false,true,false,-4,0.7
2876,7,bottom,2,false,true,false,-3,1.1
2877,7,bottom,2,false,true,false,-2,1.8
2878,7,bottom,2,false,true,false,-1,2.6
2879,7,bottom,2,false,true,false,0,2.2
2880,7,bottom,2,false,true,false,1,1.1
2881,7,bottom,2,false,true,false,2,0.7
2882,7,bottom,2,false,true,false,3,0.4
2883,7,bottom,2,false,true,false,4,0.2
2884,7,bottom,2,false,false,true,-4,0.8
2885,7,bottom,2,false,false,true,-3,1.3
2886,7,bottom,2,false,false,true,-2,2.0
2887,7,bottom,2,false,false,true,-1,3.0
2888,7,bottom,2,false,false,true,0,2.6
2889,7,bottom,2,false,false,true,1,1.4
2890,7,bottom,2,false,false,true,2,0.8
2891,7,bottom,2,false,false,true,3,0.4
2892,7,bottom,2,false,false,true,4,0.2
2893,7,bottom,2,true,true,false,-4,1.2
2894,7,bottom,2,true,true,false,-3,2.0
2895,7,bottom,2,true,true,false,-2,2.9
2896,7,bottom,2,true,true,false,-1,3.6
2897,7,bottom,2,true,true,false,0,2.9
2898,7,bottom,2,true,true,false,1,1.5
2899,7,bottom,2,true,true,false,2,0.8
2900,7,bottom,2,true,true,false,3,0.5
2901,7,bottom,2,true,true,false,4,0.2
2902,7,bottom,2,true,false,true,-4,1.3
2903,7,bottom,2,true,false,true,-3,2.1
2904,7,bottom,2,true,false,true,-2,3.0
2905,7,bottom,2,true,false,true,-1,3.8
2906,7,bottom,2,true,false,true,0,3.1
2907,7,bottom,2,true,false,true,1,1.6
2908,7,bottom,2,true,false,true,2,0.9
2909,7,bottom,2,true,false,true,3,0.5
2910,7,bottom,2,true,false,true,4,0.3
2911,7,bottom,2,false,true,true,-4,1.5
2912,7,bottom,2,false,true,true,-3,2.4
2913,7,bottom,2,false,true,true,-2,3.6
2914,7,bottom,2,false,true,true,-1,4.3
2915,7,bottom,2,false,true,true,0,3.3
2916,7,bottom,2,false,true,true,1,1.7
2917,7,bottom,2,false,true,true,2,1.0
2918,7,bottom,2,false,true,true,3,0.5
2919,7,bottom,2,false,true,true,4,0.3
2920,7,bottom,2,true,true,true,-4,2.6
2921,7,bottom,2,true,true,true,-3,3.9
2922,7,bottom,2,true,true,true,-2,5.2
2923,7,bottom,2,true,true,true,-1,5.9
2924,7,bottom,2,true,true,true,0,4.5
2925,7,bottom,2,true,true,true,1,2.4
2926,7,bottom,2,true,true,true,2,1.3
2927,7,bottom,2,true,true,true,3,0.7
2928,7,bottom,2,true,true,true,4,0.4
2929,8,top,0,false,false,false,-4,0.2
2930,8,top,0,false,false,false,-3,0.3
2931,8,top,0,false,false,false,-2,0.6
2932,8,top,0,false,false,false,-1,1.0
2933,8,top,0,false,false,false,0,1.9
2934,8,top,0,false,false,false,1,2.2
2935,8,top,0,false,false,false,2,1.5
2936,8,top,0,false,false,false,3,0.9
2937,8,top,0,false,false,false,4,0.6
2938,8,top,0,true,false,false,-4,0.2
2939,8,top,0,true,false,false,-3,0.4
2940,8,top,0,true,false,false,-2,0.8
2941,8,top,0,true,false,false,-1,1.5
2942,8,top,0,true,false,false,0,2.8
2943,8,top,0,true,false,false,1,3.4
2944,8,top,0,true,false,false,2,2.6
2945,8,top,0,true,false,false,3,1.7
2946,8,top,0,true,false,false,4,1.0
2947,8,top,0,false,true,false,-4,0.2
2948,8,top,0,false,true,false,-3,0.4
2949,8,top,0,false,true,false,-2,0.6
2950,8,top,0,false,true,false,-1,1.1
2951,8,top,0,false,true,false,0,2.2
2952,8,top,0,false,true,false,1,2.8
2953,8,top,0,false,true,false,2,2.3
2954,8,top,0,false,true,false,3,1.6
2955,8,top,0,false,true,false,4,1.0
2956,8,top,0,false,false,true,-4,0.2
2957,8,top,0,false,false,true,-3,0.3
2958,8,top,0,false,false,true,-2,0.5
2959,8,top,0,false,false,true,-1,0.9
2960,8,top,0,false,false,true,0,1.8
2961,8,top,0,false,false,true,1,2.4
2962,8,top,0,false,false,true,2,2.3
2963,8,top,0,false,false,true,3,1.6
2964,8,top,0,false,false,true,4,1.0
2965,8,top,0,true,true,false,-4,0.3
2966,8,top,0,true,true,false,-3,0.5
2967,8,top,0,true,true,false,-2,0.9
2968,8,top,0,true,true,false,-1,1.6
2969,8,top,0,true,true,false,0,3.1
2970,8,top,0,true,true,false,1,4.1
2971,8,top,0,true,true,false,2,3.7
2972,8,top,0,true,true,false,3,2.8
2973,8,top,0,true,true,false,4,1.8
2974,8,top,0,true,false,true,-4,0.2
2975,8,top,0,true,false,true,-3,0.3
2976,8,top,0,true,false,true,-2,0.6
2977,8,top,0,true,false,true,-1,1.1
2978,8,top,0,true,false,true,0,2.1
2979,8,top,0,true,false,true,1,3.3
2980,8,top,0,true,false,true,2,3.6
2981,8,top,0,true,false,true,3,2.8
2982,8,top,0,true,false,true,4,1.8
2983,8,top,0,false,true,true,-4,0.2
2984,8,top,0,false,true,true,-3,0.3
2985,8,top,0,false,true,true,-2,0.6
2986,8,top,0,false,true,true,-1,1.1
2987,8,top,0,false,true,true,0,2.1
2988,8,top,0,false,true,true,1,3.1
2989,8,top,0,false,true,true,2,3.2
2990,8,top,0,false,true,true,3,2.6
2991,8,top,0,false,true,true,4,1.7
2992,8,top,0,true,true,true,-4,0.2
2993,8,top,0,true,true,true,-3,0.4
2994,8,top,0,true,true,true,-2,0.8
2995,8,top,0,true,true,true,-1,1.5
2996,8,top,0,true,true,true,0,2.8
2997,8,top,0,true,true,true,1,4.1
2998,8,top,0,true,true,true,2,4.6
2999,8,top,0,true,true,true,3,4.0
3000,8,top,0,true,true,true,4,3.0
3001,8,top,1,false,false,false,-4,0.1
3002,8,top,1,false,false,false,-3,0.2
3003,8,top,1,false,false,false,-2,0.4
3004,8,top,1,false,false,false,-1,0.7
3005,8,top,1,false,false,false,0,1.4
3006,8,top,1,false,false,false,1,1.6
3007,8,top,1,false,false,false,2,1.0
3008,8,top,1,false,false,false,3,0.6
3009,8,top,1,false,false,false,4,0.3
3010,8,top,1,true,false,false,-4,0.2
3011,8,top,1,true,false,false,-3,0.4
3012,8,top,1,true,false,false,-2,0.7
3013,8,top,1,true,false,false,-1,1.3
3014,8,top,1,true,false,false,0,2.4
3015,8,top,1,true,false,false,1,2.9
3016,8,top,1,true,false,false,2,2.0
3017,8,top,1,true,false,false,3,1.2
3018,8,top,1,true,false,false,4,0.7
3019,8,top,1,false,true,false,-4,0.2
3020,8,top,1,false,true,false,-3,0.4
3021,8,top,1,false,true,false,-2,0.8
3022,8,top,1,false,true,false,-1,1.3
3023,8,top,1,false,true,false,0,2.5
3024,8,top,1,false,true,false,1,2.9
3025,8,top,1,false,true,false,2,2.0
3026,8,top,1,false,true,false,3,1.2
3027,8,top,1,false,true,false,4,0.7
3028,8,top,1,false,false,true,-4,0.3
3029,8,top,1,false,false,true,-3,0.5
3030,8,top,1,false,false,true,-2,0.9
3031,8,top,1,false,false,true,-1,1.6
3032,8,top,1,false,false,true,0,3.1
3033,8,top,1,false,false,true,1,3.2
3034,8,top,1,false,false,true,2,2.0
3035,8,top,1,false,false,true,3,1.3
3036,8,top,1,false,false,true,4,0.7
3037,8,top,1,true,true,false,-4,0.3
3038,8,top,1,true,true,false,-3,0.6
3039,8,top,1,true,true,false,-2,1.1
3040,8,top,1,true,true,false,-1,2.0
3041,8,top,1,true,true,false,0,3.7
3042,8,top,1,true,true,false,1,4.5
3043,8,top,1,true,true,false,2,3.5
3044,8,top,1,true,true,false,3,2.4
3045,8,top,1,true,true,false,4,1.4
3046,8,top,1,true,false,true,-4,0.3
3047,8,top,1,true,false,true,-3,0.6
3048,8,top,1,true,false,true,-2,1.1
3049,8,top,1,true,false,true,-1,2.0
3050,8,top,1,true,false,true,0,3.8
3051,8,top,1,true,false,true,1,4.2
3052,8,top,1,true,false,true,2,3.3
3053,8,top,1,true,false,true,3,2.3
3054,8,top,1,true,false,true,4,1.4
3055,8,top,1,false,true,true,-4,0.3
3056,8,top,1,false,true,true,-3,0.5
3057,8,top,1,false,true,true,-2,0.9
3058,8,top,1,false,true,true,-1,1.6
3059,8,top,1,false,true,true,0,3.0
3060,8,top,1,false,true,true,1,3.4
3061,8,top,1,false,true,true,2,3.2
3062,8,top,1,false,true,true,3,2.2
3063,8,top,1,false,true,true,4,1.3
3064,8,top,1,true,true,true,-4,0.4
3065,8,top,1,true,true,true,-3,0.7
3066,8,top,1,true,true,true,-2,1.4
3067,8,top,1,true,true,true,-1,2.4
3068,8,top,1,true,true,true,0,4.6
3069,8,top,1,true,true,true,1,5.6
3070,8,top,1,true,true,true,2,5.2
3071,8,top,1,true,true,true,3,3.9
3072,8,top,1,true,true,true,4,2.6
3073,8,top,2,false,false,false,-4,0.1
3074,8,top,2,false,false,false,-3,0.2
3075,8,top,2,false,false,false,-2,0.3
3076,8,top,2,false,false,false,-1,0.5
3077,8,top,2,false,false,false,0,1.0
3078,8,top,2,false,false,false,1,1.1
3079,8,top,2,false,false,false,2,0.6
3080,8,top,2,false,false,false,3,0.3
3081,8,top,2,false,false,false,4,0.1
3082,8,top,2,true,false,false,-4,0.2
3083,8,top,2,true,false,false,-3,0.3
3084,8,top,2,true,false,false,-2,0.5
3085,8,top,2,true,false,false,-1,1.0
3086,8,top,2,true,false,false,0,1.8
3087,8,top,2,true,false,false,1,2.1
3088,8,top,2,true,false,false,2,1.3
3089,8,top,2,true,false,false,3,0.7
3090,8,top,2,true,false,false,4,0.3
3091,8,top,2,false,true,false,-4,0.2
3092,8,top,2,false,true,false,-3,0.4
3093,8,top,2,false,true,false,-2,0.8
3094,8,top,2,false,true,false,-1,1.4
3095,8,top,2,false,true,false,0,2.7
3096,8,top,2,false,true,false,1,2.8
3097,8,top,2,false,true,false,2,1.5
3098,8,top,2,false,true,false,3,0.8
3099,8,top,2,false,true,false,4,0.4
3100,8,top,2,false,false,true,-4,0.3
3101,8,top,2,false,false,true,-3,0.5
3102,8,top,2,false,false,true,-2,0.9
3103,8,top,2,false,false,true,-1,1.6
3104,8,top,2,false,false,true,0,3.2
3105,8,top,2,false,false,true,1,3.3
3106,8,top,2,false,false,true,2,1.7
3107,8,top,2,false,false,true,3,0.9
3108,8,top,2,false,false,true,4,0.4
3109,8,top,2,true,true,false,-4,0.3
3110,8,top,2,true,true,false,-3,0.6
3111,8,top,2,true,true,false,-2,1.0
3112,8,top,2,true,true,false,-1,1.8
3113,8,top,2,true,true,false,0,3.5
3114,8,top,2,true,true,false,1,4.0
3115,8,top,2,true,true,false,2,2.7
3116,8,top,2,true,true,false,3,1.6
3117,8,top,2,true,true,false,4,0.8
3118,8,top,2,true,false,true,-4,0.3
3119,8,top,2,true,false,true,-3,0.6
3120,8,top,2,true,false,true,-2,1.1
3121,8,top,2,true,false,true,-1,2.0
3122,8,top,2,true,false,true,0,3.8
3123,8,top,2,true,false,true,1,4.3
3124,8,top,2,true,false,true,2,2.8
3125,8,top,2,true,false,true,3,1.6
3126,8,top,2,true,false,true,4,0.8
3127,8,top,2,false,true,true,-4,0.3
3128,8,top,2,false,true,true,-3,0.7
3129,8,top,2,false,true,true,-2,1.2
3130,8,top,2,false,true,true,-1,2.1
3131,8,top,2,false,true,true,0,4.0
3132,8,top,2,false,true,true,1,4.9
3133,8,top,2,false,true,true,2,3.5
3134,8,top,2,false,true,true,3,1.9
3135,8,top,2,false,true,true,4,1.0
3136,8,top,2,true,true,true,-4,0.5
3137,8,top,2,true,true,true,-3,0.9
3138,8,top,2,true,true,true,-2,1.6
3139,8,top,2,true,true,true,-1,2.9
3140,8,top,2,true,true,true,0,5.6
3141,8,top,2,true,true,true,1,6.8
3142,8,top,2,true,true,true,2,5.1
3143,8,top,2,true,true,true,3,3.3
3144,8,top,2,true,true,true,4,1.9
3145,8,bottom,0,false,false,false,-4,0.7
3146,8,bottom,0,false,false,false,-3,1.1
3147,8,bottom,0,false,false,false,-2,1.8
3148,8,bottom,0,false,false,false,-1,2.5
3149,8,bottom,0,false,false,false,0,1.8
3150,8,bottom,0,false,false,false,1,0.6
3151,8,bottom,0,false,false,false,2,0.3
3152,8,bottom,0,false,false,false,3,0.1
3153,8,bottom,0,false,false,false,4,0.1
3154,8,bottom,0,true,false,false,-4,1.3
3155,8,bottom,0,true,false,false,-3,2.1
3156,8,bottom,0,true,false,false,-2,3.1
3157,8,bottom,0,true,false,false,-1,3.8
3158,8,bottom,0,true,false,false,0,2.6
3159,8,bottom,0,true,false,false,1,0.9
3160,8,bottom,0,true,false,false,2,0.4
3161,8,bottom,0,true,false,false,3,0.2
3162,8,bottom,0,true,false,false,4,0.1
3163,8,bottom,0,false,true,false,-4,1.2
3164,8,bottom,0,false,true,false,-3,1.9
3165,8,bottom,0,false,true,false,-2,2.7
3166,8,bottom,0,false,true,false,-1,3.1
3167,8,bottom,0,false,true,false,0,2.0
3168,8,bottom,0,false,true,false,1,0.7
3169,8,bottom,0,false,true,false,2,0.3
3170,8,bottom,0,false,true,false,3,0.1
3171,8,bottom,0,false,true,false,4,0.1
3172,8,bottom,0,false,false,true,-4,1.2
3173,8,bottom,0,false,false,true,-3,1.9
3174,8,bottom,0,false,false,true,-2,2.7
3175,8,bottom,0,false,false,true,-1,2.5
3176,8,bottom,0,false,false,true,0,1.7
3177,8,bottom,0,false,false,true,1,0.6
3178,8,bottom,0,false,false,true,2,0.3
3179,8,bottom,0,false,false,true,3,0.1
3180,8,bottom,0,false,false,true,4,0.1
3181,8,bottom,0,true,true,false,-4,2.2
3182,8,bottom,0,true,true,false,-3,3.3
3183,8,bottom,0,true,true,false,-2,4.2
3184,8,bottom,0,true,true,false,-1,4.4
3185,8,bottom,0,true,true,false,0,2.8
3186,8,bottom,0,true,true,false,1,0.9
3187,8,bottom,0,true,true,false,2,0.4
3188,8,bottom,0,true,true,false,3,0.2
3189,8,bottom,0,true,true,false,4,0.1
3190,8,bottom,0,true,false,true,-4,2.2
3191,8,bottom,0,true,false,true,-3,3.2
3192,8,bottom,0,true,false,true,-2,4.1
3193,8,bottom,0,true,false,true,-1,3.3
3194,8,bottom,0,true,false,true,0,1.8
3195,8,bottom,0,true,false,true,1,0.6
3196,8,bottom,0,true,false,true,2,0.3
3197,8,bottom,0,true,false,true,3,0.1
3198,8,bottom,0,true,false,true,4,0.1
3199,8,bottom,0,false,true,true,-4,2.1
3200,8,bottom,0,false,true,true,-3,3.0
3201,8,bottom,0,false,true,true,-2,3.6
3202,8,bottom,0,false,true,true,-1,3.3
3203,8,bottom,0,false,true,true,0,1.8
3204,8,bottom,0,false,true,true,1,0.6
3205,8,bottom,0,false,true,true,2,0.3
3206,8,bottom,0,false,true,true,3,0.1
3207,8,bottom,0,false,true,true,4,0.1
3208,8,bottom,0,true,true,true,-4,3.5
3209,8,bottom,0,true,true,true,-3,4.6
3210,8,bottom,0,true,true,true,-2,5.0
3211,8,bottom,0,true,true,true,-1,4.2
3212,8,bottom,0,true,true,true,0,2.2
3213,8,bottom,0,true,true,true,1,0.8
3214,8,bottom,0,true,true,true,2,0.4
3215,8,bottom,0,true,true,true,3,0.2
3216,8,bottom,0,true,true,true,4,0.1
3217,8,bottom,1,false,false,false,-4,0.4
3218,8,bottom,1,false,false,false,-3,0.7
3219,8,bottom,1,false,false,false,-2,1.2
3220,8,bottom,1,false,false,false,-1,1.9
3221,8,bottom,1,false,false,false,0,1.4
3222,8,bottom,1,false,false,false,1,0.5
3223,8,bottom,1,false,false,false,2,0.2
3224,8,bottom,1,false,false,false,3,0.1
3225,8,bottom,1,false,false,false,4,0.0
3226,8,bottom,1,true,false,false,-4,0.8
3227,8,bottom,1,true,false,false,-3,1.5
3228,8,bottom,1,true,false,false,-2,2.4
3229,8,bottom,1,true,false,false,-1,3.4
3230,8,bottom,1,true,false,false,0,2.4
3231,8,bottom,1,true,false,false,1,0.8
3232,8,bottom,1,true,false,false,2,0.4
3233,8,bottom,1,true,false,false,3,0.2
3234,8,bottom,1,true,false,false,4,0.1
3235,8,bottom,1,false,true,false,-4,0.8
3236,8,bottom,1,false,true,false,-3,1.5
3237,8,bottom,1,false,true,false,-2,2.4
3238,8,bottom,1,false,true,false,-1,3.4
3239,8,bottom,1,false,true,false,0,2.5
3240,8,bottom,1,false,true,false,1,0.8
3241,8,bottom,1,false,true,false,2,0.4
3242,8,bottom,1,false,true,false,3,0.2
3243,8,bottom,1,false,true,false,4,0.1
3244,8,bottom,1,false,false,true,-4,0.9
3245,8,bottom,1,false,false,true,-3,1.5
3246,8,bottom,1,false,false,true,-2,2.4
3247,8,bottom,1,false,false,true,-1,3.9
3248,8,bottom,1,false,false,true,0,3.2
3249,8,bottom,1,false,false,true,1,1.0
3250,8,bottom,1,false,false,true,2,0.5
3251,8,bottom,1,false,false,true,3,0.2
3252,8,bottom,1,false,false,true,4,0.1
3253,8,bottom,1,true,true,false,-4,1.7
3254,8,bottom,1,true,true,false,-3,2.9
3255,8,bottom,1,true,true,false,-2,4.1
3256,8,bottom,1,true,true,false,-1,5.1
3257,8,bottom,1,true,true,false,0,3.5
3258,8,bottom,1,true,true,false,1,1.1
3259,8,bottom,1,true,true,false,2,0.5
3260,8,bottom,1,true,true,false,3,0.3
3261,8,bottom,1,true,true,false,4,0.1
3262,8,bottom,1,true,false,true,-4,1.7
3263,8,bottom,1,true,false,true,-3,2.7
3264,8,bottom,1,true,false,true,-2,3.9
3265,8,bottom,1,true,false,true,-1,4.9
3266,8,bottom,1,true,false,true,0,3.8
3267,8,bottom,1,true,false,true,1,1.2
3268,8,bottom,1,true,false,true,2,0.6
3269,8,bottom,1,true,false,true,3,0.3
3270,8,bottom,1,true,false,true,4,0.1
3271,8,bottom,1,false,true,true,-4,1.6
3272,8,bottom,1,false,true,true,-3,2.6
3273,8,bottom,1,false,true,true,-2,3.7
3274,8,bottom,1,false,true,true,-1,4.0
3275,8,bottom,1,false,true,true,0,3.0
3276,8,bottom,1,false,true,true,1,0.9
3277,8,bottom,1,false,true,true,2,0.4
3278,8,bottom,1,false,true,true,3,0.2
3279,8,bottom,1,false,true,true,4,0.1
3280,8,bottom,1,true,true,true,-4,3.1
3281,8,bottom,1,true,true,true,-3,4.6
3282,8,bottom,1,true,true,true,-2,5.9
3283,8,bottom,1,true,true,true,-1,6.2
3284,8,bottom,1,true,true,true,0,4.4
3285,8,bottom,1,true,true,true,1,1.4
3286,8,bottom,1,true,true,true,2,0.7
3287,8,bottom,1,true,true,true,3,0.3
3288,8,bottom,1,true,true,true,4,0.1
3289,8,bottom,2,false,false,false,-4,0.2
3290,8,bottom,2,false,false,false,-3,0.4
3291,8,bottom,2,false,false,false,-2,0.7
3292,8,bottom,2,false,false,false,-1,1.3
3293,8,bottom,2,false,false,false,0,1.1
3294,8,bottom,2,false,false,false,1,0.3
3295,8,bottom,2,false,false,false,2,0.2
3296,8,bottom,2,false,false,false,3,0.1
3297,8,bottom,2,false,false,false,4,0.0
3298,8,bottom,2,true,false,false,-4,0.4
3299,8,bottom,2,true,false,false,-3,0.8
3300,8,bottom,2,true,false,false,-2,1.6
3301,8,bottom,2,true,false,false,-1,2.5
3302,8,bottom,2,true,false,false,0,1.8
3303,8,bottom,2,true,false,false,1,0.6
3304,8,bottom,2,true,false,false,2,0.3
3305,8,bottom,2,true,false,false,3,0.1
3306,8,bottom,2,true,false,false,4,0.1
3307,8,bottom,2,false,true,false,-4,0.5
3308,8,bottom,2,false,true,false,-3,1.0
3309,8,bottom,2,false,true,false,-2,1.9
3310,8,bottom,2,false,true,false,-1,3.5
3311,8,bottom,2,false,true,false,0,2.8
3312,8,bottom,2,false,true,false,1,0.9
3313,8,bottom,2,false,true,false,2,0.4
3314,8,bottom,2,false,true,false,3,0.2
3315,8,bottom,2,false,true,false,4,0.1
3316,8,bottom,2,false,false,true,-4,0.5
3317,8,bottom,2,false,false,true,-3,1.1
3318,8,bottom,2,false,false,true,-2,2.1
3319,8,bottom,2,false,false,true,-1,4.1
3320,8,bottom,2,false,false,true,0,3.4
3321,8,bottom,2,false,false,true,1,1.0
3322,8,bottom,2,false,false,true,2,0.5
3323,8,bottom,2,false,false,true,3,0.2
3324,8,bottom,2,false,false,true,4,0.1
3325,8,bottom,2,true,true,false,-4,1.0
3326,8,bottom,2,true,true,false,-3,2.0
3327,8,bottom,2,true,true,false,-2,3.3
3328,8,bottom,2,true,true,false,-1,4.7
3329,8,bottom,2,true,true,false,0,3.5
3330,8,bottom,2,true,true,false,1,1.1
3331,8,bottom,2,true,true,false,2,0.5
3332,8,bottom,2,true,true,false,3,0.2
3333,8,bottom,2,true,true,false,4,0.1
3334,8,bottom,2,true,false,true,-4,1.0
3335,8,bottom,2,true,false,true,-3,2.0
3336,8,bottom,2,true,false,true,-2,3.4
3337,8,bottom,2,true,false,true,-1,5.1
3338,8,bottom,2,true,false,true,0,3.8
3339,8,bottom,2,true,false,true,1,1.2
3340,8,bottom,2,true,false,true,2,0.6
3341,8,bottom,2,true,false,true,3,0.3
3342,8,bottom,2,true,false,true,4,0.1
3343,8,bottom,2,false,true,true,-4,1.2
3344,8,bottom,2,false,true,true,-3,2.3
3345,8,bottom,2,false,true,true,-2,4.2
3346,8,bottom,2,false,true,true,-1,5.8
3347,8,bottom,2,false,true,true,0,3.9
3348,8,bottom,2,false,true,true,1,1.3
3349,8,bottom,2,false,true,true,2,0.6
3350,8,bottom,2,false,true,true,3,0.3
3351,8,bottom,2,false,true,true,4,0.1
3352,8,bottom,2,true,true,true,-4,2.3
3353,8,bottom,2,true,true,true,-3,4.0
3354,8,bottom,2,true,true,true,-2,6.1
3355,8,bottom,2,true,true,true,-1,7.7
3356,8,bottom,2,true,true,true,0,5.3
3357,8,bottom,2,true,true,true,1,1.7
3358,8,bottom,2,true,true,true,2,0.8
3359,8,bottom,2,true,true,true,3,0.4
3360,8,bottom,2,true,true,true,4,0.2
3361,9,top,0,false,false,false,-4,0.1
3362,9,top,0,false,false,false,-3,0.2
3363,9,top,0,false,false,false,-2,0.3
3364,9,top,0,false,false,false,-1,0.7
3365,9,top,0,false,false,false,0,2.4
3366,9,top,0,false,false,false,1,2.9
3367,9,top,0,false,false,false,2,1.6
3368,9,top,0,false,false,false,3,0.8
3369,9,top,0,false,false,false,4,0.4
3370,9,top,0,true,false,false,-4,0.1
3371,9,top,0,true,false,false,-3,0.2
3372,9,top,0,true,false,false,-2,0.5
3373,9,top,0,true,false,false,-1,1.1
3374,9,top,0,true,false,false,0,3.4
3375,9,top,0,true,false,false,1,4.6
3376,9,top,0,true,false,false,2,2.9
3377,9,top,0,true,false,false,3,1.6
3378,9,top,0,true,false,false,4,0.8
3379,9,top,0,false,true,false,-4,0.1
3380,9,top,0,false,true,false,-3,0.2
3381,9,top,0,false,true,false,-2,0.4
3382,9,top,0,false,true,false,-1,0.8
3383,9,top,0,false,true,false,0,2.6
3384,9,top,0,false,true,false,1,3.7
3385,9,top,0,false,true,false,2,2.7
3386,9,top,0,false,true,false,3,1.5
3387,9,top,0,false,true,false,4,0.8
3388,9,top,0,false,false,true,-4,0.1
3389,9,top,0,false,false,true,-3,0.2
3390,9,top,0,false,false,true,-2,0.3
3391,9,top,0,false,false,true,-1,0.7
3392,9,top,0,false,false,true,0,2.3
3393,9,top,0,false,false,true,1,3.1
3394,9,top,0,false,false,true,2,2.9
3395,9,top,0,false,false,true,3,1.6
3396,9,top,0,false,false,true,4,0.8
3397,9,top,0,true,true,false,-4,0.1
3398,9,top,0,true,true,false,-3,0.3
3399,9,top,0,true,true,false,-2,0.6
3400,9,top,0,true,true,false,-1,1.2
3401,9,top,0,true,true,false,0,3.6
3402,9,top,0,true,true,false,1,5.3
3403,9,top,0,true,true,false,2,4.4
3404,9,top,0,true,true,false,3,2.9
3405,9,top,0,true,true,false,4,1.6
3406,9,top,0,true,false,true,-4,0.1
3407,9,top,0,true,false,true,-3,0.2
3408,9,top,0,true,false,true,-2,0.4
3409,9,top,0,true,false,true,-1,0.8
3410,9,top,0,true,false,true,0,2.3
3411,9,top,0,true,false,true,1,4.2
3412,9,top,0,true,false,true,2,4.6
3413,9,top,0,true,false,true,3,3.0
3414,9,top,0,true,false,true,4,1.7
3415,9,top,0,false,true,true,-4,0.1
3416,9,top,0,false,true,true,-3,0.2
3417,9,top,0,false,true,true,-2,0.4
3418,9,top,0,false,true,true,-1,0.8
3419,9,top,0,false,true,true,0,2.4
3420,9,top,0,false,true,true,1,4.0
3421,9,top,0,false,true,true,2,4.0
3422,9,top,0,false,true,true,3,2.9
3423,9,top,0,false,true,true,4,1.6
3424,9,top,0,true,true,true,-4,0.1
3425,9,top,0,true,true,true,-3,0.2
3426,9,top,0,true,true,true,-2,0.5
3427,9,top,0,true,true,true,-1,1.0
3428,9,top,0,true,true,true,0,2.9
3429,9,top,0,true,true,true,1,5.2
3430,9,top,0,true,true,true,2,5.7
3431,9,top,0,true,true,true,3,4.6
3432,9,top,0,true,true,true,4,3.1
3433,9,top,1,false,false,false,-4,0.1
3434,9,top,1,false,false,false,-3,0.1
3435,9,top,1,false,false,false,-2,0.3
3436,9,top,1,false,false,false,-1,0.6
3437,9,top,1,false,false,false,0,1.9
3438,9,top,1,false,false,false,1,2.2
3439,9,top,1,false,false,false,2,1.0
3440,9,top,1,false,false,false,3,0.5
3441,9,top,1,false,false,false,4,0.2
3442,9,top,1,true,false,false,-4,0.1
3443,9,top,1,true,false,false,-3,0.2
3444,9,top,1,true,false,false,-2,0.5
3445,9,top,1,true,false,false,-1,1.0
3446,9,top,1,true,false,false,0,3.1
3447,9,top,1,true,false,false,1,3.9
3448,9,top,1,true,false,false,2,2.2
3449,9,top,1,true,false,false,3,1.0
3450,9,top,1,true,false,false,4,0.4
3451,9,top,1,false,true,false,-4,0.1
3452,9,top,1,false,true,false,-3,0.2
3453,9,top,1,false,true,false,-2,0.5
3454,9,top,1,false,true,false,-1,1.0
3455,9,top,1,false,true,false,0,3.3
3456,9,top,1,false,true,false,1,4.0
3457,9,top,1,false,true,false,2,2.2
3458,9,top,1,false,true,false,3,1.0
3459,9,top,1,false,true,false,4,0.5
3460,9,top,1,false,false,true,-4,0.1
3461,9,top,1,false,false,true,-3,0.3
3462,9,top,1,false,false,true,-2,0.6
3463,9,top,1,false,false,true,-1,1.2
3464,9,top,1,false,false,true,0,4.3
3465,9,top,1,false,false,true,1,4.4
3466,9,top,1,false,false,true,2,2.3
3467,9,top,1,false,false,true,3,1.1
3468,9,top,1,false,false,true,4,0.5
3469,9,top,1,true,true,false,-4,0.1
3470,9,top,1,true,true,false,-3,0.3
3471,9,top,1,true,true,false,-2,0.7
3472,9,top,1,true,true,false,-1,1.4
3473,9,top,1,true,true,false,0,4.6
3474,9,top,1,true,true,false,1,6.1
3475,9,top,1,true,true,false,2,4.0
3476,9,top,1,true,true,false,3,2.3
3477,9,top,1,true,true,false,4,1.1
3478,9,top,1,true,false,true,-4,0.1
3479,9,top,1,true,false,true,-3,0.3
3480,9,top,1,true,false,true,-2,0.7
3481,9,top,1,true,false,true,-1,1.5
3482,9,top,1,true,false,true,0,5.0
3483,9,top,1,true,false,true,1,5.7
3484,9,top,1,true,false,true,2,4.0
3485,9,top,1,true,false,true,3,2.3
3486,9,top,1,true,false,true,4,1.1
3487,9,top,1,false,true,true,-4,0.1
3488,9,top,1,false,true,true,-3,0.3
3489,9,top,1,false,true,true,-2,0.6
3490,9,top,1,false,true,true,-1,1.2
3491,9,top,1,false,true,true,0,3.9
3492,9,top,1,false,true,true,1,4.6
3493,9,top,1,false,true,true,2,3.9
3494,9,top,1,false,true,true,3,2.3
3495,9,top,1,false,true,true,4,1.1
3496,9,top,1,true,true,true,-4,0.2
3497,9,top,1,true,true,true,-3,0.4
3498,9,top,1,true,true,true,-2,0.8
3499,9,top,1,true,true,true,-1,1.8
3500,9,top,1,true,true,true,0,5.7
3501,9,top,1,true,true,true,1,7.3
3502,9,top,1,true,true,true,2,6.2
3503,9,top,1,true,true,true,3,4.2
3504,9,top,1,true,true,true,4,2.4
3505,9,top,2,false,false,false,-4,0.0
3506,9,top,2,false,false,false,-3,0.1
3507,9,top,2,false,false,false,-2,0.2
3508,9,top,2,false,false,false,-1,0.4
3509,9,top,2,false,false,false,0,1.4
3510,9,top,2,false,false,false,1,1.5
3511,9,top,2,false,false,false,2,0.5
3512,9,top,2,false,false,false,3,0.2
3513,9,top,2,false,false,false,4,0.1
3514,9,top,2,true,false,false,-4,0.1
3515,9,top,2,true,false,false,-3,0.2
3516,9,top,2,true,false,false,-2,0.3
3517,9,top,2,true,false,false,-1,0.7
3518,9,top,2,true,false,false,0,2.4
3519,9,top,2,true,false,false,1,2.9
3520,9,top,2,true,false,false,2,1.3
3521,9,top,2,true,false,false,3,0.4
3522,9,top,2,true,false,false,4,0.1
3523,9,top,2,false,true,false,-4,0.1
3524,9,top,2,false,true,false,-3,0.2
3525,9,top,2,false,true,false,-2,0.5
3526,9,top,2,false,true,false,-1,1.1
3527,9,top,2,false,true,false,0,3.7
3528,9,top,2,false,true,false,1,4.0
3529,9,top,2,false,true,false,2,1.4
3530,9,top,2,false,true,false,3,0.5
3531,9,top,2,false,true,false,4,0.2
3532,9,top,2,false,false,true,-4,0.1
3533,9,top,2,false,false,true,-3,0.3
3534,9,top,2,false,false,true,-2,0.6
3535,9,top,2,false,false,true,-1,1.3
3536,9,top,2,false,false,true,0,4.4
3537,9,top,2,false,false,true,1,4.6
3538,9,top,2,false,false,true,2,1.4
3539,9,top,2,false,false,true,3,0.5
3540,9,top,2,false,false,true,4,0.2
3541,9,top,2,true,true,false,-4,0.1
3542,9,top,2,true,true,false,-3,0.3
3543,9,top,2,true,true,false,-2,0.7
3544,9,top,2,true,true,false,-1,1.4
3545,9,top,2,true,true,false,0,4.5
3546,9,top,2,true,true,false,1,5.5
3547,9,top,2,true,true,false,2,2.9
3548,9,top,2,true,true,false,3,1.3
3549,9,top,2,true,true,false,4,0.4
3550,9,top,2,true,false,true,-4,0.2
3551,9,top,2,true,false,true,-3,0.3
3552,9,top,2,true,false,true,-2,0.7
3553,9,top,2,true,false,true,-1,1.5
3554,9,top,2,true,false,true,0,5.0
3555,9,top,2,true,false,true,1,5.9
3556,9,top,2,true,false,true,2,2.9
3557,9,top,2,true,false,true,3,1.3
3558,9,top,2,true,false,true,4,0.4
3559,9,top,2,false,true,true,-4,0.2
3560,9,top,2,false,true,true,-3,0.3
3561,9,top,2,false,true,true,-2,0.7
3562,9,top,2,false,true,true,-1,1.6
3563,9,top,2,false,true,true,0,5.1
3564,9,top,2,false,true,true,1,6.9
3565,9,top,2,false,true,true,2,3.9
3566,9,top,2,false,true,true,3,1.4
3567,9,top,2,false,true,true,4,0.5
3568,9,top,2,true,true,true,-4,0.2
3569,9,top,2,true,true,true,-3,0.5
3570,9,top,2,true,true,true,-2,1.0
3571,9,top,2,true,true,true,-1,2.1
3572,9,top,2,true,true,true,0,6.9
3573,9,top,2,true,true,true,1,9.1
3574,9,top,2,true,true,true,2,5.7
3575,9,top,2,true,true,true,3,3.1
3576,9,top,2,true,true,true,4,1.4
3577,9,bottom,0,false,false,false,-4,0.5
3578,9,bottom,0,false,false,false,-3,1.0
3579,9,bottom,0,false,false,false,-2,2.0
3580,9,bottom,0,false,false,false,-1,3.6
3581,9,bottom,0,false,false,false,0,2.3
3582,9,bottom,0,true,false,false,-4,1.0
3583,9,bottom,0,true,false,false,-3,2.0
3584,9,bottom,0,true,false,false,-2,3.6
3585,9,bottom,0,true,false,false,-1,5.4
3586,9,bottom,0,true,false,false,0,3.1
3587,9,bottom,0,false,true,false,-4,1.0
3588,9,bottom,0,false,true,false,-3,1.9
3589,9,bottom,0,false,true,false,-2,3.3
3590,9,bottom,0,false,true,false,-1,4.3
3591,9,bottom,0,false,true,false,0,2.5
3592,9,bottom,0,false,false,true,-4,1.1
3593,9,bottom,0,false,false,true,-3,2.0
3594,9,bottom,0,false,false,true,-2,3.6
3595,9,bottom,0,false,false,true,-1,3.5
3596,9,bottom,0,false,false,true,0,2.1
3597,9,bottom,0,true,true,false,-4,2.0
3598,9,bottom,0,true,true,false,-3,3.6
3599,9,bottom,0,true,true,false,-2,5.2
3600,9,bottom,0,true,true,false,-1,6.0
3601,9,bottom,0,true,true,false,0,3.2
3602,9,bottom,0,true,false,true,-4,2.1
3603,9,bottom,0,true,false,true,-3,3.7
3604,9,bottom,0,true,false,true,-2,5.5
3605,9,bottom,0,true,false,true,-1,4.3
3606,9,bottom,0,true,false,true,0,2.1
3607,9,bottom,0,false,true,true,-4,2.0
3608,9,bottom,0,false,true,true,-3,3.5
3609,9,bottom,0,false,true,true,-2,4.7
3610,9,bottom,0,false,true,true,-1,4.3
3611,9,bottom,0,false,true,true,0,2.0
3612,9,bottom,0,true,true,true,-4,3.7
3613,9,bottom,0,true,true,true,-3,5.4
3614,9,bottom,0,true,true,true,-2,6.4
3615,9,bottom,0,true,true,true,-1,5.3
3616,9,bottom,0,true,true,true,0,2.4
3617,9,bottom,1,false,false,false,-4,0.2
3618,9,bottom,1,false,false,false,-3,0.6
3619,9,bottom,1,false,false,false,-2,1.3
3620,9,bottom,1,false,false,false,-1,2.8
3621,9,bottom,1,false,false,false,0,1.9
3622,9,bottom,1,true,false,false,-4,0.6
3623,9,bottom,1,true,false,false,-3,1.3
3624,9,bottom,1,true,false,false,-2,2.8
3625,9,bottom,1,true,false,false,-1,4.8
3626,9,bottom,1,true,false,false,0,3.0
3627,9,bottom,1,false,true,false,-4,0.6
3628,9,bottom,1,false,true,false,-3,1.3
3629,9,bottom,1,false,true,false,-2,2.7
3630,9,bottom,1,false,true,false,-1,5.0
3631,9,bottom,1,false,true,false,0,3.2
3632,9,bottom,1,false,false,true,-4,0.6
3633,9,bottom,1,false,false,true,-3,1.4
3634,9,bottom,1,false,false,true,-2,2.9
3635,9,bottom,1,false,false,true,-1,5.8
3636,9,bottom,1,false,false,true,0,4.5
3637,9,bottom,1,true,true,false,-4,1.3
3638,9,bottom,1,true,true,false,-3,2.9
3639,9,bottom,1,true,true,false,-2,4.8
3640,9,bottom,1,true,true,false,-1,7.2
3641,9,bottom,1,true,true,false,0,4.3
3642,9,bottom,1,true,false,true,-4,1.4
3643,9,bottom,1,true,false,true,-3,2.9
3644,9,bottom,1,true,false,true,-2,4.9
3645,9,bottom,1,true,false,true,-1,7.1
3646,9,bottom,1,true,false,true,0,5.0
3647,9,bottom,1,false,true,true,-4,1.4
3648,9,bottom,1,false,true,true,-3,2.8
3649,9,bottom,1,false,true,true,-2,4.8
3650,9,bottom,1,false,true,true,-1,5.7
3651,9,bottom,1,false,true,true,0,4.0
3652,9,bottom,1,true,true,true,-4,3.0
3653,9,bottom,1,true,true,true,-3,5.1
3654,9,bottom,1,true,true,true,-2,7.3
3655,9,bottom,1,true,true,true,-1,8.6
3656,9,bottom,1,true,true,true,0,5.4
3657,9,bottom,2,false,false,false,-4,0.1
3658,9,bottom,2,false,false,false,-3,0.2
3659,9,bottom,2,false,false,false,-2,0.6
3660,9,bottom,2,false,false,false,-1,1.9
3661,9,bottom,2,false,false,false,0,1.5
3662,9,bottom,2,true,false,false,-4,0.2
3663,9,bottom,2,true,false,false,-3,0.5
3664,9,bottom,2,true,false,false,-2,1.7
3665,9,bottom,2,true,false,false,-1,3.7
3666,9,bottom,2,true,false,false,0,2.4
3667,9,bottom,2,false,true,false,-4,0.2
3668,9,bottom,2,false,true,false,-3,0.6
3669,9,bottom,2,false,true,false,-2,1.8
3670,9,bottom,2,false,true,false,-1,5.2
3671,9,bottom,2,false,true,false,0,3.9
3672,9,bottom,2,false,false,true,-4,0.2
3673,9,bottom,2,false,false,true,-3,0.7
3674,9,bottom,2,false,false,true,-2,1.8
3675,9,bottom,2,false,false,true,-1,6.1
3676,9,bottom,2,false,false,true,0,4.7
3677,9,bottom,2,true,true,false,-4,0.6
3678,9,bottom,2,true,true,false,-3,1.7
3679,9,bottom,2,true,true,false,-2,3.7
3680,9,bottom,2,true,true,false,-1,6.8
3681,9,bottom,2,true,true,false,0,4.4
3682,9,bottom,2,true,false,true,-4,0.6
3683,9,bottom,2,true,false,true,-3,1.7
3684,9,bottom,2,true,false,true,-2,3.7
3685,9,bottom,2,true,false,true,-1,7.4
3686,9,bottom,2,true,false,true,0,5.0
3687,9,bottom,2,false,true,true,-4,0.7
3688,9,bottom,2,false,true,true,-3,1.8
3689,9,bottom,2,false,true,true,-2,5.1
3690,9,bottom,2,false,true,true,-1,8.4
3691,9,bottom,2,false,true,true,0,4.7
3692,9,bottom,2,true,true,true,-4,1.8
3693,9,bottom,2,true,true,true,-3,3.9
3694,9,bottom,2,true,true,true,-2,7.0
3695,9,bottom,2,true,true,true,-1,10.9
3696,9,bottom,2,true,true,true,0,6.4
