Season,Team,Basic (5yr),3yr,1yr,1B,2B,3B,HR,SO,BB,GB,FB,LD,IFFB,FIP
1871,Red Stockings,101.57378911972046,103.26944589614868,100.4957914352417,,,,,,,,,,,
1871,White Stockings,101.33383274078369,102.22306251525879,102.22306251525879,,,,,,,,,,,
1872,Red Stockings,101.61082744598389,103.3487319946289,98.8122820854187,,,,,,,,,,,
1873,Red Stockings,101.57378911972046,103.41953039169312,106.00858926773071,,,,,,,,,,,
1874,Red Stockings,100.21889209747314,101.93935632705688,103.43343019485474,,,,,,,,,,,
1874,White Stockings,104.4460654258728,106.17585182189941,95.4494059085846,,,,,,,,,,,
1875,Red Stockings,100.55090188980103,98.36656451225281,95.30660510063171,,,,,,,,,,,
1875,White Stockings,104.71595525741577,106.55970573425293,107.3735237121582,,,,,,,,,,,
1876,Red Caps,99.36835765838623,97.11297750473022,96.2043821811676,,,,,,,,,,,
1876,White Stockings,104.4460654258728,108.88432264328003,118.55480670928955,,,,,,,,,,,
1877,Red Caps,99.11091327667236,99.91933703422546,103.07501554489136,,,,,,,,,,,
1877,White Stockings,104.21452522277832,108.39025974273682,100.87265968322754,,,,,,,,,,,
1878,Red Caps,99.46070909500122,102.95695066452026,101.7241358757019,,,,,,,,,,,
1878,White Stockings,102.80526876449585,104.23232316970825,108.74996185302734,,,,,,,,,,,
1879,Red Caps,98.51186871528625,99.36261177062988,103.56738567352295,,,,,,,,,,,
1879,White Stockings,102.95474529266357,104.46282625198364,103.55570316314697,,,,,,,,,,,
1880,Red Caps,98.33768010139465,96.29967212677002,93.9130425453186,,,,,,,,,,,
1880,White Stockings,102.95474529266357,103.59323024749756,100.92837810516357,,,,,,,,,,,
1881,Red Caps,98.66916537284851,95.57979106903076,91.0604178905487,,,,,,,,,,,
1881,White Stockings,102.95474529266357,101.66244506835938,106.2517762184143,,,,,,,,,,,
1882,Alleghenys,99.5193362236023,99.39917325973511,99.83686804771423,,,,,,,,,,,
1882,Brown Stockings,101.77017450332642,104.94589805603027,102.95960903167725,,,,,,,,,,,
1882,Red Caps,96.72569632530212,98.44614863395691,101.46663188934326,,,,,,,,,,,
1882,Red Stockings,99.82285499572754,99.7469425201416,100.57114362716675,,,,,,,,,,,
1882,White Stockings,102.95474529266357,101.66244506835938,97.81169295310974,,,,,,,,,,,
1883,Alleghenys,99.49560761451721,99.3695080280304,98.41066002845764,,,,,,,,,,,
1883,Beaneaters,96.9691514968872,98.40347170829773,101.26200914382935,,,,,,,,,,,
1883,Browns,101.86234712600708,105.21899461746216,103.09734344482422,,,,,,,,,,,
1883,Gothams,98.54499101638794,101.38101577758789,100.15844106674194,,,,,,,,,,,
1883,Quakers,97.69952297210693,98.41355681419373,98.60830903053284,,,,,,,,,,,
1883,Red Stockings,99.81404542922974,99.73435401916504,99.28262233734131,,,,,,,,,,,
1883,White Stockings,105.68766593933105,108.12523365020752,108.22173357009888,,,,,,,,,,,
1884,Alleghenys,99.46826100349426,99.33533072471619,100.03867149353027,,,,,,,,,,,
1884,Atlantics,100.24373531341553,101.20621919631958,98.96671772003174,,,,,,,,,,,
1884,Beaneaters,97.89922833442688,96.68874144554138,93.2878315448761,,,,,,,,,,,
1884,Browns,101.96914672851562,99.3890106678009,108.82192850112915,,,,,,,,,,,
1884,Gothams,98.54499101638794,101.38101577758789,97.5269615650177,,,,,,,,,,,
1884,Quakers,97.69952297210693,98.41355681419373,96.94703221321106,,,,,,,,,,,
1884,Red Stockings,101.26551389694214,100.61584711074829,104.19893264770508,,,,,,,,,,,
1884,White Stockings,105.68766593933105,108.12523365020752,108.02551507949829,,,,,,,,,,,
1885,Alleghenys,93.8685953617096,94.51376795768738,105.78467845916748,,,,,,,,,,,
1885,Beaneaters,97.61483073234558,95.66531777381897,95.74154615402222,,,,,,,,,,,
1885,Browns,102.86276340484619,101.49180889129639,88.86299133300781,,,,,,,,,,,
1885,Giants,98.54499101638794,96.00244760513306,109.29327011108398,,,,,,,,,,,
1885,Grays,100.2309799194336,101.14195346832275,104.03774976730347,,,,,,,,,,,
1885,Quakers,97.69952297210693,97.03431129455566,99.76335167884827,,,,,,,,,,,
1885,Red Stockings,101.19785070419312,100.58339834213257,101.47403478622437,,,,,,,,,,,
1885,White Stockings,107.27239847183228,111.97439432144165,108.00347328186035,,,,,,,,,,,
1886,Alleghenys,93.8685953617096,94.51376795768738,89.38339352607727,,,,,,,,,,,
1886,Beaneaters,97.61483073234558,97.38317131996155,97.78233170509338,,,,,,,,,,,
1886,Browns,102.73982286453247,101.84513330459595,107.11818933486938,,,,,,,,,,,
1886,Giants,96.57896757125854,98.23382496833801,86.0477864742279,,,,,,,,,,,
1886,Grays,100.2309799194336,100.25475025177002,100.19973516464233,,,,,,,,,,,
1886,Quakers,97.69952297210693,97.03431129455566,94.8445200920105,,,,,,,,,,,
1886,Red Stockings,101.19785070419312,101.76243782043457,97.72125482559204,,,,,,,,,,,
1886,White Stockings,107.27239847183228,111.97439432144165,112.86070346832275,,,,,,,,,,,
1887,Alleghenys,93.8685953617096,91.56329035758972,92.11611151695251,,,,,,,,,,,
1887,Beaneaters,97.61483073234558,97.38317131996155,99.06919002532959,,,,,,,,,,,
1887,Browns,102.98130512237549,105.47295808792114,105.78360557556152,,,,,,,,,,,
1887,Giants,96.57896757125854,92.8784966468811,103.62789630889893,,,,,,,,,,,
1887,Grays,100.2309799194336,99.42322969436646,97.45009541511536,,,,,,,,,,,
1887,Quakers,101.71122550964355,102.44824886322021,95.97213864326477,,,,,,,,,,,
1887,Red Stockings,101.18039846420288,100.52889585494995,106.64346218109131,,,,,,,,,,,
1887,White Stockings,107.27239847183228,111.78735494613647,114.57778215408325,,,,,,,,,,,
1888,Alleghenys,91.42518043518066,91.56511425971985,93.08476448059082,,,,,,,,,,,
1888,Beaneaters,105.2899718284607,103.38355302810669,105.7237982749939,,,,,,,,,,,
1888,Bridegrooms,100.2309799194336,99.42322969436646,101.29437446594238,,,,,,,,,,,
1888,Browns,107.03390836715698,105.8323860168457,105.83459138870239,,,,,,,,,,,
1888,Giants,96.57896757125854,92.8784966468811,88.55449557304382,,,,,,,,,,,
1888,Quakers,101.71122550964355,102.44824886322021,110.8041524887085,,,,,,,,,,,
1888,Red Stockings,101.70533657073975,102.83797979354858,99.44636225700378,,,,,,,,,,,
1888,White Stockings,107.04638957977295,106.65625333786011,107.80150890350342,,,,,,,,,,,
1889,Alleghenys,91.42518043518066,90.33387303352356,89.43437337875366,,,,,,,,,,,
1889,Beaneaters,105.2899718284607,103.38355302810669,98.29293489456177,,,,,,,,,,,
1889,Bridegrooms,96.46211266517639,94.94587182998657,92.22082495689392,,,,,,,,,,,
1889,Browns,107.88888931274414,109.00895595550537,108.45497846603394,,,,,,,,,,,
1889,Giants,98.9043116569519,98.43473434448242,102.70966291427612,,,,,,,,,,,
1889,Quakers,101.71122550964355,107.64111280441284,104.23109531402588,,,,,,,,,,,
1889,Red Stockings,100.93295574188232,102.33694314956665,103.32506895065308,,,,,,,,,,,
1889,White Stockings,107.04638957977295,104.28816080093384,99.49613809585571,,,,,,,,,,,
1890,Alleghenys,91.42518043518066,90.33387303352356,94.90792751312256,,,,,,,,,,,
1890,Beaneaters,105.2899718284607,104.50931787490845,106.75678253173828,,,,,,,,,,,
1890,Bridegrooms,96.46211266517639,94.94587182998657,98.44057559967041,,,,,,,,,,,
1890,Browns,106.44141435623169,111.91036701202393,114.95347023010254,,,,,,,,,,,
1890,Colts,107.04638957977295,104.28816080093384,106.92455768585205,,,,,,,,,,,
1890,Giants,98.9043116569519,98.43473434448242,93.9359724521637,,,,,,,,,,,
1890,Phillies,103.2611608505249,102.03429460525513,107.2364330291748,,,,,,,,,,,
1890,Reds,100.15650987625122,99.88226294517517,105.2039384841919,,,,,,,,,,,
1891,Beaneaters,104.17490005493164,108.5958480834961,108.83908271789551,,,,,,,,,,,
1891,Browns,106.44141435623169,107.85079002380371,112.28032112121582,,,,,,,,,,,
1891,Colts,101.84012651443481,102.30016708374023,105.33636808395386,,,,,,,,,,,
1891,Giants,97.56794571876526,98.45355749130249,92.80374646186829,,,,,,,,,,,
1891,Grooms,95.9297239780426,96.46393060684204,98.63245487213135,,,,,,,,,,,
1891,Phillies,101.15729570388794,101.62198543548584,95.33040523529053,,,,,,,,,,,
1891,Pirates,98.22304248809814,100.0383973121643,101.17701292037964,,,,,,,,,,,
1891,Reds,100.41784048080444,99.34497475624084,91.63900017738342,,,,,,,,,,,
1892,Beaneaters,104.39311265945435,106.34567737579346,110.42748689651489,,,,,,,,,,,
1892,Browns,106.6725492477417,108.13604593276978,97.09897637367249,,,,,,,,,,,
1892,Colts,101.93198919296265,102.41498947143555,93.07304620742798,,,,,,,,,,,
1892,Giants,97.45867252349854,98.38230013847351,98.75375628471375,,,,,,,,,,,
1892,Grooms,95.75419425964355,96.30797505378723,100.17142295837402,,,,,,,,,,,
1892,Phillies,99.67190623283386,98.74205589294434,102.80847549438477,,,,,,,,,,,
1892,Pirates,98.14192056655884,100.04023313522339,93.69484782218933,,,,,,,,,,,
1892,Reds,100.43792724609375,97.99812436103821,102.36676931381226,,,,,,,,,,,
1893,Beaneaters,104.39311265945435,106.34567737579346,101.22181177139282,,,,,,,,,,,
1893,Browns,99.44621920585632,100.5297303199768,98.89810681343079,,,,,,,,,,,
1893,Colts,101.93198919296265,102.41498947143555,104.33787107467651,,,,,,,,,,,
1893,Giants,97.45867252349854,99.65471029281616,103.13607454299927,,,,,,,,,,,
1893,Grooms,95.75419425964355,94.97659206390381,90.33053517341614,,,,,,,,,,,
1893,Phillies,99.67190623283386,99.04693961143494,99.21153783798218,,,,,,,,,,,
1893,Pirates,98.14192056655884,97.32548594474792,104.63746786117554,,,,,,,,,,,
1893,Reds,100.43792724609375,97.99812436103821,100.70251226425171,,,,,,,,,,,
1894,Beaneaters,104.64684963226318,106.78706169128418,112.60145902633667,,,,,,,,,,,
1894,Browns,99.44621920585632,100.5297303199768,101.23457908630371,,,,,,,,,,,
1894,Colts,103.5704255104065,106.57387971878052,109.01838541030884,,,,,,,,,,,
1894,Giants,98.44256043434143,98.04788827896118,97.11116552352905,,,,,,,,,,,
1894,Grooms,93.94626021385193,92.87208914756775,94.35850977897644,,,,,,,,,,,
1894,Phillies,99.67190623283386,99.04693961143494,96.05949521064758,,,,,,,,,,,
1894,Pirates,96.56103253364563,98.1685221195221,94.42935585975647,,,,,,,,,,,
1894,Reds,103.40526103973389,103.16359996795654,100.49577951431274,,,,,,,,,,,
1895,Beaneaters,104.64684963226318,106.78706169128418,101.86359882354736,,,,,,,,,,,
1895,Browns,99.44621920585632,100.30406713485718,101.77116394042969,,,,,,,,,,,
1895,Colts,103.5704255104065,106.57387971878052,102.56767272949219,,,,,,,,,,,
1895,Giants,97.98722863197327,96.54139876365662,94.01587843894958,,,,,,,,,,,
1895,Grooms,94.1935658454895,92.10183024406433,93.5625433921814,,,,,,,,,,,
1895,Phillies,98.4323799610138,100.2440333366394,99.73392486572266,,,,,,,,,,,
1895,Pirates,97.76085019111633,94.62637901306152,95.11095881462097,,,,,,,,,,,
1895,Reds,103.40526103973389,103.16359996795654,107.49142169952393,,,,,,,,,,,
1896,Beaneaters,104.64684963226318,104.20193672180176,106.25687837600708,,,,,,,,,,,
1896,Bridegrooms,94.1935658454895,94.23919320106506,86.89937591552734,,,,,,,,,,,
1896,Browns,101.45208835601807,99.05858635902405,97.23734259605408,,,,,,,,,,,
1896,Colts,103.5704255104065,103.86611223220825,108.36514234542847,,,,,,,,,,,
1896,Giants,96.6334581375122,96.16896510124207,98.58850836753845,,,,,,,,,,,
1896,Phillies,98.4323799610138,100.2440333366394,103.39447259902954,,,,,,,,,,,
1896,Pirates,96.36625051498413,95.44543027877808,92.63460040092468,,,,,,,,,,,
1896,Reds,103.40526103973389,105.25147914886475,102.55156755447388,,,,,,,,,,,
1897,Beaneaters,102.8150200843811,103.9063811302185,104.66420650482178,,,,,,,,,,,
1897,Bridegrooms,94.1935658454895,94.23919320106506,102.30841636657715,,,,,,,,,,,
1897,Browns,101.80994272232056,101.14744901657104,97.67966270446777,,,,,,,,,,,
1897,Colts,101.09683275222778,102.96919345855713,101.23822689056396,,,,,,,,,,,
1897,Giants,96.92814946174622,96.75135612487793,96.48339748382568,,,,,,,,,,,
1897,Phillies,98.4323799610138,98.23918342590332,96.10579013824463,,,,,,,,,,,
1897,Pirates,96.52315974235535,95.81151604652405,98.7360417842865,,,,,,,,,,,
1897,Reds,104.57700490951538,104.85224723815918,105.79695701599121,,,,,,,,,,,
1898,Beaneaters,105.89250326156616,102.59642601013184,101.20877027511597,,,,,,,,,,,
1898,Bridegrooms,100.97600221633911,101.73366069793701,95.90116143226624,,,,,,,,,,,
1898,Browns,100.13728141784668,103.57661247253418,108.79954099655151,,,,,,,,,,,
1898,Giants,97.89773225784302,96.9014823436737,94.87212300300598,,,,,,,,,,,
1898,Orphans,99.43939447402954,98.93739819526672,102.2343635559082,,,,,,,,,,,
1898,Phillies,98.12019467353821,95.58045268058777,95.00756859779358,,,,,,,,,,,
1898,Pirates,97.43920564651489,97.88826107978821,96.29724025726318,,,,,,,,,,,
1898,Reds,102.01984643936157,105.67398071289062,106.85945749282837,,,,,,,,,,,
1899,Beaneaters,106.47544860839844,107.70515203475952,102.50916481018066,,,,,,,,,,,
1899,Giants,97.11946249008179,97.59988188743591,98.73365759849548,,,,,,,,,,,
1899,Orphans,98.42537641525269,96.7063307762146,95.90568542480469,,,,,,,,,,,
1899,Perfectos,100.21640062332153,102.62289047241211,106.52035474777222,,,,,,,,,,,
1899,Phillies,97.40087985992432,96.55802249908447,95.93136310577393,,,,,,,,,,,
1899,Pirates,98.44550490379333,98.55057001113892,98.30749034881592,,,,,,,,,,,
1899,Reds,101.36439800262451,101.14293098449707,105.00564575195312,,,,,,,,,,,
1899,Superbas,100.97600221633911,101.73366069793701,102.30023860931396,,,,,,,,,,,
1900,Beaneaters,104.82765436172485,110.35434007644653,120.0095534324646,,,,,,,,,,,
1900,Cardinals,100.7683277130127,98.86422753334045,93.62227320671082,,,,,,,,,,,
1900,Giants,97.527414560318,97.45371341705322,99.38271641731262,,,,,,,,,,,
1900,Orphans,98.00276160240173,96.61697745323181,92.35060214996338,,,,,,,,,,,
1900,Phillies,99.24721717834473,98.35025668144226,99.15104508399963,,,,,,,,,,,
1900,Pirates,99.05160665512085,98.89206290245056,100.19549131393433,,,,,,,,,,,
1900,Reds,101.30058526992798,98.63953590393066,91.99987649917603,,,,,,,,,,,
1900,Superbas,100.93072652816772,104.58287000656128,106.6757082939148,,,,,,,,,,,
1901,Americans,100.05158185958862,99.66744184494019,94.1048800945282,,,,,,,,,,,
1901,Athletics,103.25384140014648,103.4806489944458,100.90898275375366,,,,,,,,,,,
1901,Beaneaters,104.08158302307129,108.28028917312622,108.92547369003296,,,,,,,,,,,
1901,Blues,97.9382574558258,96.58030271530151,97.09330797195435,,,,,,,,,,,
1901,Brewers,98.2725441455841,97.12090492248535,97.12090492248535,,,,,,,,,,,
1901,Cardinals,99.20343160629272,96.54101133346558,97.57869839668274,,,,,,,,,,,
1901,Giants,99.10915493965149,97.69620299339294,93.74231696128845,,,,,,,,,,,
1901,Orioles,104.6109676361084,106.5871000289917,107.2249174118042,,,,,,,,,,,
1901,Orphans,96.29719853401184,96.17453813552856,101.59753561019897,,,,,,,,,,,
1901,Phillies,99.12634491920471,101.76182985305786,99.877268075943,,,,,,,,,,,
1901,Pirates,100.13625621795654,99.66930150985718,97.56013751029968,,,,,,,,,,,
1901,Reds,101.30058526992798,98.63953590393066,98.59443306922913,,,,,,,,,,,
1901,Senators,101.77712440490723,102.22140550613403,99.04745221138,,,,,,,,,,,
1901,Superbas,102.01448202133179,102.4100661277771,104.86860275268555,,,,,,,,,,,
1901,Tigers,100.54482221603394,102.20441818237305,109.0190052986145,,,,,,,,,,,
1901,White Sox,95.46102285385132,94.77323889732361,97.00596332550049,,,,,,,,,,,
1902,Americans,100.05158185958862,99.66744184494019,97.51772880554199,,,,,,,,,,,
1902,Athletics,103.25384140014648,103.4806489944458,107.34015703201294,,,,,,,,,,,
1902,Beaneaters,103.62021923065186,99.35365319252014,94.10058259963989,,,,,,,,,,,
1902,Bronchos,97.9382574558258,96.58030271530151,96.47932648658752,,,,,,,,,,,
1902,Browns,96.3779091835022,96.99376225471497,99.96119737625122,,,,,,,,,,,
1902,Cardinals,97.80688881874084,98.60388040542603,98.85621070861816,,,,,,,,,,,
1902,Giants,99.39977526664734,98.94143342971802,100.50904750823975,,,,,,,,,,,
1902,Orioles,104.6109676361084,106.5871000289917,105.9646487236023,,,,,,,,,,,
1902,Orphans,96.38343453407288,96.74395322799683,94.71928477287292,,,,,,,,,,,
1902,Phillies,99.30073618888855,99.68058466911316,107.92453289031982,,,,,,,,,,,
1902,Pirates,100.11202096939087,100.5789041519165,101.45955085754395,,,,,,,,,,,
1902,Reds,109.05029773712158,110.48623323440552,109.93175506591797,,,,,,,,,,,
1902,Senators,101.77712440490723,102.22140550613403,101.2223482131958,,,,,,,,,,,
1902,Superbas,101.03921890258789,100.3914475440979,93.43205094337463,,,,,,,,,,,
1902,Tigers,100.54482221603394,102.20441818237305,99.27295446395874,,,,,,,,,,,
1902,White Sox,95.46102285385132,94.77323889732361,93.26297640800476,,,,,,,,,,,
1903,Americans,100.05158185958862,102.54240036010742,109.2336893081665,,,,,,,,,,,
1903,Athletics,103.25384140014648,104.0372371673584,102.43602991104126,,,,,,,,,,,
1903,Beaneaters,99.4829535484314,96.94525599479675,96.89197540283203,,,,,,,,,,,
1903,Browns,96.3779091835022,96.99376225471497,93.82815361022949,,,,,,,,,,,
1903,Cardinals,97.92854189872742,99.04481172561646,99.42079186439514,,,,,,,,,,,
1903,Cubs,97.67343997955322,95.42760848999023,93.66683959960938,,,,,,,,,,,
1903,Giants,99.11768436431885,101.64097547531128,103.49326133728027,,,,,,,,,,,
1903,Highlanders,107.96219110488892,104.7489881515503,100.37657022476196,,,,,,,,,,,
1903,Naps,97.9382574558258,97.32577204704285,96.67450189590454,,,,,,,,,,,
1903,Phillies,99.91783499717712,98.80521297454834,94.14186477661133,,,,,,,,,,,
1903,Pirates,100.39896965026855,100.99560022354126,102.80174016952515,,,,,,,,,,,
1903,Reds,109.05029773712158,110.48623323440552,108.43900442123413,,,,,,,,,,,
1903,Senators,101.77712440490723,102.22140550613403,108.67059230804443,,,,,,,,,,,
1903,Superbas,99.56991672515869,97.50306606292725,101.52071714401245,,,,,,,,,,,
1903,Tigers,100.54482221603394,97.57252931594849,96.34314775466919,,,,,,,,,,,
1903,White Sox,95.46102285385132,94.67535614967346,93.46809983253479,,,,,,,,,,,
1904,Americans,101.80349349975586,103.6313533782959,101.80624723434448,,,,,,,,,,,
1904,Athletics,102.3627519607544,103.24448347091675,100.45465230941772,,,,,,,,,,,
1904,Beaneaters,98.60313534736633,98.5405445098877,100,,,,,,,,,,,
1904,Browns,96.3779091835022,94.29571628570557,96.32894396781921,,,,,,,,,,,
1904,Cardinals,98.63454699516296,97.26768732070923,98.71003031730652,,,,,,,,,,,
1904,Cubs,97.48439192771912,96.84368371963501,97.53954410552979,,,,,,,,,,,
1904,Giants,100.21514892578125,100.53813457489014,101.08639001846313,,,,,,,,,,,
1904,Highlanders,107.96219110488892,104.7489881515503,111.07271909713745,,,,,,,,,,,
1904,Naps,98.5593318939209,98.857581615448,99.87128973007202,,,,,,,,,,,
1904,Phillies,98.57140779495239,97.95111417770386,97.31594920158386,,,,,,,,,,,
1904,Pirates,101.17366313934326,101.14518404006958,98.70243668556213,,,,,,,,,,,
1904,Reds,109.05029773712158,108.49716663360596,112.32457160949707,,,,,,,,,,,
1904,Senators,97.65318632125854,99.15117025375366,97.78204560279846,,,,,,,,,,,
1904,Superbas,96.67024612426758,99.52218532562256,95.85155248641968,,,,,,,,,,,
1904,Tigers,99.85507726669312,97.35032320022583,96.97996377944946,,,,,,,,,,,
1904,White Sox,93.90520453453064,94.50517892837524,97.15960621833801,,,,,,,,,,,
1905,Americans,102.46684551239014,101.26903057098389,100.19329786300659,,,,,,,,,,,
1905,Athletics,101.26715898513794,100.15249252319336,107.20133781433105,,,,,,,,,,,
1905,Beaneaters,99.5196521282196,100.59219598770142,98.97319674491882,,,,,,,,,,,
1905,Browns,95.77697515487671,95.02126574516296,92.79705286026001,,,,,,,,,,,
1905,Cardinals,98.51593375205994,98.0080246925354,93.79779696464539,,,,,,,,,,,
1905,Cubs,98.65174293518066,99.29030537605286,99.5995283126831,,,,,,,,,,,
1905,Giants,100.91243982315063,99.1351068019867,97.71944284439087,,,,,,,,,,,
1905,Highlanders,107.96219110488892,110.80873012542725,103.3458948135376,,,,,,,,,,,
1905,Naps,97.97616600990295,100.03335475921631,99.72890019416809,,,,,,,,,,,
1905,Phillies,97.55181670188904,97.74083495140076,103.46057415008545,,,,,,,,,,,
1905,Pirates,101.66239738464355,100.73443651199341,101.9644021987915,,,,,,,,,,,
1905,Reds,106.5852403640747,110.3240966796875,104.72007989883423,,,,,,,,,,,
1905,Senators,97.65318632125854,99.15117025375366,105.91111183166504,,,,,,,,,,,
1905,Superbas,96.85859084129333,94.98209953308105,99.96475577354431,,,,,,,,,,,
1905,Tigers,100.20183324813843,101.40042304992676,98.95020723342896,,,,,,,,,,,
1905,White Sox,95.07264494895935,93.01331639289856,93.0915117263794,,,,,,,,,,,
1906,Americans,100.44088363647461,100.94616413116455,102.02087163925171,,,,,,,,,,,
1906,Athletics,102.19529867172241,101.46443843841553,93.67904663085938,,,,,,,,,,,
1906,Beaneaters,101.3823390007019,100.29158592224121,103.14549207687378,,,,,,,,,,,
1906,Browns,97.05682396888733,95.43200135231018,96.06517553329468,,,,,,,,,,,
1906,Cardinals,98.08451533317566,97.89065718650818,102.5741457939148,,,,,,,,,,,
1906,Cubs,100.541090965271,100.68192481994629,100.81251859664917,,,,,,,,,,,
1906,Giants,100.6263017654419,100.14911890029907,98.79535436630249,,,,,,,,,,,
1906,Highlanders,107.94657468795776,111.01447343826294,119.0272569656372,,,,,,,,,,,
1906,Naps,99.01753664016724,97.25267887115479,100.51579475402832,,,,,,,,,,,
1906,Phillies,98.51640462875366,99.32862520217896,92.50214099884033,,,,,,,,,,,
1906,Pirates,100.0469446182251,102.66019105911255,101.70572996139526,,,,,,,,,,,
1906,Reds,105.53905963897705,104.8479437828064,115.665602684021,,,,,,,,,,,
1906,Senators,97.65318632125854,97.78002500534058,94.35970783233643,,,,,,,,,,,
1906,Superbas,95.38831114768982,94.49453949928284,88.85747790336609,,,,,,,,,,,
1906,Tigers,101.1732816696167,102.68646478652954,108.90212059020996,,,,,,,,,,,
1906,White Sox,94.87555623054504,94.05455589294434,88.95092010498047,,,,,,,,,,,
1907,Americans,101.84997320175171,100.18848180770874,100.63526630401611,,,,,,,,,,,
1907,Athletics,102.19529867172241,101.58325433731079,104.3233871459961,,,,,,,,,,,
1907,Browns,97.05682396888733,98.30405116081238,97.59063720703125,,,,,,,,,,,
1907,Cardinals,98.60127568244934,99.37998056411743,98.5789954662323,,,,,,,,,,,
1907,Cubs,100.16342401504517,102.02775001525879,101.3459324836731,,,,,,,,,,,
1907,Doves,101.29146575927734,103.01730632781982,99.27358627319336,,,,,,,,,,,
1907,Giants,101.03789567947388,101.74046754837036,104.78787422180176,,,,,,,,,,,
1907,Highlanders,106.18139505386353,110.02166271209717,111.69451475143433,,,,,,,,,,,
1907,Naps,99.3678629398346,98.31617474555969,91.70026779174805,,,,,,,,,,,
1907,Phillies,99.98552799224854,97.17673659324646,102.46955156326294,,,,,,,,,,,
1907,Pirates,100.0469446182251,99.79397058486938,104.26794290542603,,,,,,,,,,,
1907,Reds,102.2779107093811,104.50080633163452,95.4027533531189,,,,,,,,,,,
1907,Senators,96.85537219047546,94.56510543823242,93.9075231552124,,,,,,,,,,,
1907,Superbas,96.18164896965027,92.47370958328247,94.46344375610352,,,,,,,,,,,
1907,Tigers,103.13805341720581,103.4051775932312,100.72023868560791,,,,,,,,,,,
1907,White Sox,94.43138837814331,93.76705884933472,100.59927701950073,,,,,,,,,,,
1908,Athletics,102.19529867172241,101.58325433731079,108.09162855148315,,,,,,,,,,,
1908,Browns,97.05682396888733,98.30405116081238,101.5870213508606,,,,,,,,,,,
1908,Cardinals,98.6405611038208,99.00766611099243,96.92683219909668,,,,,,,,,,,
1908,Cubs,99.60164427757263,100.04016160964966,103.72132062911987,,,,,,,,,,,
1908,Doves,104.24928665161133,101.83572769165039,106.9599986076355,,,,,,,,,,,
1908,Giants,100.29871463775635,103.4105658531189,102.00262069702148,,,,,,,,,,,
1908,Highlanders,106.82249069213867,104.48441505432129,100.49198865890503,,,,,,,,,,,
1908,Naps,99.3678629398346,98.7345278263092,103.37531566619873,,,,,,,,,,,
1908,Phillies,98.45689535140991,101.61057710647583,97.55205512046814,,,,,,,,,,,
1908,Pirates,100.0469446182251,99.79397058486938,93.54349970817566,,,,,,,,,,,
1908,Red Sox,101.50896310806274,102.72860527038574,97.9207694530487,,,,,,,,,,,
1908,Reds,101.68054103851318,97.74956703186035,103.46441268920898,,,,,,,,,,,
1908,Senators,95.8213746547699,94.1681444644928,95.81079483032227,,,,,,,,,,,
1908,Superbas,95.20692229270935,96.8801200389862,95.19773721694946,,,,,,,,,,,
1908,Tigers,103.74177694320679,103.33654880523682,101.37170553207397,,,,,,,,,,,
1908,White Sox,94.43138837814331,95.80106139183044,92.13938117027283,,,,,,,,,,,
1909,Athletics,96.56656384468079,94.93751525878906,98.02196025848389,,,,,,,,,,,
1909,Browns,97.72244095802307,96.75680994987488,92.864590883255,,,,,,,,,,,
1909,Cardinals,98.70244860649109,97.408127784729,101.2834906578064,,,,,,,,,,,
1909,Cubs,98.52587580680847,98.60276579856873,95.21807432174683,,,,,,,,,,,
1909,Doves,105.85657358169556,107.18179941177368,99.50401186943054,,,,,,,,,,,
1909,Giants,100.29871463775635,99.50683116912842,103.5914421081543,,,,,,,,,,,
1909,Highlanders,105.68186044692993,102.82171964645386,101.37892961502075,,,,,,,,,,,
1909,Naps,99.3678629398346,98.7345278263092,102.05094814300537,,,,,,,,,,,
1909,Phillies,101.29197835922241,99.10485744476318,104.74635362625122,,,,,,,,,,,
1909,Pirates,99.45526719093323,102.60447263717651,100.70205926895142,,,,,,,,,,,
1909,Red Sox,100.60958862304688,101.90126895904541,109.8152756690979,,,,,,,,,,,
1909,Reds,97.58085012435913,100.1236081123352,95.2052116394043,,,,,,,,,,,
1909,Senators,95.8213746547699,96.35627269744873,93.1004524230957,,,,,,,,,,,
1909,Superbas,96.66454792022705,97.05643057823181,100.51484107971191,,,,,,,,,,,
1909,Tigers,104.04303073883057,103.95987033843994,108.20797681808472,,,,,,,,,,,
1909,White Sox,94.43138837814331,95.80106139183044,94.75624561309814,,,,,,,,,,,
1910,Athletics,96.56656384468079,94.93751525878906,98.36129546165466,,,,,,,,,,,
1910,Browns,97.72244095802307,96.75680994987488,98.6956536769867,,,,,,,,,,,
1910,Cardinals,99.51150417327881,99.09425973892212,94.34458613395691,,,,,,,,,,,
1910,Cubs,98.85918498039246,95.892733335495,97.11093306541443,,,,,,,,,,,
1910,Doves,107.83042907714844,108.65926742553711,115.53961038589478,,,,,,,,,,,
1910,Giants,100.29871463775635,99.50683116912842,93.99735927581787,,,,,,,,,,,
1910,Highlanders,104.58441972732544,106.47422075271606,106.73606395721436,,,,,,,,,,,
1910,Naps,102.4195909500122,101.46524906158447,101.35778188705444,,,,,,,,,,,
1910,Phillies,100.82617998123169,102.27718353271484,96.2178111076355,,,,,,,,,,,
1910,Pirates,99.45526719093323,102.60447263717651,110.10476350784302,,,,,,,,,,,
1910,Red Sox,100.60958862304688,101.54128074645996,98.54771494865417,,,,,,,,,,,
1910,Reds,97.58085012435913,96.3169515132904,102.37665176391602,,,,,,,,,,,
1910,Senators,95.8213746547699,96.35627269744873,100.3422737121582,,,,,,,,,,,
1910,Superbas,96.88945412635803,97.12219834327698,95.15775442123413,,,,,,,,,,,
1910,Tigers,104.04303073883057,106.74710273742676,102.6107907295227,,,,,,,,,,,
1910,White Sox,96.35406732559204,95.19477486610413,92.48588681221008,,,,,,,,,,,
1911,Athletics,96.56656384468079,95.63758373260498,90.64561724662781,,,,,,,,,,,
1911,Browns,97.72244095802307,99.13709163665771,98.04766774177551,,,,,,,,,,,
1911,Cardinals,99.16037321090698,99.50934648513794,101.88374519348145,,,,,,,,,,,
1911,Cubs,97.99237251281738,98.05104732513428,94.63856816291809,,,,,,,,,,,
1911,Dodgers,96.88945412635803,95.84100842475891,96.35677933692932,,,,,,,,,,,
1911,Giants,97.79974818229675,99.70839023590088,98.91131520271301,,,,,,,,,,,
1911,Highlanders,104.58441972732544,107.65466690063477,110.72407960891724,,,,,,,,,,,
1911,Naps,102.4195909500122,101.46524906158447,102.48081684112549,,,,,,,,,,,
1911,Phillies,103.08834314346313,100.8957028388977,106.96130990982056,,,,,,,,,,,
1911,Pirates,99.45526719093323,100.71014165878296,97.92636036872864,,,,,,,,,,,
1911,Red Sox,100.60958862304688,101.54128074645996,97.7709174156189,,,,,,,,,,,
1911,Reds,97.58085012435913,96.3169515132904,92.04813838005066,,,,,,,,,,,
1911,Rustlers,105.7689905166626,111.68404817581177,111.11938953399658,,,,,,,,,,,
1911,Senators,99.75273013114929,99.32268857955933,97.83607125282288,,,,,,,,,,,
1911,Tigers,104.04303073883057,106.74710273742676,109.19994115829468,,,,,,,,,,,
1911,White Sox,96.35406732559204,95.19477486610413,95.0441300868988,,,,,,,,,,,
1912,Athletics,96.28013968467712,95.23487687110901,99.13020133972168,,,,,,,,,,,
1912,Braves,106.10222816467285,105.90962171554565,109.83420610427856,,,,,,,,,,,
1912,Browns,98.61389994621277,98.42960238456726,100.50874948501587,,,,,,,,,,,
1912,Cardinals,99.15732741355896,99.98145699501038,102.23239660263062,,,,,,,,,,,
1912,Cubs,98.54954481124878,98.41396808624268,102.16375589370728,,,,,,,,,,,
1912,Dodgers,96.88945412635803,95.84100842475891,96.12480998039246,,,,,,,,,,,
1912,Giants,97.79974818229675,99.70839023590088,101.40408277511597,,,,,,,,,,,
1912,Highlanders,104.58441972732544,107.65466690063477,105.4498553276062,,,,,,,,,,,
1912,Naps,102.4195909500122,102.01785564422607,100.56725740432739,,,,,,,,,,,
1912,Phillies,102.81413793563843,105.71061372756958,99.99151825904846,,,,,,,,,,,
1912,Pirates,97.925466299057,96.03561162948608,95.60161828994751,,,,,,,,,,,
1912,Red Sox,98.23259115219116,100.88571310043335,103.0476450920105,,,,,,,,,,,
1912,Reds,100.54692029953003,100.00423192977905,92.33545064926147,,,,,,,,,,,
1912,Senators,99.75273013114929,99.32268857955933,96.89852595329285,,,,,,,,,,,
1912,Tigers,102.37083435058594,100.39023160934448,97.17182517051697,,,,,,,,,,,
1912,White Sox,96.35406732559204,95.11258602142334,97.55527973175049,,,,,,,,,,,
1913,Athletics,96.87336683273315,97.24225401878357,96.39285802841187,,,,,,,,,,,
1913,Braves,106.10222816467285,103.01458835601807,96.24613523483276,,,,,,,,,,,
1913,Browns,98.33875298500061,98.4495997428894,96.34397625923157,,,,,,,,,,,
1913,Cardinals,100.40696859359741,99.77623224258423,95.27586698532104,,,,,,,,,,,
1913,Cubs,99.58447217941284,100.08792877197266,98.53749871253967,,,,,,,,,,,
1913,Giants,97.79974818229675,98.45039248466492,99.04966354370117,,,,,,,,,,,
1913,Naps,103.06240320205688,103.23243141174316,103.6592960357666,,,,,,,,,,,
1913,Phillies,104.37339544296265,104.30346727371216,110.77419519424438,,,,,,,,,,,
1913,Pirates,95.873361825943,93.90579462051392,94.671231508255,,,,,,,,,,,
1913,Red Sox,98.23259115219116,100.88571310043335,103.42633724212646,,,,,,,,,,,
1913,Reds,100.54692029953003,100.00423192977905,103.40069532394409,,,,,,,,,,,
1913,Senators,99.75273013114929,100.06343126296997,104.1103720664978,,,,,,,,,,,
1913,Superbas,102.1443247795105,102.32771635055542,104.05848026275635,,,,,,,,,,,
1913,Tigers,102.37083435058594,100.39023160934448,101.84004306793213,,,,,,,,,,,
1913,White Sox,96.72009348869324,97.33758568763733,92.18477010726929,,,,,,,,,,,
1913,Yankees,101.26420259475708,99.98254179954529,102.57493257522583,,,,,,,,,,,
1914,Athletics,99.26519989967346,97.82461524009705,95.97238898277283,,,,,,,,,,,
1914,Braves,106.10222816467285,103.01458835601807,102.29532718658447,,,,,,,,,,,
1914,Browns,97.61351346969604,97.15564250946045,98.37209582328796,,,,,,,,,,,
1914,Cardinals,99.98751282691956,99.15756583213806,102.0277738571167,,,,,,,,,,,
1914,Cubs,99.58447217941284,100.20681619644165,99.08226728439331,,,,,,,,,,,
1914,Giants,97.11781144142151,95.80822587013245,95.16509771347046,,,,,,,,,,,
1914,Naps,102.77130603790283,104.9965500831604,106.13744258880615,,,,,,,,,,,
1914,Phillies,102.18396186828613,106.00922107696533,102.72008180618286,,,,,,,,,,,
1914,Pirates,96.98494672775269,94.4451093673706,90.65961837768555,,,,,,,,,,,
1914,Red Sox,98.23259115219116,98.3693778514862,95.54991126060486,,,,,,,,,,,
1914,Reds,100.54692029953003,104.06956672668457,106.03901147842407,,,,,,,,,,,
1914,Robins,102.1443247795105,102.32771635055542,101.70543193817139,,,,,,,,,,,
1914,Senators,100.01665353775024,101.68637037277222,99.41064119338989,,,,,,,,,,,
1914,Tigers,102.37083435058594,104.10199165344238,102.97253131866455,,,,,,,,,,,
1914,White Sox,98.56150150299072,96.53406739234924,102.80580520629883,,,,,,,,,,,
1914,Yankees,101.26420259475708,99.98254179954529,99.51286911964417,,,,,,,,,,,
1915,Athletics,98.9266574382782,100.14303922653198,101.10183954238892,,,,,,,,,,,
1915,Braves,98.45879077911377,97.43131399154663,97.43131399154663,,,,,,,,,,,
1915,Browns,97.13624715805054,96.48438096046448,96.9354510307312,,,,,,,,,,,
1915,Cardinals,99.76974725723267,100.97932815551758,101.26961469650269,,,,,,,,,,,
1915,Cubs,99.58447217941284,100.20681619644165,103.42423915863037,,,,,,,,,,,
1915,Giants,95.77743411064148,94.46797370910645,93.39839220046997,,,,,,,,,,,
1915,Indians,104.78477478027344,103.92376184463501,105.21711111068726,,,,,,,,,,,
1915,Phillies,103.33765745162964,100.57120323181152,104.38960790634155,,,,,,,,,,,
1915,Pirates,97.98001646995544,97.85414934158325,97.70597219467163,,,,,,,,,,,
1915,Red Sox,98.05315732955933,94.17321681976318,95.98775506019592,,,,,,,,,,,
1915,Reds,101.15036964416504,103.1049370765686,102.66258716583252,,,,,,,,,,,
1915,Robins,102.1443247795105,101.30833387374878,101.10986232757568,,,,,,,,,,,
1915,Senators,99.28722977638245,99.85462427139282,101.49102210998535,,,,,,,,,,,
1915,Tigers,102.81732082366943,105.19176721572876,107.48516321182251,,,,,,,,,,,
1915,White Sox,98.044353723526,100.7709264755249,95.09942531585693,,,,,,,,,,,
1915,Yankees,101.26420259475708,99.51205253601074,97.78943061828613,,,,,,,,,,,
1916,Athletics,100.32135248184204,100.65652132034302,103.90876531600952,,,,,,,,,,,
1916,Braves,96.10682129859924,93.44148635864258,90.2775526046753,,,,,,,,,,,
1916,Browns,97.62316346168518,96.51045799255371,94.3418025970459,,,,,,,,,,,
1916,Cardinals,100.18590688705444,100.9387731552124,99.54423308372498,,,,,,,,,,,
1916,Cubs,102.92447805404663,106.90591335296631,116.77170991897583,,,,,,,,,,,
1916,Giants,95.24234533309937,94.02313828468323,94.82934474945068,,,,,,,,,,,
1916,Indians,105.37129640579224,105.59245347976685,100.55999755859375,,,,,,,,,,,
1916,Phillies,102.95977592468262,101.413094997406,94.5641577243805,,,,,,,,,,,
1916,Pirates,99.59906339645386,101.44681930541992,105.910325050354,,,,,,,,,,,
1916,Red Sox,96.14957571029663,96.61017060279846,90.91315865516663,,,,,,,,,,,
1916,Reds,100.28631687164307,98.9286482334137,100.60501098632812,,,,,,,,,,,
1916,Robins,101.78824663162231,101.9375205039978,100.83452463150024,,,,,,,,,,,
1916,Senators,98.70562553405762,97.49987721443176,98.76757264137268,,,,,,,,,,,
1916,Tigers,102.56829261779785,103.63653898239136,104.9868106842041,,,,,,,,,,,
1916,White Sox,99.39940571784973,98.11086058616638,105.77576160430908,,,,,,,,,,,
1916,Yankees,100.10207891464233,101.64729356765747,101.04062557220459,,,,,,,,,,,
1917,Athletics,102.94067859649658,101.98049545288086,97.32462763786316,,,,,,,,,,,
1917,Braves,96.10682129859924,93.44148635864258,96.16767168045044,,,,,,,,,,,
1917,Browns,97.37705588340759,97.2093939781189,98.22052121162415,,,,,,,,,,,
1917,Cardinals,99.12416338920593,99.17212724685669,101.92393064498901,,,,,,,,,,,
1917,Cubs,102.92447805404663,106.90591335296631,104.74797487258911,,,,,,,,,,,
1917,Giants,95.71660161018372,94.93888020515442,94.08475756645203,,,,,,,,,,,
1917,Indians,105.19863367080688,106.14346265792847,112.08078861236572,,,,,,,,,,,
1917,Phillies,104.42416667938232,102.99926996231079,105.96846342086792,,,,,,,,,,,
1917,Pirates,102.11735963821411,103.66132259368896,101.02154016494751,,,,,,,,,,,
1917,Red Sox,95.17692923545837,95.85870504379272,104.1966199874878,,,,,,,,,,,
1917,Reds,99.4276762008667,97.62606620788574,94.16514039039612,,,,,,,,,,,
1917,Robins,100.20012855529785,102.12205648422241,103.8870096206665,,,,,,,,,,,
1917,Senators,98.41030836105347,97.29552865028381,92.8181529045105,,,,,,,,,,,
1917,Tigers,100.78418254852295,101.07176303863525,98.2829749584198,,,,,,,,,,,
1917,White Sox,99.67123866081238,99.94027018547058,94.46227550506592,,,,,,,,,,,
1917,Yankees,100.74747800827026,101.09528303146362,106.38102293014526,,,,,,,,,,,
1918,Athletics,101.90259218215942,104.1778564453125,106.25873804092407,,,,,,,,,,,
1918,Braves,96.10682129859924,96.75524234771729,94.48174238204956,,,,,,,,,,,
1918,Browns,100.8324146270752,98.21293950080872,99.26856756210327,,,,,,,,,,,
1918,Cardinals,99.12416338920593,97.98796772956848,95.56427597999573,,,,,,,,,,,
1918,Cubs,102.92447805404663,100.67158937454224,99.44703578948975,,,,,,,,,,,
1918,Giants,96.6612458229065,96.1527943611145,96.31578922271729,,,,,,,,,,,
1918,Indians,104.35500144958496,108.07863473892212,106.9983959197998,,,,,,,,,,,
1918,Phillies,105.81072568893433,109.10136699676514,110.95074415206909,,,,,,,,,,,
1918,Pirates,102.4023175239563,102.89011001586914,104.05921936035156,,,,,,,,,,,
1918,Red Sox,94.99297142028809,95.4907238483429,92.78284311294556,,,,,,,,,,,
1918,Reds,96.61971926689148,97.73688912391663,98.1890857219696,,,,,,,,,,,
1918,Robins,101.66831016540527,99.66148138046265,101.15655660629272,,,,,,,,,,,
1918,Senators,97.3035991191864,96.92049026489258,101.88745260238647,,,,,,,,,,,
1918,Tigers,100.46578645706177,97.00595736503601,99.81598854064941,,,,,,,,,,,
1918,White Sox,99.3386447429657,99.42438006401062,100.43050050735474,,,,,,,,,,,
1918,Yankees,100.99246501922607,101.89067125320435,95.35744786262512,,,,,,,,,,,
1919,Athletics,102.28724479675293,103.19379568099976,110.58676242828369,,,,,,,,,,,
1919,Braves,96.4623510837555,97.57763147354126,99.43795204162598,,,,,,,,,,,
1919,Browns,102.35511064529419,104.3669581413269,96.75210118293762,,,,,,,,,,,
1919,Cardinals,99.12416338920593,97.98796772956848,96.08426690101624,,,,,,,,,,,
1919,Cubs,101.82510614395142,98.63061308860779,96.71236276626587,,,,,,,,,,,
1919,Giants,97.04909324645996,97.67919778823853,98.2637345790863,,,,,,,,,,,
1919,Indians,103.4233570098877,104.26372289657593,105.25530576705933,,,,,,,,,,,
1919,Phillies,107.99583196640015,111.01083755493164,109.93020534515381,,,,,,,,,,,
1919,Pirates,101.18633508682251,102.08970308303833,103.78156900405884,,,,,,,,,,,
1919,Red Sox,96.262127161026,92.83850193023682,91.2757158279419,,,,,,,,,,,
1919,Reds,96.47846817970276,95.5307126045227,101.44927501678467,,,,,,,,,,,
1919,Robins,102.50436067581177,101.60328149795532,94.02700662612915,,,,,,,,,,,
1919,Senators,96.97507619857788,97.70687818527222,98.08579683303833,,,,,,,,,,,
1919,Tigers,99.13959503173828,99.84821677207947,93.37539672851562,,,,,,,,,,,
1919,White Sox,98.75430464744568,99.12760853767395,103.37331295013428,,,,,,,,,,,
1919,Yankees,101.03780031204224,99.34087991714478,103.2917857170105,,,,,,,,,,,
1920,Athletics,103.9592981338501,103.51486206054688,96.09922766685486,,,,,,,,,,,
1920,Braves,96.42682075500488,96.24961614608765,97.97730445861816,,,,,,,,,,,
1920,Browns,103.38313579559326,103.94623279571533,111.91020011901855,,,,,,,,,,,
1920,Cardinals,98.05440306663513,98.71559739112854,99.5671033859253,,,,,,,,,,,
1920,Cubs,99.51272010803223,102.05448865890503,99.582839012146,,,,,,,,,,,
1920,Giants,98.45589399337769,97.36390709877014,97.72234559059143,,,,,,,,,,,
1920,Indians,102.26446390151978,100.99066495895386,101.33243799209595,,,,,,,,,,,
1920,Phillies,110.14007329940796,108.87084007263184,111.31439208984375,,,,,,,,,,,
1920,Pirates,101.42323970794678,100.82603693008423,99.11873936653137,,,,,,,,,,,
1920,Red Sox,95.29445171356201,95.01854181289673,95.2332854270935,,,,,,,,,,,
1920,Reds,96.26668691635132,96.09847068786621,88.86184692382812,,,,,,,,,,,
1920,Robins,100.52521228790283,102.3506760597229,108.40111970901489,,,,,,,,,,,
1920,Senators,96.52671813964844,97.29217886924744,96.81602716445923,,,,,,,,,,,
1920,Tigers,99.30183291435242,98.7688422203064,105.07338047027588,,,,,,,,,,,
1920,White Sox,99.76924657821655,99.13151264190674,94.29223537445068,,,,,,,,,,,
1920,Yankees,99.66483116149902,101.11144781112671,99.76174235343933,,,,,,,,,,,
1921,Athletics,103.24438810348511,102.70309448242188,105.49207925796509,,,,,,,,,,,
1921,Braves,97.38408923149109,95.16208171844482,92.70205497741699,,,,,,,,,,,
1921,Browns,103.40937376022339,105.59970140457153,102.00846195220947,,,,,,,,,,,
1921,Cardinals,98.05440306663513,98.71559739112854,94.34094429016113,,,,,,,,,,,
1921,Cubs,100.49350261688232,100.6206750869751,108.21232795715332,,,,,,,,,,,
1921,Giants,98.77772331237793,98.22138547897339,96.14812135696411,,,,,,,,,,,
1921,Indians,101.47818326950073,100.68343877792358,97.74599075317383,,,,,,,,,,,
1921,Phillies,111.42749786376953,111.34527921676636,106.35983943939209,,,,,,,,,,,
1921,Pirates,100.04388093948364,100.93309879302979,100.38983821868896,,,,,,,,,,,
1921,Red Sox,97.34466671943665,96.68777585029602,97.8589415550232,,,,,,,,,,,
1921,Reds,95.78425884246826,93.97609233856201,99.67499375343323,,,,,,,,,,,
1921,Robins,99.4871199131012,101.55326128005981,103.93433570861816,,,,,,,,,,,
1921,Senators,96.00585103034973,95.21814584732056,97.43062257766724,,,,,,,,,,,
1921,Tigers,98.5711932182312,100.28985738754272,97.585529088974,,,,,,,,,,,
1921,White Sox,99.21653270721436,98.27737212181091,100.7428526878357,,,,,,,,,,,
1921,Yankees,99.66483116149902,100.01418590545654,101.14952325820923,,,,,,,,,,,
1922,Athletics,101.5832781791687,104.33112382888794,106.31836652755737,,,,,,,,,,,
1922,Braves,96.87811136245728,96.22722268104553,95.28341889381409,,,,,,,,,,,
1922,Browns,105.08593320846558,102.96550989151001,103.58362197875977,,,,,,,,,,,
1922,Cardinals,98.05440306663513,95.4404890537262,102.01088190078735,,,,,,,,,,,
1922,Cubs,101.05681419372559,101.79216861724854,95.38599252700806,,,,,,,,,,,
1922,Giants,97.0720112323761,98.92072081565857,100.85486173629761,,,,,,,,,,,
1922,Indians,100.26787519454956,100.79704523086548,103.29222679138184,,,,,,,,,,,
1922,Phillies,111.63785457611084,114.00721073150635,116.506028175354,,,,,,,,,,,
1922,Pirates,100.2244234085083,99.58974123001099,102.60834693908691,,,,,,,,,,,
1922,Red Sox,99.58378076553345,99.27359223365784,96.99395895004272,,,,,,,,,,,
1922,Reds,95.40289640426636,95.92754244804382,93.61425638198853,,,,,,,,,,,
1922,Robins,99.91071820259094,98.4215795993805,94.71956491470337,,,,,,,,,,,
1922,Senators,95.55928707122803,94.54575777053833,91.4529800415039,,,,,,,,,,,
1922,Tigers,99.5272159576416,97.82684445381165,99.11199808120728,,,,,,,,,,,
1922,White Sox,98.65213632583618,99.71086382865906,99.93141293525696,,,,,,,,,,,
1922,Yankees,99.66483116149902,100.01418590545654,98.74191284179688,,,,,,,,,,,
1923,Athletics,102.44606733322144,102.35108137130737,100.98570585250854,,,,,,,,,,,
1923,Braves,96.20590806007385,97.43431806564331,100.93808174133301,,,,,,,,,,,
1923,Browns,104.78099584579468,105.02517223358154,103.57077121734619,,,,,,,,,,,
1923,Cardinals,98.47285151481628,98.43819737434387,89.89277482032776,,,,,,,,,,,
1923,Cubs,100.61979293823242,99.51128959655762,103.20197343826294,,,,,,,,,,,
1923,Giants,97.06790447235107,96.7702329158783,99.82789754867554,,,,,,,,,,,
1923,Indians,101.17430686950684,100.88533163070679,101.62798166275024,,,,,,,,,,,
1923,Phillies,112.96215057373047,115.65983295440674,119.07331943511963,,,,,,,,,,,
1923,Pirates,100.44915676116943,100.47967433929443,95.67901492118835,,,,,,,,,,,
1923,Red Sox,99.99013543128967,101.53032541275024,103.02478075027466,,,,,,,,,,,
1923,Reds,96.4025616645813,95.34876942634583,94.97041702270508,,,,,,,,,,,
1923,Robins,97.92864322662354,96.66959643363953,97.61157631874084,,,,,,,,,,,
1923,Senators,95.25036215782166,93.72258186340332,94.79625225067139,,,,,,,,,,,
1923,Tigers,98.6875593662262,98.54816198348999,96.75980806350708,,,,,,,,,,,
1923,White Sox,98.75590205192566,99.16769862174988,98.31814169883728,,,,,,,,,,,
1923,Yankees,97.92499542236328,97.97099828720093,101.65818929672241,,,,,,,,,,,
1924,Athletics,103.6245584487915,100.58935880661011,99.6570348739624,,,,,,,,,,,
1924,Braves,95.10843753814697,97.01610803604126,96.09050154685974,,,,,,,,,,,
1924,Browns,105.03807067871094,107.08761215209961,107.77963399887085,,,,,,,,,,,
1924,Cardinals,99.74508881568909,98.33757877349854,104.00902032852173,,,,,,,,,,,
1924,Cubs,99.7967004776001,100.40658712387085,100.81112384796143,,,,,,,,,,,
1924,Giants,97.2909152507782,95.61492800712585,90.15892148017883,,,,,,,,,,,
1924,Indians,101.09589099884033,101.93408727645874,97.79658317565918,,,,,,,,,,,
1924,Phillies,113.23790550231934,116.35791063308716,111.26190423965454,,,,,,,,,,,
1924,Pirates,102.20731496810913,99.71924424171448,103.68314981460571,,,,,,,,,,,
1924,Red Sox,100.96970796585083,101.54076814651489,104.38351631164551,,,,,,,,,,,
1924,Reds,95.32912969589233,95.71852087974548,97.76490330696106,,,,,,,,,,,
1924,Robins,97.26195335388184,97.00356125831604,97.78636693954468,,,,,,,,,,,
1924,Senators,95.50999999046326,94.92762088775635,94.89373564720154,,,,,,,,,,,
1924,Tigers,98.8822340965271,98.68510365486145,99.73464608192444,,,,,,,,,,,
1924,White Sox,96.84275984764099,97.5621223449707,99.10593628883362,,,,,,,,,,,
1924,Yankees,97.92499542236328,97.97099828720093,96.99119329452515,,,,,,,,,,,
1925,Athletics,101.50429010391235,104.22083139419556,101.02392435073853,,,,,,,,,,,
1925,Braves,95.02283930778503,92.29910969734192,94.25997734069824,,,,,,,,,,,
1925,Browns,105.99710941314697,106.80146217346191,109.35790538787842,,,,,,,,,,,
1925,Cardinals,100.26344060897827,102.44207382202148,101.92195177078247,,,,,,,,,,,
1925,Cubs,100.66438913345337,100.41913986206055,97.48201370239258,,,,,,,,,,,
1925,Giants,97.06686735153198,94.70854997634888,97.2665548324585,,,,,,,,,,,
1925,Indians,100.0491738319397,100.31930208206177,106.54605627059937,,,,,,,,,,,
1925,Phillies,110.31125783920288,112.66016960144043,118.43972206115723,,,,,,,,,,,
1925,Pirates,101.80258750915527,104.86572980880737,100.45169591903687,,,,,,,,,,,
1925,Red Sox,100.82694292068481,101.72849893569946,97.77415990829468,,,,,,,,,,,
1925,Reds,96.22071385383606,95.16106247901917,94.5958137512207,,,,,,,,,,,
1925,Robins,98.34383130073547,97.51324653625488,95.77457904815674,,,,,,,,,,,
1925,Senators,96.30661606788635,96.2755799293518,95.13344764709473,,,,,,,,,,,
1925,Tigers,100.47065019607544,99.26990270614624,99.50714111328125,,,,,,,,,,,
1925,White Sox,97.03015685081482,94.88505721092224,95.07042169570923,,,,,,,,,,,
1925,Yankees,97.92499542236328,97.02828526496887,95.51281929016113,,,,,,,,,,,
1926,Athletics,101.28028392791748,102.58793830871582,113.87031078338623,,,,,,,,,,,
1926,Braves,95.075124502182,91.97905659675598,86.8468165397644,,,,,,,,,,,
1926,Browns,105.97081184387207,107.21609592437744,103.02751064300537,,,,,,,,,,,
1926,Cardinals,101.89433097839355,102.90775299072266,101.5324354171753,,,,,,,,,,,
1926,Cubs,98.6193060874939,99.88974332809448,103.63517999649048,,,,,,,,,,,
1926,Giants,97.07204699516296,98.08851480484009,97.44040966033936,,,,,,,,,,,
1926,Indians,101.03070735931396,100.32192468643188,96.93263173103333,,,,,,,,,,,
1926,Phillies,108.63709449768066,109.04132127761841,108.0764651298523,,,,,,,,,,,
1926,Pirates,103.8652777671814,103.72029542922974,111.38578653335571,,,,,,,,,,,
1926,Red Sox,100.2195954322815,99.15320873260498,103.54969501495361,,,,,,,,,,,
1926,Reds,96.26812934875488,95.46757936477661,93.52728128433228,,,,,,,,,,,
1926,Robins,98.24324250221252,98.44933152198792,99.19492602348328,,,,,,,,,,,
1926,Senators,97.32089042663574,96.61403894424438,98.89710545539856,,,,,,,,,,,
1926,Tigers,101.20911598205566,102.00966596603394,98.6833393573761,,,,,,,,,,,
1926,White Sox,97.05822467803955,95.2488660812378,90.24761319160461,,,,,,,,,,,
1926,Yankees,95.98345756530762,96.74681425094604,98.68489503860474,,,,,,,,,,,
1927,Athletics,102.28701829910278,102.14215517044067,95.75361013412476,,,,,,,,,,,
1927,Braves,94.92797255516052,94.13777589797974,94.81366872787476,,,,,,,,,,,
1927,Browns,104.38779592514038,105.22595643997192,109.00874137878418,,,,,,,,,,,
1927,Cardinals,100.74435472488403,101.59527063369751,105.86295127868652,,,,,,,,,,,
1927,Cubs,98.40192198753357,98.05784821510315,99.21959638595581,,,,,,,,,,,
1927,Giants,98.58949780464172,99.03159141540527,99.68209862709045,,,,,,,,,,,
1927,Indians,101.41679048538208,100.58073997497559,97.41258025169373,,,,,,,,,,,
1927,Phillies,109.06295776367188,106.14805221557617,100.9373664855957,,,,,,,,,,,
1927,Pirates,103.53090763092041,105.94097375869751,100.421142578125,,,,,,,,,,,
1927,Red Sox,99.81021285057068,99.73948001861572,96.73084616661072,,,,,,,,,,,
1927,Reds,96.37343287467957,95.67455649375916,98.70993494987488,,,,,,,,,,,
1927,Robins,97.81931042671204,98.96455407142639,100.69856643676758,,,,,,,,,,,
1927,Senators,98.18705916404724,98.36236238479614,95.89018225669861,,,,,,,,,,,
1927,Tigers,101.36061906814575,102.62492895126343,108.5365891456604,,,,,,,,,,,
1927,White Sox,96.3691771030426,96.46087884902954,101.08718872070312,,,,,,,,,,,
1927,Yankees,96.36225700378418,95.15445232391357,96.13701105117798,,,,,,,,,,,
1928,Athletics,101.46726369857788,100.05005598068237,99.79204535484314,,,,,,,,,,,
1928,Braves,95.29759883880615,96.93010449409485,100.8682131767273,,,,,,,,,,,
1928,Browns,104.22635078430176,103.78259420394897,103.57385873794556,,,,,,,,,,,
1928,Cardinals,100.97215175628662,100.24731159210205,97.79874086380005,,,,,,,,,,,
1928,Cubs,99.88493919372559,97.0121443271637,91.96882247924805,,,,,,,,,,,
1928,Giants,98.38238954544067,99.14641976356506,100.08512735366821,,,,,,,,,,,
1928,Indians,101.45026445388794,101.43219232559204,107.66596794128418,,,,,,,,,,,
1928,Phillies,107.97995328903198,108.06748867034912,109.7370982170105,,,,,,,,,,,
1928,Pirates,102.87065505981445,102.9909610748291,106.52598142623901,,,,,,,,,,,
1928,Red Sox,98.87899160385132,99.36773777008057,99.10050630569458,,,,,,,,,,,
1928,Reds,95.41137218475342,97.29015827178955,95.21318078041077,,,,,,,,,,,
1928,Robins,98.31907749176025,97.68867492675781,97.0848023891449,,,,,,,,,,,
1928,Senators,98.74660968780518,98.73397946357727,100.8120059967041,,,,,,,,,,,
1928,Tigers,102.30001211166382,103.21874618530273,100.91146230697632,,,,,,,,,,,
1928,White Sox,98.06180000305176,98.38845729827881,98.75208139419556,,,,,,,,,,,
1928,Yankees,95.40889859199524,95.25916576385498,90.95224142074585,,,,,,,,,,,
1929,Athletics,99.64941740036011,100.54148435592651,105.18782138824463,,,,,,,,,,,
1929,Braves,97.31134176254272,97.30476140975952,95.02732157707214,,,,,,,,,,,
1929,Browns,104.42781448364258,103.79583835601807,98.56557250022888,,,,,,,,,,,
1929,Cardinals,101.44587755203247,99.74889755249023,98.0552613735199,,,,,,,,,,,
1929,Cubs,98.71259927749634,99.15215969085693,99.39965605735779,,,,,,,,,,,
1929,Giants,97.89878129959106,97.94838428497314,97.69685864448547,,,,,,,,,,,
1929,Indians,103.29258441925049,104.50986623764038,99.46052432060242,,,,,,,,,,,
1929,Phillies,108.17965269088745,111.59873008728027,113.2117748260498,,,,,,,,,,,
1929,Pirates,101.16153955459595,101.8682599067688,102.32449769973755,,,,,,,,,,,
1929,Red Sox,97.21010327339172,97.9162871837616,102.34067440032959,,,,,,,,,,,
1929,Reds,95.9484875202179,94.29165124893188,98.13472032546997,,,,,,,,,,,
1929,Robins,98.60802292823792,96.98840379714966,95.60712575912476,,,,,,,,,,,
1929,Senators,98.63958954811096,99.49580430984497,99.79522824287415,,,,,,,,,,,
1929,Tigers,103.3734917640686,102.00729370117188,100.75818300247192,,,,,,,,,,,
1929,White Sox,98.85962009429932,99.45299029350281,95.55160403251648,,,,,,,,,,,
1929,Yankees,95.28864622116089,93.4030294418335,98.758864402771,,,,,,,,,,,
1930,Athletics,102.75964736938477,100.9405255317688,97.39022254943848,,,,,,,,,,,
1930,Braves,96.84554934501648,96.42776250839233,96.2317943572998,,,,,,,,,,,
1930,Browns,103.09152603149414,103.98445129394531,108.97773504257202,,,,,,,,,,,
1930,Cardinals,100.5772352218628,101.66372060775757,103.01204919815063,,,,,,,,,,,
1930,Cubs,99.18150901794434,100.27269124984741,104.48100566864014,,,,,,,,,,,
1930,Giants,97.73967266082764,96.2591826915741,96.41246199607849,,,,,,,,,,,
1930,Indians,104.95902299880981,104.42248582839966,106.1761736869812,,,,,,,,,,,
1930,Phillies,110.40542125701904,111.48040294647217,111.58570051193237,,,,,,,,,,,
1930,Pirates,100.99196434020996,100.00782012939453,97.87477850914001,,,,,,,,,,,
1930,Red Sox,97.66795039176941,96.21838927268982,92.76823997497559,,,,,,,,,,,
1930,Reds,95.63170671463013,94.7319507598877,90.20463228225708,,,,,,,,,,,
1930,Robins,97.90003895759583,98.09396862983704,98.23259115219116,,,,,,,,,,,
1930,Senators,98.93894791603088,98.69120121002197,98.20177555084229,,,,,,,,,,,
1930,Tigers,102.13519334793091,103.12294960021973,104.67900037765503,,,,,,,,,,,
1930,White Sox,96.68061137199402,98.03112149238586,103.6993145942688,,,,,,,,,,,
1930,Yankees,94.81134414672852,95.53543329238892,91.21222496032715,,,,,,,,,,,
1931,Athletics,101.4719009399414,103.44842672348022,100.89722871780396,,,,,,,,,,,
1931,Braves,95.65582871437073,95.50095200538635,98.50457906723022,,,,,,,,,,,
1931,Browns,105.050528049469,104.93309497833252,104.15785312652588,,,,,,,,,,,
1931,Cardinals,101.28676891326904,102.5208830833435,104.48260307312012,,,,,,,,,,,
1931,Cubs,99.72805976867676,101.1324405670166,96.23780250549316,,,,,,,,,,,
1931,Giants,97.09989428520203,96.58651351928711,94.64254975318909,,,,,,,,,,,
1931,Indians,104.51881885528564,106.71226978302002,107.08283185958862,,,,,,,,,,,
1931,Phillies,112.25665807723999,111.53424978256226,109.04481410980225,,,,,,,,,,,
1931,Pirates,99.05954599380493,98.96952509880066,100.29343366622925,,,,,,,,,,,
1931,Red Sox,98.07324409484863,95.3295886516571,94.05180811882019,,,,,,,,,,,
1931,Reds,96.20475172996521,94.1258430480957,96.56238555908203,,,,,,,,,,,
1931,Robins,98.09150099754333,98.57287406921387,100.96756219863892,,,,,,,,,,,
1931,Senators,97.72676825523376,97.97257781028748,98.16569685935974,,,,,,,,,,,
1931,Tigers,102.89580821990967,103.5821795463562,104.58675622940063,,,,,,,,,,,
1931,White Sox,97.25871086120605,95.85367441177368,95.00305652618408,,,,,,,,,,,
1931,Yankees,94.84215378761292,93.92071962356567,97.59725332260132,,,,,,,,,,,
1932,Athletics,100.32188892364502,102.07664966583252,112.4620795249939,,,,,,,,,,,
1932,Braves,93.72345209121704,94.73233819007874,92.01903939247131,,,,,,,,,,,
1932,Browns,106.06087446212769,106.76589012145996,101.87419652938843,,,,,,,,,,,
1932,Cardinals,103.68242263793945,102.21412181854248,100.19011497497559,,,,,,,,,,,
1932,Cubs,99.14634227752686,97.71381616592407,102.173912525177,,,,,,,,,,,
1932,Dodgers,98.3012318611145,98.69333505630493,96.79542779922485,,,,,,,,,,,
1932,Giants,96.578848361969,96.55179381370544,98.87307286262512,,,,,,,,,,,
1932,Indians,104.4912338256836,106.9872498512268,106.96960687637329,,,,,,,,,,,
1932,Phillies,111.90619468688965,114.61632251739502,113.84720802307129,,,,,,,,,,,
1932,Pirates,99.48439598083496,98.11127185821533,99.15921688079834,,,,,,,,,,,
1932,Red Sox,98.77038598060608,98.20091128349304,99.23695921897888,,,,,,,,,,,
1932,Reds,97.04830646514893,97.32905626296997,96.46821618080139,,,,,,,,,,,
1932,Senators,98.01822304725647,96.49870991706848,97.57709503173828,,,,,,,,,,,
1932,Tigers,101.99755430221558,103.8090467453003,101.5044093132019,,,,,,,,,,,
1932,White Sox,98.50150346755981,95.20793557167053,89.59176540374756,,,,,,,,,,,
1932,Yankees,93.88875961303711,94.08583045005798,93.30785274505615,,,,,,,,,,,
1933,Athletics,101.2364149093628,101.18765830993652,93.95061731338501,,,,,,,,,,,
1933,Braves,94.12232041358948,90.1391863822937,93.9336359500885,,,,,,,,,,,
1933,Browns,106.04817867279053,106.82241916656494,116.00704193115234,,,,,,,,,,,
1933,Cardinals,103.45271825790405,104.46703433990479,101.92157030105591,,,,,,,,,,,
1933,Cubs,97.33092784881592,97.75279760360718,95.26638388633728,,,,,,,,,,,
1933,Dodgers,97.70008325576782,97.20935821533203,98.61143827438354,,,,,,,,,,,
1933,Giants,96.28434777259827,96.59826159477234,95.73082327842712,,,,,,,,,,,
1933,Indians,102.35854387283325,102.62060165405273,102.62060165405273,,,,,,,,,,,
1933,Phillies,112.79706954956055,115.32111167907715,121.76350355148315,,,,,,,,,,,
1933,Pirates,100.88251829147339,99.89250302314758,94.92376446723938,,,,,,,,,,,
1933,Red Sox,101.21554136276245,102.23742723464966,101.63947343826294,,,,,,,,,,,
1933,Reds,98.00955653190613,99.67021942138672,99.52352643013,,,,,,,,,,,
1933,Senators,97.20619320869446,97.54217863082886,93.81116032600403,,,,,,,,,,,
1933,Tigers,100.08066892623901,100.65689086914062,105.52051067352295,,,,,,,,,,,
1933,White Sox,99.10145998001099,97.7834403514862,102.09975242614746,,,,,,,,,,,
1933,Yankees,93.89927983283997,92.47037768363953,91.26124978065491,,,,,,,,,,,
1934,Athletics,101.70643329620361,97.99973368644714,98.4088659286499,,,,,,,,,,,
1934,Braves,93.48728060722351,92.49290227890015,85.74381470680237,,,,,,,,,,,
1934,Browns,106.50666952133179,109.49172973632812,104.12492752075195,,,,,,,,,,,
1934,Cardinals,101.61925554275513,104.87767457962036,111.42237186431885,,,,,,,,,,,
1934,Cubs,98.40754270553589,95.75886130332947,95.87675333023071,,,,,,,,,,,
1934,Dodgers,98.40653538703918,96.58317565917969,96.52978181838989,,,,,,,,,,,
1934,Giants,96.87871932983398,95.19334435462952,94.84387636184692,,,,,,,,,,,
1934,Indians,102.2956132888794,98.99005889892578,99.80717301368713,,,,,,,,,,,
1934,Phillies,113.29295635223389,116.15381240844727,110.90881824493408,,,,,,,,,,,
1934,Pirates,100.22362470626831,101.85394287109375,105.32716512680054,,,,,,,,,,,
1934,Red Sox,103.04642915725708,104.66828346252441,105.67322969436646,,,,,,,,,,,
1934,Reds,98.10155630111694,98.63736629486084,102.99813747406006,,,,,,,,,,,
1934,Senators,96.90502882003784,96.29703164100647,101.42583847045898,,,,,,,,,,,
1934,Tigers,98.35630059242249,98.24698567390442,95.80391049385071,,,,,,,,,,,
1934,White Sox,99.90155696868896,104.1621446609497,102.73218154907227,,,,,,,,,,,
1934,Yankees,92.80117154121399,91.56767129898071,92.97931790351868,,,,,,,,,,,
1935,Athletics,98.6998438835144,101.45251750946045,102.25938558578491,,,,,,,,,,,
1935,Braves,92.71761178970337,92.67985224723816,98.84456992149353,,,,,,,,,,,
1935,Browns,106.68562650680542,106.67861700057983,109.01815891265869,,,,,,,,,,,
1935,Cardinals,101.78554058074951,102.29518413543701,101.46239995956421,,,,,,,,,,,
1935,Cubs,98.45255017280579,97.92667627334595,96.24664783477783,,,,,,,,,,,
1935,Dodgers,99.97109770774841,98.64025712013245,95.0129508972168,,,,,,,,,,,
1935,Giants,96.64291739463806,95.89300155639648,94.93327736854553,,,,,,,,,,,
1935,Indians,99.97749924659729,101.17518901824951,98.09160232543945,,,,,,,,,,,
1935,Phillies,112.89345026016235,112.96414136886597,116.32182598114014,,,,,,,,,,,
1935,Pirates,100.54939985275269,102.27221250534058,105.05354404449463,,,,,,,,,,,
1935,Red Sox,103.5800576210022,105.35998344421387,106.80899620056152,,,,,,,,,,,
1935,Reds,97.22998142242432,98.01557660102844,94.26814913749695,,,,,,,,,,,
1935,Senators,96.36391997337341,97.110116481781,94.12654638290405,,,,,,,,,,,
1935,Tigers,99.73475933074951,95.18665671348572,94.50374841690063,,,,,,,,,,,
1935,White Sox,102.11278200149536,102.95989513397217,108.2044005393982,,,,,,,,,,,
1935,Yankees,93.72563362121582,91.81677103042603,90.54960012435913,,,,,,,,,,,
1936,Athletics,100.540292263031,100.31756162643433,103.53639125823975,,,,,,,,,,,
1936,Bees,91.47741794586182,93.70505213737488,94.27940845489502,,,,,,,,,,,
1936,Browns,104.55179214477539,106.15246295928955,106.63341283798218,,,,,,,,,,,
1936,Cardinals,103.36588621139526,99.26495552062988,95.7152247428894,,,,,,,,,,,
1936,Cubs,99.71527457237244,100.00828504562378,101.96555852890015,,,,,,,,,,,
1936,Dodgers,99.68788623809814,101.7261266708374,105.30134439468384,,,,,,,,,,,
1936,Giants,97.73414134979248,96.83681726455688,97.93808460235596,,,,,,,,,,,
1936,Indians,99.56666231155396,100.03165006637573,104.93500232696533,,,,,,,,,,,
1936,Phillies,112.89345026016235,113.23421001434326,111.64137125015259,,,,,,,,,,,
1936,Pirates,101.22556686401367,100.831139087677,97.24681973457336,,,,,,,,,,,
1936,Red Sox,103.41969728469849,104.1226863861084,103.81126403808594,,,,,,,,,,,
1936,Reds,96.88793420791626,94.48450803756714,97.30188250541687,,,,,,,,,,,
1936,Senators,96.73271775245667,94.98388171195984,96.33407592773438,,,,,,,,,,,
1936,Tigers,98.81396889686584,99.42741394042969,95.40337920188904,,,,,,,,,,,
1936,White Sox,101.26020908355713,102.34404802322388,99.3279755115509,,,,,,,,,,,
1936,Yankees,95.72871923446655,93.68706345558167,91.90539121627808,,,,,,,,,,,
1937,Athletics,101.12580060958862,100.78285932540894,95.1784610748291,,,,,,,,,,,
1937,Bees,92.6460325717926,89.50390815734863,87.41403222084045,,,,,,,,,,,
1937,Browns,104.69003915786743,104.1032075881958,102.99497842788696,,,,,,,,,,,
1937,Cardinals,102.07744836807251,102.17461585998535,101.09845399856567,,,,,,,,,,,
1937,Cubs,100.52574872970581,102.25061178207397,102.00456380844116,,,,,,,,,,,
1937,Dodgers,101.31908655166626,102.5552749633789,105.87927103042603,,,,,,,,,,,
1937,Giants,98.54055047035217,99.30879473686218,97.78233170509338,,,,,,,,,,,
1937,Indians,98.85590672492981,99.82702136039734,96.41492366790771,,,,,,,,,,,
1937,Phillies,112.89345026016235,113.23421001434326,112.0090126991272,,,,,,,,,,,
1937,Pirates,100.3915548324585,98.88381958007812,101.00992918014526,,,,,,,,,,,
1937,Red Sox,103.83974313735962,102.40601301193237,102.3605465888977,,,,,,,,,,,
1937,Reds,96.44656181335449,95.31024694442749,91.95041060447693,,,,,,,,,,,
1937,Senators,94.85818147659302,95.62981724739075,94.56251263618469,,,,,,,,,,,
1937,Tigers,101.17030143737793,101.05583667755127,109.21555757522583,,,,,,,,,,,
1937,White Sox,101.57721042633057,99.02859330177307,100.8169412612915,,,,,,,,,,,
1937,Yankees,94.5935308933258,97.34702110290527,98.71463775634766,,,,,,,,,,,
1938,Athletics,100.58352947235107,100.12736320495605,103.63811254501343,,,,,,,,,,,
1938,Bees,92.91176199913025,88.33873271942139,86.32745742797852,,,,,,,,,,,
1938,Browns,104.51499223709106,103.54365110397339,102.55186557769775,,,,,,,,,,,
1938,Cardinals,102.22798585891724,105.26628494262695,111.82847023010254,,,,,,,,,,,
1938,Cubs,101.07007026672363,101.702880859375,102.734375,,,,,,,,,,,
1938,Dodgers,103.3769965171814,102.62247323989868,96.98810577392578,,,,,,,,,,,
1938,Giants,99.52155351638794,99.79033470153809,102.32703685760498,,,,,,,,,,,
1938,Indians,98.96864295005798,96.6299295425415,97.7681040763855,,,,,,,,,,,
1938,Phillies,99.99614953994751,100.45626163482666,104.52408790588379,,,,,,,,,,,
1938,Pirates,99.0121841430664,100.23359060287476,98.94996285438538,,,,,,,,,,,
1938,Red Sox,103.08921337127686,103.81803512573242,101.12230777740479,,,,,,,,,,,
1938,Reds,96.99528813362122,96.341073513031,96.80408835411072,,,,,,,,,,,
1938,Senators,94.85301971435547,93.66926550865173,95.92798352241516,,,,,,,,,,,
1938,Tigers,103.82652282714844,106.0125470161438,99.41815733909607,,,,,,,,,,,
1938,White Sox,100.46474933624268,100.78909397125244,96.9870388507843,,,,,,,,,,,
1938,Yankees,95.57592272758484,95.88228464126587,102.41581201553345,,,,,,,,,,,
1939,Athletics,100.45257806777954,101.51578187942505,101.6552209854126,,,,,,,,,,,
1939,Bees,92.94009804725647,92.86908507347107,91.36691689491272,,,,,,,,,,,
1939,Browns,103.62911224365234,105.12847900390625,105.06049394607544,,,,,,,,,,,
1939,Cardinals,104.57733869552612,105.75560331344604,103.62513065338135,,,,,,,,,,,
1939,Cubs,99.65252876281738,100.61722993850708,100.37918090820312,,,,,,,,,,,
1939,Dodgers,102.59007215499878,102.52554416656494,105.6683897972107,,,,,,,,,,,
1939,Giants,100.63823461532593,100.56757926940918,99.34620261192322,,,,,,,,,,,
1939,Indians,97.48164415359497,96.73947095870972,95.66650390625,,,,,,,,,,,
1939,Phillies,99.99614953994751,100.45626163482666,98.2894241809845,,,,,,,,,,,
1939,Pirates,99.89795684814453,98.90269041061401,100.75787305831909,,,,,,,,,,,
1939,Red Sox,103.00431251525879,103.60003709793091,107.93272256851196,,,,,,,,,,,
1939,Reds,96.8832015991211,98.18173050880432,100.49214363098145,,,,,,,,,,,
1939,Senators,95.26489973068237,93.47060322761536,90.23058414459229,,,,,,,,,,,
1939,Tigers,106.13080263137817,106.12391233444214,109.94549989700317,,,,,,,,,,,
1939,White Sox,99.1953432559967,100.98142623901367,104.7358512878418,,,,,,,,,,,
1939,Yankees,96.33526802062988,95.11677622795105,86.91548109054565,,,,,,,,,,,
1940,Athletics,101.33196115493774,101.29075050354004,99.05933737754822,,,,,,,,,,,
1940,Bees,94.42723393440247,95.62046527862549,100.64319372177124,,,,,,,,,,,
1940,Browns,103.74531745910645,104.922354221344,107.97849893569946,,,,,,,,,,,
1940,Cardinals,105.33301830291748,104.36859130859375,102.25335359573364,,,,,,,,,,,
1940,Cubs,98.85635375976562,97.77436852455139,98.75117540359497,,,,,,,,,,,
1940,Dodgers,101.35390758514404,104.12291288375854,105.9773325920105,,,,,,,,,,,
1940,Giants,101.45117044448853,101.16192102432251,100.1325249671936,,,,,,,,,,,
1940,Indians,91.78909659385681,90.31357765197754,90.31357765197754,,,,,,,,,,,
1940,Phillies,99.99614953994751,99.16709065437317,98.97763729095459,,,,,,,,,,,
1940,Pirates,100.01287460327148,99.88576173782349,97.69004583358765,,,,,,,,,,,
1940,Red Sox,102.92812585830688,104.3630838394165,101.93778276443481,,,,,,,,,,,
1940,Reds,98.47792983055115,98.12855124473572,97.02802896499634,,,,,,,,,,,
1940,Senators,96.13880515098572,94.29282546043396,93.9306378364563,,,,,,,,,,,
1940,Tigers,106.26816749572754,108.77652168273926,109.83206033706665,,,,,,,,,,,
1940,White Sox,98.83208274841309,99.29432272911072,101.50717496871948,,,,,,,,,,,
1940,Yankees,95.74379324913025,92.69270896911621,96.39415144920349,,,,,,,,,,,
1941,Athletics,101.1664628982544,100.53335428237915,103.30243110656738,,,,,,,,,,,
1941,Braves,97.50911593437195,97.1790611743927,94.6209192276001,,,,,,,,,,,
1941,Browns,103.58308553695679,104.47458028793335,101.78407430648804,,,,,,,,,,,
1941,Cardinals,103.26594114303589,104.66941595077515,107.72963762283325,,,,,,,,,,,
1941,Cubs,98.2248842716217,96.84213995933533,94.18604373931885,,,,,,,,,,,
1941,Dodgers,102.29532718658447,101.90343856811523,101.03590488433838,,,,,,,,,,,
1941,Giants,100.80949068069458,102.23860740661621,104.15802001953125,,,,,,,,,,,
1941,Indians,97.48164415359497,97.32824563980103,99.20373558998108,,,,,,,,,,,
1941,Phillies,98.24243783950806,99.09136295318604,100.61500072479248,,,,,,,,,,,
1941,Pirates,100.84491968154907,100.12335777282715,102.07101106643677,,,,,,,,,,,
1941,Red Sox,103.46560478210449,102.45873928070068,103.31000089645386,,,,,,,,,,,
1941,Reds,98.63317012786865,97.9396402835846,96.50207161903381,,,,,,,,,,,
1941,Senators,97.26119041442871,97.52785563468933,98.97693991661072,,,,,,,,,,,
1941,Tigers,107.54766464233398,108.95140171051025,106.20245933532715,,,,,,,,,,,
1941,White Sox,99.49437379837036,97.17211127281189,91.58790111541748,,,,,,,,,,,
1941,Yankees,94.19994950294495,95.8067774772644,95.45304775238037,,,,,,,,,,,
1942,Athletics,100.82724094390869,102.34396457672119,99.71109628677368,,,,,,,,,,,
1942,Braves,98.20743203163147,98.05952310562134,95.89259028434753,,,,,,,,,,,
1942,Browns,102.81023979187012,102.14401483535767,103.82856130599976,,,,,,,,,,,
1942,Cardinals,101.86457633972168,104.26971912384033,104.48812246322632,,,,,,,,,,,
1942,Cubs,98.27480912208557,96.87924385070801,97.8058397769928,,,,,,,,,,,
1942,Dodgers,101.88674926757812,100.49575567245483,98.87546896934509,,,,,,,,,,,
1942,Giants,102.11117267608643,101.77223682403564,102.51928567886353,,,,,,,,,,,
1942,Indians,93.77726316452026,90.55953025817871,91.3866400718689,,,,,,,,,,,
1942,Phillies,98.64782094955444,97.69113659858704,97.3430335521698,,,,,,,,,,,
1942,Pirates,101.53453350067139,102.63389348983765,102.04013586044312,,,,,,,,,,,
1942,Red Sox,101.83913707733154,102.99144983291626,102.04921960830688,,,,,,,,,,,
1942,Reds,97.00361490249634,98.13425540924072,100.65666437149048,,,,,,,,,,,
1942,Senators,97.54405617713928,100.67172050476074,99.80945587158203,,,,,,,,,,,
1942,Tigers,106.34392499923706,106.96488618850708,110.6277346611023,,,,,,,,,,,
1942,White Sox,98.5707700252533,96.49829864501953,98.26456904411316,,,,,,,,,,,
1942,Yankees,97.61395454406738,95.24509906768799,95.62178254127502,,,,,,,,,,,
1943,Athletics,100.47527551651001,101.22127532958984,104.38072681427002,,,,,,,,,,,
1943,Blue Jays,98.96860122680664,97.58220314979553,95.08750438690186,,,,,,,,,,,
1943,Braves,100.57142972946167,98.32326769828796,105.44114112854004,,,,,,,,,,,
1943,Browns,103.35673093795776,101.81756019592285,100.74540376663208,,,,,,,,,,,
1943,Cardinals,100.97535848617554,100.131094455719,100.3997802734375,,,,,,,,,,,
1943,Cubs,97.58875966072083,99.25881028175354,98.94059300422668,,,,,,,,,,,
1943,Dodgers,100.19433498382568,101.31677389144897,101.52382850646973,,,,,,,,,,,
1943,Giants,102.01996564865112,102.47448682785034,98.59127402305603,,,,,,,,,,,
1943,Indians,95.37603259086609,94.05381679534912,89.66270089149475,,,,,,,,,,,
1943,Pirates,102.87433862686157,103.56292724609375,103.838050365448,,,,,,,,,,,
1943,Red Sox,100.79965591430664,101.47284269332886,103.66692543029785,,,,,,,,,,,
1943,Reds,96.50627374649048,96.60130143165588,97.44071960449219,,,,,,,,,,,
1943,Senators,97.33680486679077,97.92200922966003,103.6665678024292,,,,,,,,,,,
1943,Tigers,105.22440671920776,106.03896379470825,104.44494485855103,,,,,,,,,,,
1943,White Sox,97.57640361785889,99.7443437576294,100.42054653167725,,,,,,,,,,,
1943,Yankees,99.50364828109741,98.54338765144348,94.54346299171448,,,,,,,,,,,
1944,Athletics,100.79026222229004,99.68560338020325,99.73915219306946,,,,,,,,,,,
1944,Blue Jays,98.33014607429504,98.65719079971313,100.43390989303589,,,,,,,,,,,
1944,Braves,100.55921077728271,104.38964366912842,95.03121376037598,,,,,,,,,,,
1944,Browns,103.05476188659668,104.46780920028687,100.6229043006897,,,,,,,,,,,
1944,Cardinals,100.32894611358643,97.84935712814331,96.11536860466003,,,,,,,,,,,
1944,Cubs,97.48939871788025,98.29237461090088,100.88304281234741,,,,,,,,,,,
1944,Dodgers,100.1827597618103,100.40470361709595,103.42081785202026,,,,,,,,,,,
1944,Giants,101.94439888000488,101.58154964447021,106.32842779159546,,,,,,,,,,,
1944,Indians,94.24396753311157,96.12123966217041,101.17074251174927,,,,,,,,,,,
1944,Pirates,103.33067178726196,103.92028093338013,104.5615553855896,,,,,,,,,,,
1944,Red Sox,102.35484838485718,99.51409697532654,99.07975196838379,,,,,,,,,,,
1944,Reds,97.52568006515503,94.6435809135437,92.12721586227417,,,,,,,,,,,
1944,Senators,96.35919332504272,95.1283872127533,90.52670001983643,,,,,,,,,,,
1944,Tigers,105.25015592575073,104.15877103805542,103.41640710830688,,,,,,,,,,,
1944,White Sox,98.48121404647827,99.13698434829712,100.51052570343018,,,,,,,,,,,
1944,Yankees,100.18436908721924,102.49885320663452,105.85930347442627,,,,,,,,,,,
1945,Athletics,100.80009698867798,100.18929243087769,94.87326145172119,,,,,,,,,,,
1945,Braves,100.2548336982727,100.79450607299805,113.47579956054688,,,,,,,,,,,
1945,Browns,103.15524339675903,104.04089689254761,113.43145370483398,,,,,,,,,,,
1945,Cardinals,100.35386085510254,99.17736649513245,97.52749800682068,,,,,,,,,,,
1945,Cubs,98.03606867790222,96.4707612991333,94.93968486785889,,,,,,,,,,,
1945,Dodgers,100.96057653427124,100.21889209747314,96.60048484802246,,,,,,,,,,,
1945,Giants,101.82607173919678,103.22210788726807,99.69529509544373,,,,,,,,,,,
1945,Indians,94.86307501792908,95.75890302658081,97.85094261169434,,,,,,,,,,,
1945,Phillies,98.70216846466064,99.30757284164429,100.55999755859375,,,,,,,,,,,
1945,Pirates,103.55912446975708,104.13931608200073,103.19881439208984,,,,,,,,,,,
1945,Red Sox,103.45287322998047,102.47137546539307,96.34408354759216,,,,,,,,,,,
1945,Reds,95.85360884666443,96.16367816925049,94.44444179534912,,,,,,,,,,,
1945,Senators,95.79542875289917,92.09040999412537,91.88604950904846,,,,,,,,,,,
1945,Tigers,104.07966375350952,104.81606721878052,104.64404821395874,,,,,,,,,,,
1945,White Sox,98.24085235595703,97.64084219932556,96.63633704185486,,,,,,,,,,,
1945,Yankees,99.96296763420105,103.83685827255249,107.403564453125,,,,,,,,,,,
1946,Athletics,100.29411315917969,100.06184577941895,106.03113174438477,,,,,,,,,,,
1946,Braves,99.34332370758057,100.76252222061157,94.15079951286316,,,,,,,,,,,
1946,Browns,104.60574626922607,105.43358325958252,100.0042200088501,,,,,,,,,,,
1946,Cardinals,100.25774240493774,101.89827680587769,104.2568564414978,,,,,,,,,,,
1946,Cubs,97.05478549003601,96.37634754180908,93.35060119628906,,,,,,,,,,,
1946,Dodgers,101.29427909851074,100.12049674987793,101.03529691696167,,,,,,,,,,,
1946,Giants,102.07748413085938,101.6719102859497,103.83237600326538,,,,,,,,,,,
1946,Indians,95.81337571144104,93.49834322929382,88.56270909309387,,,,,,,,,,,
1946,Phillies,98.64989519119263,99.16509985923767,97.08953499794006,,,,,,,,,,,
1946,Pirates,103.5904049873352,103.73913049697876,104.63471412658691,,,,,,,,,,,
1946,Red Sox,102.60279178619385,105.61162233352661,112.7450942993164,,,,,,,,,,,
1946,Reds,97.25742936134338,95.8071231842041,102.70347595214844,,,,,,,,,,,
1946,Senators,96.11287713050842,94.38289403915405,93.895024061203,,,,,,,,,,,
1946,Tigers,102.37412452697754,104.92830276489258,106.27880096435547,,,,,,,,,,,
1946,White Sox,97.6840078830719,96.49298787117004,95.95813751220703,,,,,,,,,,,
1946,Yankees,100.491464138031,99.8512864112854,98.3877420425415,,,,,,,,,,,
1947,Athletics,100.02608299255371,102.12681293487549,99.51087832450867,,,,,,,,,,,
1947,Braves,99.61081147193909,96.12687826156616,95.13450264930725,,,,,,,,,,,
1947,Browns,105.17237186431885,104.40229177474976,104.58879470825195,,,,,,,,,,,
1947,Cardinals,102.27513313293457,102.5792121887207,104.23892736434937,,,,,,,,,,,
1947,Cubs,96.14401459693909,95.90163826942444,100.82037448883057,,,,,,,,,,,
1947,Dodgers,100.67523717880249,102.6139497756958,103.22723388671875,,,,,,,,,,,
1947,Giants,101.21115446090698,101.88509225845337,101.8885612487793,,,,,,,,,,,
1947,Indians,94.58724856376648,92.88995862007141,94.69931125640869,,,,,,,,,,,
1947,Phillies,98.57200980186462,97.23086953163147,99.74218606948853,,,,,,,,,,,
1947,Pirates,103.14483642578125,104.0722131729126,103.46159934997559,,,,,,,,,,,
1947,Red Sox,103.79892587661743,106.19324445724487,108.0262541770935,,,,,,,,,,,
1947,Reds,98.08818697929382,99.28847551345825,92.05061793327332,,,,,,,,,,,
1947,Senators,96.86394929885864,98.72910976409912,97.72869944572449,,,,,,,,,,,
1947,Tigers,102.83476114273071,101.74487829208374,103.78921031951904,,,,,,,,,,,
1947,White Sox,97.38640785217285,96.73377871513367,96.9855785369873,,,,,,,,,,,
1947,Yankees,99.210524559021,97.03032970428467,94.76874470710754,,,,,,,,,,,
1948,Athletics,99.20212626457214,99.87399578094482,101.3298749923706,,,,,,,,,,,
1948,Braves,94.57000494003296,96.96223735809326,99.09293055534363,,,,,,,,,,,
1948,Browns,104.87884283065796,105.65855503082275,108.47355127334595,,,,,,,,,,,
1948,Cardinals,103.10094356536865,103.70819568634033,99.55752491950989,,,,,,,,,,,
1948,Cubs,98.14796447753906,96.67013883590698,93.62432360649109,,,,,,,,,,,
1948,Dodgers,102.55520343780518,102.17952728271484,103.43601703643799,,,,,,,,,,,
1948,Giants,100.6523609161377,101.18408203125,100.38880109786987,,,,,,,,,,,
1948,Indians,94.28272843360901,94.68204975128174,94.88975405693054,,,,,,,,,,,
1948,Phillies,97.4793553352356,98.0881929397583,95.07042169570923,,,,,,,,,,,
1948,Pirates,103.60695123672485,103.24913263320923,104.19023036956787,,,,,,,,,,,
1948,Red Sox,107.12141990661621,104.07589673995972,99.81223940849304,,,,,,,,,,,
1948,Reds,99.97912049293518,97.63684868812561,104.9223780632019,,,,,,,,,,,
1948,Senators,98.2722282409668,98.86618256568909,104.64963912963867,,,,,,,,,,,
1948,Tigers,100.83868503570557,101.76266431808472,96.31578922271729,,,,,,,,,,,
1948,White Sox,97.37623333930969,97.66802787780762,97.31075167655945,,,,,,,,,,,
1948,Yankees,97.62493968009949,97.07608819007874,98.0369508266449,,,,,,,,,,,
1949,Athletics,99.55031275749207,97.3015546798706,98.74722957611084,,,,,,,,,,,
1949,Braves,95.16720771789551,93.5746431350708,96.78576588630676,,,,,,,,,,,
1949,Browns,106.31873607635498,107.38000869750977,104.02027368545532,,,,,,,,,,,
1949,Cardinals,102.41652727127075,102.94942855834961,107.64065980911255,,,,,,,,,,,
1949,Cubs,99.05511140823364,98.4468936920166,95.92016935348511,,,,,,,,,,,
1949,Dodgers,101.73759460449219,103.24050188064575,100.11448860168457,,,,,,,,,,,
1949,Giants,100.06468296051025,99.4564414024353,101.40595436096191,,,,,,,,,,,
1949,Indians,94.72308158874512,94.80505585670471,94.33441162109375,,,,,,,,,,,
1949,Phillies,97.32548594474792,96.45801782608032,99.60659146308899,,,,,,,,,,,
1949,Pirates,104.57664728164673,104.00900840759277,102.16469764709473,,,,,,,,,,,
1949,Red Sox,106.36297464370728,106.72757625579834,105.57541847229004,,,,,,,,,,,
1949,Reds,99.57008361816406,102.20506191253662,97.1286416053772,,,,,,,,,,,
1949,Senators,98.73257279396057,99.45580959320068,94.7074294090271,,,,,,,,,,,
1949,Tigers,100.91313123703003,98.64963293075562,105.81269264221191,,,,,,,,,,,
1949,White Sox,97.2388505935669,97.43195176124573,98.44167232513428,,,,,,,,,,,
1949,Yankees,96.00222706794739,97.87170886993408,98.26801419258118,,,,,,,,,,,
1950,Athletics,101.49917602539062,98.88500571250916,92.59724617004395,,,,,,,,,,,
1950,Braves,95.17374038696289,93.17156672477722,86.4743709564209,,,,,,,,,,,
1950,Browns,105.380117893219,107.30831623077393,109.83881950378418,,,,,,,,,,,
1950,Cardinals,101.20108127593994,103.2606840133667,101.9519567489624,,,,,,,,,,,
1950,Cubs,99.38505291938782,100.17013549804688,106.02976083755493,,,,,,,,,,,
1950,Dodgers,101.15247964859009,101.10441446304321,106.27518892288208,,,,,,,,,,,
1950,Giants,100.05825757980347,99.34276938438416,96.54074311256409,,,,,,,,,,,
1950,Indians,93.81681680679321,93.6705231666565,95.14009356498718,,,,,,,,,,,
1950,Phillies,97.12617993354797,96.83607220649719,94.81539726257324,,,,,,,,,,,
1950,Pirates,104.65095043182373,105.97790479660034,105.72987794876099,,,,,,,,,,,
1950,Red Sox,106.32444620132446,109.57127809524536,114.68870639801025,,,,,,,,,,,
1950,Reds,101.28268003463745,100.66450834274292,105.06807565689087,,,,,,,,,,,
1950,Senators,98.91552925109863,97.05665707588196,99.72720146179199,,,,,,,,,,,
1950,Tigers,100.5616545677185,101.77617073059082,94.75592374801636,,,,,,,,,,,
1950,White Sox,97.28731513023376,96.70524597167969,96.56379818916321,,,,,,,,,,,
1950,Yankees,96.14872336387634,94.97805833816528,97.40634560585022,,,,,,,,,,,
1951,Athletics,102.04886198043823,102.75673866271973,106.67097568511963,,,,,,,,,,,
1951,Braves,95.17374038696289,92.5814688205719,97.53075838088989,,,,,,,,,,,
1951,Browns,105.34038543701172,105.84225654602051,108.3527684211731,,,,,,,,,,,
1951,Cardinals,101.38158798217773,99.92567896842957,100.37577152252197,,,,,,,,,,,
1951,Cubs,101.45093202590942,102.52372026443481,98.78103733062744,,,,,,,,,,,
1951,Dodgers,101.02816820144653,101.02053880691528,97.11078405380249,,,,,,,,,,,
1951,Giants,99.70502257347107,99.49421882629395,100.06510019302368,,,,,,,,,,,
1951,Indians,93.6187207698822,92.17782020568848,91.46424531936646,,,,,,,,,,,
1951,Phillies,97.49611616134644,96.4659571647644,96.1999237537384,,,,,,,,,,,
1951,Pirates,104.85583543777466,106.54008388519287,110.05023717880249,,,,,,,,,,,
1951,Red Sox,107.82856941223145,110.23983955383301,107.71989822387695,,,,,,,,,,,
1951,Reds,100.46360492706299,101.84779167175293,99.9935507774353,,,,,,,,,,,
1951,Senators,96.9589352607727,98.4334945678711,96.71993851661682,,,,,,,,,,,
1951,Tigers,101.70713663101196,100.4847764968872,106.06787204742432,,,,,,,,,,,
1951,White Sox,98.29320311546326,96.40386700630188,95.13826966285706,,,,,,,,,,,
1951,Yankees,94.68712210655212,94.1127359867096,89.39737677574158,,,,,,,,,,,
1952,Athletics,102.93020009994507,107.64181613922119,112.13235855102539,,,,,,,,,,,
1952,Braves,95.17374038696289,92.5814688205719,95.17622590065002,,,,,,,,,,,
1952,Browns,105.34038543701172,105.36525249481201,99.24408793449402,,,,,,,,,,,
1952,Cardinals,100.56723356246948,99.49986934661865,97.446209192276,,,,,,,,,,,
1952,Cubs,102.62830257415771,102.12072134017944,102.78342962265015,,,,,,,,,,,
1952,Dodgers,101.30339860916138,99.81024861335754,99.97130036354065,,,,,,,,,,,
1952,Giants,99.63834285736084,100.13138055801392,102.02765464782715,,,,,,,,,,,
1952,Indians,94.74473595619202,91.71561002731323,89.82967138290405,,,,,,,,,,,
1952,Phillies,96.96979522705078,97.26505875587463,98.61928820610046,,,,,,,,,,,
1952,Pirates,104.42361831665039,106.38445615768433,103.47390174865723,,,,,,,,,,,
1952,Red Sox,107.23975896835327,107.3096513748169,107.29166269302368,,,,,,,,,,,
1952,Reds,101.96919441223145,100.21904706954956,100.2753734588623,,,,,,,,,,,
1952,Senators,97.78926372528076,96.12683057785034,98.8277792930603,,,,,,,,,,,
1952,Tigers,100.78597068786621,103.35074663162231,101.47805213928223,,,,,,,,,,,
1952,White Sox,98.58196973800659,98.54584336280823,97.73499369621277,,,,,,,,,,,
1952,Yankees,94.38183903694153,91.49547815322876,95.66929340362549,,,,,,,,,,,
1953,Athletics,102.93020009994507,106.52340650558472,104.44953441619873,,,,,,,,,,,
1953,Braves,92.44093298912048,90.98848700523376,90.8067524433136,,,,,,,,,,,
1953,Browns,105.34038543701172,105.36525249481201,108.67419242858887,,,,,,,,,,,
1953,Cardinals,100.54917335510254,100.32902956008911,100.61967372894287,,,,,,,,,,,
1953,Cubs,101.60881280899048,103.28381061553955,104.80644702911377,,,,,,,,,,,
1953,Dodgers,100.72197914123535,101.3514518737793,102.46766805648804,,,,,,,,,,,
1953,Giants,99.89819526672363,100.48478841781616,98.56082201004028,,,,,,,,,,,
1953,Indians,95.79371213912964,94.69987154006958,93.8323438167572,,,,,,,,,,,
1953,Phillies,98.1542706489563,97.43102788925171,97.03808426856995,,,,,,,,,,,
1953,Pirates,103.16987037658691,102.8491735458374,105.2727222442627,,,,,,,,,,,
1953,Red Sox,108.10831785202026,105.42104244232178,107.08905458450317,,,,,,,,,,,
1953,Reds,102.07153558731079,101.89142227172852,100.25161504745483,,,,,,,,,,,
1953,Senators,96.56336307525635,96.99633121490479,93.16100478172302,,,,,,,,,,,
1953,Tigers,101.19239091873169,101.4824390411377,102.42902040481567,,,,,,,,,,,
1953,White Sox,98.79346489906311,100.38052797317505,103.16058397293091,,,,,,,,,,,
1953,Yankees,93.8865065574646,94.01050209999084,89.89593386650085,,,,,,,,,,,
1954,Athletics,102.93020009994507,106.52340650558472,103.50780487060547,,,,,,,,,,,
1954,Braves,92.44093298912048,90.98848700523376,89.95527625083923,,,,,,,,,,,
1954,Cardinals,100.45533180236816,101.67638063430786,102.53174304962158,,,,,,,,,,,
1954,Cubs,102.28534936904907,102.47218608856201,102.18901634216309,,,,,,,,,,,
1954,Dodgers,101.50437355041504,102.38908529281616,101.63661241531372,,,,,,,,,,,
1954,Giants,99.42082166671753,99.14618134498596,101.14754438400269,,,,,,,,,,,
1954,Indians,96.96258902549744,98.73840808868408,101.56234502792358,,,,,,,,,,,
1954,Orioles,93.6065137386322,93.49541664123535,95.96351385116577,,,,,,,,,,,
1954,Phillies,98.13955426216125,98.29076528549194,96.69299125671387,,,,,,,,,,,
1954,Pirates,101.62122249603271,101.30883455276489,99.75088834762573,,,,,,,,,,,
1954,Red Sox,107.18575716018677,110.165536403656,102.22991704940796,,,,,,,,,,,
1954,Redlegs,102.89905071258545,103.52174043655396,105.01573085784912,,,,,,,,,,,
1954,Senators,98.40261936187744,95.23000717163086,99.30625557899475,,,,,,,,,,,
1954,Tigers,99.40519332885742,99.76043105125427,100.14402866363525,,,,,,,,,,,
1954,White Sox,100.19052028656006,100.2753734588623,100.1459002494812,,,,,,,,,,,
1954,Yankees,95.29638886451721,93.81619691848755,96.71692252159119,,,,,,,,,,,
1955,Athletics,103.63556146621704,103.36424112319946,105.99184036254883,,,,,,,,,,,
1955,Braves,92.44093298912048,92.81430244445801,92.0809268951416,,,,,,,,,,,
1955,Cardinals,100.93421936035156,101.41667127609253,101.82652473449707,,,,,,,,,,,
1955,Cubs,101.29046440124512,101.6735315322876,100.32765865325928,,,,,,,,,,,
1955,Dodgers,103.62571477890015,101.96536779403687,103.03829908370972,,,,,,,,,,,
1955,Giants,99.57081079483032,98.79233241081238,97.95456528663635,,,,,,,,,,,
1955,Indians,99.57018494606018,100.33775568008423,101.5701174736023,,,,,,,,,,,
1955,Orioles,93.6065137386322,93.49541664123535,91.10439419746399,,,,,,,,,,,
1955,Phillies,97.94012904167175,98.00196290016174,101.25305652618408,,,,,,,,,,,
1955,Pirates,100.01643896102905,99.97109174728394,98.53131175041199,,,,,,,,,,,
1955,Red Sox,107.66428709030151,108.41131210327148,122.70675897598267,,,,,,,,,,,
1955,Redlegs,104.18288707733154,105.17352819442749,105.51730394363403,,,,,,,,,,,
1955,Senators,98.91957640647888,99.6530830860138,93.50638389587402,,,,,,,,,,,
1955,Tigers,100.05615949630737,97.51452803611755,96.50533199310303,,,,,,,,,,,
1955,White Sox,100.04110336303711,100.04462003707886,97.61080741882324,,,,,,,,,,,
1955,Yankees,94.47281956672668,96.15956544876099,95.02786993980408,,,,,,,,,,,
1956,Athletics,103.63556146621704,103.36424112319946,103.60825061798096,,,,,,,,,,,
1956,Braves,91.6560709476471,92.37210154533386,96.5599775314331,,,,,,,,,,,
1956,Cardinals,101.91949605941772,100.62987804412842,99.74619150161743,,,,,,,,,,,
1956,Cubs,100.72828531265259,100.0075101852417,102.61170864105225,,,,,,,,,,,
1956,Dodgers,103.62571477890015,105.55484294891357,101.13701820373535,,,,,,,,,,,
1956,Giants,99.57081079483032,99.40218329429626,97.13114500045776,,,,,,,,,,,
1956,Indians,99.76795315742493,100.97148418426514,97.96116352081299,,,,,,,,,,,
1956,Orioles,93.6065137386322,92.15277433395386,93.7685489654541,,,,,,,,,,,
1956,Phillies,98.54023456573486,98.28683137893677,96.26505970954895,,,,,,,,,,,
1956,Pirates,97.74872660636902,98.11137318611145,101.78263187408447,,,,,,,,,,,
1956,Red Sox,107.41721391677856,111.15193367004395,102.99761295318604,,,,,,,,,,,
1956,Redlegs,105.31367063522339,106.09070062637329,104.98009920120239,,,,,,,,,,,
1956,Senators,99.9324083328247,100.43061971664429,106.08261823654175,,,,,,,,,,,
1956,Tigers,100.04730224609375,99.12174344062805,96.26681804656982,,,,,,,,,,,
1956,White Sox,98.99153709411621,99.03892278671265,102.27766036987305,,,,,,,,,,,
1956,Yankees,96.43704295158386,94.2837119102478,96.68625593185425,,,,,,,,,,,
1957,Athletics,103.63556146621704,103.58271598815918,100.2065658569336,,,,,,,,,,,
1957,Braves,92.26779341697693,90.49014449119568,89.02424573898315,,,,,,,,,,,
1957,Cardinals,102.44840383529663,102.08436250686646,100.31266212463379,,,,,,,,,,,
1957,Cubs,100.06387233734131,100.4885196685791,97.3398506641388,,,,,,,,,,,
1957,Dodgers,103.62571477890015,105.55484294891357,113.82886171340942,,,,,,,,,,,
1957,Giants,99.57081079483032,99.40218329429626,102.93668508529663,,,,,,,,,,,
1957,Indians,98.73418807983398,98.59849214553833,103.25675010681152,,,,,,,,,,,
1957,Orioles,93.54902505874634,92.57660508155823,91.57369136810303,,,,,,,,,,,
1957,Phillies,99.20685887336731,98.01243543624878,97.52247929573059,,,,,,,,,,,
1957,Pirates,98.249751329422,96.33983373641968,94.42569613456726,,,,,,,,,,,
1957,Red Sox,108.21752548217773,106.15835189819336,110.05865335464478,,,,,,,,,,,
1957,Redlegs,105.25799989700317,106.3461184501648,107.69096612930298,,,,,,,,,,,
1957,Senators,100.21491050720215,102.37869024276733,101.69872045516968,,,,,,,,,,,
1957,Tigers,102.10943222045898,101.34292840957642,106.15087747573853,,,,,,,,,,,
1957,White Sox,97.94806241989136,98.91847968101501,96.99990153312683,,,,,,,,,,,
1957,Yankees,95.59362530708313,96.14789485931396,90.82829356193542,,,,,,,,,,,
1958,Athletics,102.68546342849731,103.52237224578857,106.90834522247314,,,,,,,,,,,
1958,Braves,92.03173518180847,89.60931301116943,86.2844705581665,,,,,,,,,,,
1958,Cardinals,103.28183174133301,104.07183170318604,106.64070844650269,,,,,,,,,,,
1958,Cubs,100.16937255859375,99.24315810203552,101.73389911651611,,,,,,,,,,,
1958,Dodgers,104.7520637512207,106.5333366394043,106.39417171478271,,,,,,,,,,,
1958,Giants,97.93239831924438,97.04627990722656,100.18450021743774,,,,,,,,,,,
1958,Indians,98.17095994949341,97.87525534629822,94.57873106002808,,,,,,,,,,,
1958,Orioles,95.22379040718079,93.1489109992981,92.37918257713318,,,,,,,,,,,
1958,Phillies,100.2528190612793,99.44528341293335,100.24596452713013,,,,,,,,,,,
1958,Pirates,98.07730913162231,96.77186608314514,93.30548048019409,,,,,,,,,,,
1958,Red Sox,105.47112226486206,107.40185976028442,105.8885931968689,,,,,,,,,,,
1958,Redlegs,104.1704535484314,106.23561143875122,106.30756616592407,,,,,,,,,,,
1958,Senators,101.88506841659546,100.5452036857605,98.93292784690857,,,,,,,,,,,
1958,Tigers,103.0504822731018,107.16980695724487,103.05211544036865,,,,,,,,,,,
1958,White Sox,98.34153652191162,96.13121151924133,97.19989895820618,,,,,,,,,,,
1958,Yankees,95.2032744884491,94.54153776168823,101.0162353515625,,,,,,,,,,,
1959,Athletics,102.78806686401367,103.63892316818237,103.43811511993408,,,,,,,,,,,
1959,Braves,91.13399386405945,90.23496508598328,93.40956807136536,,,,,,,,,,,
1959,Cardinals,105.5020809173584,106.32613897323608,105.64082860946655,,,,,,,,,,,
1959,Cubs,100.16722679138184,100.41676759719849,98.58856797218323,,,,,,,,,,,
1959,Dodgers,104.7520637512207,106.5333366394043,101.0919451713562,,,,,,,,,,,
1959,Giants,97.93239831924438,97.04627990722656,93.83758306503296,,,,,,,,,,,
1959,Indians,97.96240329742432,96.23988270759583,95.9323525428772,,,,,,,,,,,
1959,Orioles,95.41182518005371,96.1224913597107,95.57937979698181,,,,,,,,,,,
1959,Phillies,100.27118921279907,102.70349979400635,100.49501657485962,,,,,,,,,,,
1959,Pirates,97.6300835609436,97.81304597854614,102.79908180236816,,,,,,,,,,,
1959,Red Sox,105.35742044448853,105.94097375869751,106.35892152786255,,,,,,,,,,,
1959,Redlegs,103.71732711791992,103.4292459487915,104.72809076309204,,,,,,,,,,,
1959,Senators,101.88506841659546,100.75079202651978,100.93547105789185,,,,,,,,,,,
1959,Tigers,102.66941785812378,105.39592504501343,111.94926500320435,,,,,,,,,,,
1959,White Sox,97.71460294723511,97.09198474884033,94.24276947975159,,,,,,,,,,,
1959,Yankees,94.65576410293579,95.17948627471924,92.08341836929321,,,,,,,,,,,
1960,Athletics,103.94514799118042,102.82224416732788,100.7810115814209,,,,,,,,,,,
1960,Braves,92.73236393928528,91.7422890663147,90.83402752876282,,,,,,,,,,,
1960,Cardinals,106.82566165924072,108.11119079589844,106.71402215957642,,,,,,,,,,,
1960,Cubs,101.97259187698364,100.59618949890137,100.87072849273682,,,,,,,,,,,
1960,Dodgers,104.7520637512207,104.89290952682495,113.27934265136719,,,,,,,,,,,
1960,Giants,96.59620523452759,95.5359160900116,88.94805908203125,,,,,,,,,,,
1960,Indians,97.0888078212738,97.00348973274231,98.2259213924408,,,,,,,,,,,
1960,Orioles,94.96947526931763,96.794992685318,100.1360297203064,,,,,,,,,,,
1960,Phillies,99.74963665008545,101.25712156295776,108.25579166412354,,,,,,,,,,,
1960,Pirates,98.69147539138794,99.69651699066162,97.51049876213074,,,,,,,,,,,
1960,Red Sox,104.11437749862671,104.71696853637695,105.5657148361206,,,,,,,,,,,
1960,Reds,102.39334106445312,102.23091840744019,99.34676885604858,,,,,,,,,,,
1960,Senators,101.88506841659546,100.75079202651978,102.34899520874023,,,,,,,,,,,
1960,Tigers,103.46161127090454,102.03999280929565,100.89761018753052,,,,,,,,,,,
1960,White Sox,97.16079235076904,97.67488837242126,99.74283576011658,,,,,,,,,,,
1960,Yankees,94.97373104095459,92.98025965690613,92.92339086532593,,,,,,,,,,,
1961,Angels,107.52010345458984,112.53350973129272,112.53350973129272,,,,,,,,,,,
1961,Athletics,104.23277616500854,104.07052040100098,104.29446697235107,,,,,,,,,,,
1961,Braves,95.1042890548706,93.21343898773193,91.06444120407104,,,,,,,,,,,
1961,Cardinals,106.90112113952637,108.56306552886963,111.98534965515137,,,,,,,,,,,
1961,Cubs,102.34870910644531,103.50852012634277,102.21556425094604,,,,,,,,,,,
1961,Dodgers,104.7520637512207,104.89290952682495,101.86235904693604,,,,,,,,,,,
1961,Giants,96.59620523452759,95.5359160900116,97.31812477111816,,,,,,,,,,,
1961,Indians,97.53105044364929,97.67168760299683,96.81448936462402,,,,,,,,,,,
1961,Orioles,94.92747187614441,94.52486038208008,94.58667039871216,,,,,,,,,,,
1961,Phillies,99.98314380645752,99.29671883583069,96.26298546791077,,,,,,,,,,,
1961,Pirates,99.6354877948761,98.920738697052,98.92346858978271,,,,,,,,,,,
1961,Red Sox,104.3494701385498,103.70956659317017,102.52138376235962,,,,,,,,,,,
1961,Reds,101.8984317779541,100.84296464920044,102.42464542388916,,,,,,,,,,,
1961,Senators,97.74972200393677,96.24953269958496,96.24953269958496,,,,,,,,,,,
1961,Tigers,103.76220941543579,101.58339738845825,94.60276365280151,,,,,,,,,,,
1961,Twins,102.20623016357422,103.61891984939575,107.21226930618286,,,,,,,,,,,
1961,White Sox,97.8181004524231,97.46949672698975,98.81413578987122,,,,,,,,,,,
1961,Yankees,94.34753060340881,93.07396411895752,93.72684955596924,,,,,,,,,,,
1962,Angels,94.8778510093689,93.66298317909241,101.66761875152588,,,,,,,,,,,
1962,Athletics,105.03796339035034,106.35513067245483,106.88221454620361,,,,,,,,,,,
1962,Braves,95.99363207817078,96.1931824684143,97.91051149368286,,,,,,,,,,,
1962,Cardinals,108.18725824356079,108.91456604003906,107.24645853042603,,,,,,,,,,,
1962,Colt .45's,95.10036706924438,93.87546181678772,92.96987056732178,,,,,,,,,,,
1962,Cubs,103.88567447662354,104.76384162902832,107.85305500030518,,,,,,,,,,,
1962,Dodgers,92.41966605186462,91.90884232521057,91.74988269805908,,,,,,,,,,,
1962,Giants,96.5065062046051,97.77699112892151,99.85685348510742,,,,,,,,,,,
1962,Indians,98.83577823638916,97.44058847427368,98.07824492454529,,,,,,,,,,,
1962,Mets,104.02843952178955,105.75491189956665,108.31607580184937,,,,,,,,,,,
1962,Orioles,96.1604654788971,92.26557612419128,89.56645131111145,,,,,,,,,,,
1962,Phillies,99.58606362342834,97.4461317062378,95.23506164550781,,,,,,,,,,,
1962,Pirates,99.25222396850586,99.23413395881653,100.38830041885376,,,,,,,,,,,
1962,Red Sox,103.96218299865723,103.9799451828003,102.98546552658081,,,,,,,,,,,
1962,Reds,101.2533187866211,102.15182304382324,100.79236030578613,,,,,,,,,,,
1962,Senators,100.30745267868042,101.43094062805176,101.05243921279907,,,,,,,,,,,
1962,Tigers,100.85304975509644,102.64016389846802,110.5459451675415,,,,,,,,,,,
1962,Twins,102.20623016357422,103.61891984939575,104.31399345397949,,,,,,,,,,,
1962,White Sox,97.57217168807983,97.97864556312561,93.94842386245728,,,,,,,,,,,
1962,Yankees,95.87169885635376,94.6370780467987,92.76178479194641,,,,,,,,,,,
1963,Angels,94.8778510093689,93.66298317909241,91.7259156703949,,,,,,,,,,,
1963,Athletics,104.81069087982178,107.69826173782349,108.27771425247192,,,,,,,,,,,
1963,Braves,98.28813076019287,98.93018007278442,100.5758285522461,,,,,,,,,,,
1963,Cardinals,108.12928676605225,108.68635177612305,107.31990337371826,,,,,,,,,,,
1963,Colt .45's,95.10036706924438,93.87546181678772,92.68292784690857,,,,,,,,,,,
1963,Cubs,104.3057918548584,106.35485649108887,104.22993898391724,,,,,,,,,,,
1963,Dodgers,92.41966605186462,91.90884232521057,93.26320886611938,,,,,,,,,,,
1963,Giants,99.87742304801941,98.25085997581482,96.05820775032043,,,,,,,,,,,
1963,Indians,98.74342083930969,99.56751465797424,97.4345862865448,,,,,,,,,,,
1963,Mets,104.02843952178955,105.75491189956665,102.82199382781982,,,,,,,,,,,
1963,Orioles,95.87072134017944,94.71927285194397,92.86983609199524,,,,,,,,,,,
1963,Phillies,97.3744809627533,98.17274808883667,101.79879665374756,,,,,,,,,,,
1963,Pirates,99.38521981239319,99.8857319355011,98.32146763801575,,,,,,,,,,,
1963,Red Sox,104.77895736694336,104.6204924583435,106.71582221984863,,,,,,,,,,,
1963,Reds,102.25518941879272,101.73022747039795,103.4351110458374,,,,,,,,,,,
1963,Senators,100.30745267868042,101.43094062805176,100.72733163833618,,,,,,,,,,,
1963,Tigers,101.43517255783081,103.4029483795166,104.33012247085571,,,,,,,,,,,
1963,Twins,102.20623016357422,101.67050361633301,99.24882650375366,,,,,,,,,,,
1963,White Sox,95.86747288703918,95.90551257133484,101.92954540252686,,,,,,,,,,,
1963,Yankees,97.13613986968994,96.95559740066528,98.09352159500122,,,,,,,,,,,
1964,Angels,94.8778510093689,91.52886867523193,86.73272132873535,,,,,,,,,,,
1964,Athletics,103.18561792373657,105.17895221710205,108.06862115859985,,,,,,,,,,,
1964,Braves,98.28813076019287,100.77054500579834,98.5641360282898,,,,,,,,,,,
1964,Cardinals,108.12928676605225,108.57478380203247,111.70246601104736,,,,,,,,,,,
1964,Colt .45's,95.10036706924438,93.87546181678772,96.05602622032166,,,,,,,,,,,
1964,Cubs,104.51431274414062,104.66723442077637,106.59213066101074,,,,,,,,,,,
1964,Dodgers,92.41966605186462,90.85250496864319,90.5629813671112,,,,,,,,,,,
1964,Giants,99.80015754699707,100.8868932723999,98.78242611885071,,,,,,,,,,,
1964,Indians,99.41015243530273,99.47590827941895,103.35320234298706,,,,,,,,,,,
1964,Mets,99.37054514884949,98.59814047813416,97.94719219207764,,,,,,,,,,,
1964,Orioles,96.88984751701355,97.9383647441864,102.99321413040161,,,,,,,,,,,
1964,Phillies,98.17091822624207,98.12067151069641,98.32713603973389,,,,,,,,,,,
1964,Pirates,99.62552189826965,99.09594655036926,100.76732635498047,,,,,,,,,,,
1964,Red Sox,106.30272626876831,107.14578628540039,104.35545444488525,,,,,,,,,,,
1964,Reds,104.30290699005127,103.16709280014038,101.22298002243042,,,,,,,,,,,
1964,Senators,100.30745267868042,101.62696838378906,102.59871482849121,,,,,,,,,,,
1964,Tigers,103.24342250823975,101.38299465179443,95.88006138801575,,,,,,,,,,,
1964,Twins,102.49053239822388,100.1927375793457,101.3075590133667,,,,,,,,,,,
1964,White Sox,94.61337327957153,94.65665817260742,92.29828715324402,,,,,,,,,,,
1964,Yankees,97.22474217414856,99.83921647071838,101.03820562362671,,,,,,,,,,,
1965,Angels,94.8778510093689,91.52886867523193,96.46090269088745,,,,,,,,,,,
1965,Astros,97.22751379013062,94.64855194091797,90.1225745677948,,,,,,,,,,,
1965,Athletics,102.09019184112549,100.8307695388794,99.46523904800415,,,,,,,,,,,
1965,Braves,98.28813076019287,100.77054500579834,103.67318391799927,,,,,,,,,,,
1965,Cardinals,108.12928676605225,108.57478380203247,106.84436559677124,,,,,,,,,,,
1965,Cubs,103.32391262054443,104.26172018051147,103.0960202217102,,,,,,,,,,,
1965,Dodgers,91.6249930858612,90.85645079612732,88.73744606971741,,,,,,,,,,,
1965,Giants,99.69945549964905,101.1667251586914,108.89348983764648,,,,,,,,,,,
1965,Indians,99.89022612571716,100.52940845489502,97.66902923583984,,,,,,,,,,,
1965,Mets,99.37054514884949,98.59814047813416,102.1327018737793,,,,,,,,,,,
1965,Orioles,97.99312353134155,100.52992105484009,98.47617149353027,,,,,,,,,,,
1965,Phillies,99.679034948349,97.87946939468384,94.75407600402832,,,,,,,,,,,
1965,Pirates,99.77577328681946,99.67954158782959,98.1175184249878,,,,,,,,,,,
1965,Red Sox,108.32092761993408,108.52518081665039,110.51528453826904,,,,,,,,,,,
1965,Reds,105.6060791015625,106.70011043548584,104.59495782852173,,,,,,,,,,,
1965,Senators,100.6065845489502,99.97292160987854,101.67078971862793,,,,,,,,,,,
1965,Tigers,101.19467973709106,101.06165409088135,104.527747631073,,,,,,,,,,,
1965,Twins,102.75986194610596,103.4199595451355,100,,,,,,,,,,,
1965,White Sox,94.19867992401123,91.45554304122925,90.1609480381012,,,,,,,,,,,
1965,Yankees,97.82769680023193,98.36052656173706,100.52131414413452,,,,,,,,,,,
1966,Angels,96.35035395622253,96.761554479599,99.21165704727173,,,,,,,,,,,
1966,Astros,97.22751379013062,94.64855194091797,98.0387806892395,,,,,,,,,,,
1966,Athletics,102.09019184112549,98.38324785232544,94.68641877174377,,,,,,,,,,,
1966,Braves,100.94969272613525,99.03700351715088,99.02634620666504,,,,,,,,,,,
1966,Cardinals,99.42408204078674,97.1038818359375,98.14941883087158,,,,,,,,,,,
1966,Cubs,104.66558933258057,102.56471633911133,103.250253200531,,,,,,,,,,,
1966,Dodgers,90.9580945968628,89.87028002738953,93.5006856918335,,,,,,,,,,,
1966,Giants,100.00548362731934,101.33634805679321,96.5746521949768,,,,,,,,,,,
1966,Indians,100.36789178848267,99.53181147575378,100.46745538711548,,,,,,,,,,,
1966,Mets,99.37054514884949,99.42094683647156,96.10950946807861,,,,,,,,,,,
1966,Orioles,99.41555857658386,97.8675365447998,100.19615888595581,,,,,,,,,,,
1966,Phillies,99.16621446609497,99.4344413280487,100.67771673202515,,,,,,,,,,,
1966,Pirates,100.13754367828369,99.8437762260437,100.12872219085693,,,,,,,,,,,
1966,Red Sox,107.50280618667603,111.95111274719238,111.13225221633911,,,,,,,,,,,
1966,Reds,107.37736225128174,108.74556303024292,114.67684507369995,,,,,,,,,,,
1966,Senators,99.40606951713562,99.99588131904602,95.51312923431396,,,,,,,,,,,
1966,Tigers,101.14524364471436,102.28719711303711,103.33527326583862,,,,,,,,,,,
1966,Twins,103.96889448165894,105.11462688446045,110.0911021232605,,,,,,,,,,,
1966,White Sox,93.68923306465149,91.15177392959595,92.00213551521301,,,,,,,,,,,
1966,Yankees,98.20618629455566,96.27280831336975,93.78015995025635,,,,,,,,,,,
1967,Angels,96.35035395622253,96.761554479599,95.37858963012695,,,,,,,,,,,
1967,Astros,97.22751379013062,97.77273535728455,95.94137668609619,,,,,,,,,,,
1967,Athletics,102.09019184112549,98.38324785232544,101.18868350982666,,,,,,,,,,,
1967,Braves,100.94969272613525,99.03700351715088,104.79902029037476,,,,,,,,,,,
1967,Cardinals,99.42408204078674,97.1038818359375,99.58628416061401,,,,,,,,,,,
1967,Cubs,104.46275472640991,105.43935298919678,101.43874883651733,,,,,,,,,,,
1967,Dodgers,92.179274559021,90.18546938896179,87.63183355331421,,,,,,,,,,,
1967,Giants,100.34148693084717,97.60065078735352,99.26771521568298,,,,,,,,,,,
1967,Indians,98.83721470832825,100.2691388130188,100.61770677566528,,,,,,,,,,,
1967,Mets,99.43515062332153,98.79370927810669,100.25732517242432,,,,,,,,,,,
1967,Orioles,99.04218912124634,98.44841361045837,94.75457072257996,,,,,,,,,,,
1967,Phillies,99.49100613594055,100.9892225265503,103.55770587921143,,,,,,,,,,,
1967,Pirates,98.95496368408203,100.6270170211792,101.2211799621582,,,,,,,,,,,
1967,Red Sox,107.74998664855957,109.09414291381836,114.4425630569458,,,,,,,,,,,
1967,Reds,106.82709217071533,112.09002733230591,107.6606273651123,,,,,,,,,,,
1967,Senators,98.28107953071594,97.36660122871399,102.98621654510498,,,,,,,,,,,
1967,Tigers,102.39584445953369,102.23798751831055,99.03110265731812,,,,,,,,,,,
1967,Twins,103.90317440032959,107.42799043655396,106.19945526123047,,,,,,,,,,,
1967,White Sox,96.97036743164062,94.39593553543091,91.49321913719177,,,,,,,,,,,
1967,Yankees,96.97738885879517,96.09790444374084,94.6036159992218,,,,,,,,,,,
1968,Angels,96.35035395622253,96.77062630653381,95.5722451210022,,,,,,,,,,,
1968,Astros,97.89451360702515,99.01654720306396,99.83630180358887,,,,,,,,,,,
1968,Athletics,96.24173641204834,94.95026469230652,97.97648191452026,,,,,,,,,,,
1968,Braves,100.94969272613525,100.33348798751831,92.67577528953552,,,,,,,,,,,
1968,Cardinals,99.42408204078674,96.97436094284058,93.1878924369812,,,,,,,,,,,
1968,Cubs,107.22988843917847,106.34006261825562,113.11678886413574,,,,,,,,,,,
1968,Dodgers,92.18735098838806,91.50086641311646,89.5736813545227,,,,,,,,,,,
1968,Giants,98.19762706756592,99.04085397720337,96.96528315544128,,,,,,,,,,,
1968,Indians,101.8614649772644,98.49094152450562,99.64815974235535,,,,,,,,,,,
1968,Mets,99.54215884208679,99.6595025062561,100.93717575073242,,,,,,,,,,,
1968,Orioles,98.320871591568,98.60221147537231,100.78197717666626,,,,,,,,,,,
1968,Phillies,99.80721473693848,100.73601007461548,98.77007007598877,,,,,,,,,,,
1968,Pirates,98.50155115127563,98.61579537391663,100.47341585159302,,,,,,,,,,,
1968,Red Sox,107.82766342163086,107.10526704788208,101.7155647277832,,,,,,,,,,,
1968,Reds,106.82709217071533,106.45910501480103,113.52075338363647,,,,,,,,,,,
1968,Senators,97.37519025802612,97.72079586982727,94.09366250038147,,,,,,,,,,,
1968,Tigers,102.28991508483887,101.77791118621826,104.43689823150635,,,,,,,,,,,
1968,Twins,103.27749252319336,104.16245460510254,105.98859786987305,,,,,,,,,,,
1968,White Sox,100.7882833480835,100.81409215927124,100.54811239242554,,,,,,,,,,,
1968,Yankees,95.16246318817139,96.26603722572327,100.42333602905273,,,,,,,,,,,
1969,Angels,95.99015712738037,94.96143460273743,99.32356476783752,,,,,,,,,,,
1969,Astros,96.7797040939331,98.10651540756226,101.66163444519043,,,,,,,,,,,
1969,Athletics,96.17804884910583,94.86635327339172,92.30433106422424,,,,,,,,,,,
1969,Braves,103.0587911605835,100.63929557800293,102.84532308578491,,,,,,,,,,,
1969,Cardinals,100.03886222839355,99.65611696243286,97.7065920829773,,,,,,,,,,,
1969,Cubs,108.68139266967773,112.56839036941528,105.56132793426514,,,,,,,,,,,
1969,Dodgers,92.89116859436035,91.7203426361084,97.04142212867737,,,,,,,,,,,
1969,Expos,102.05020904541016,101.55848264694214,103.08873653411865,,,,,,,,,,,
1969,Giants,98.71838092803955,98.09308648109436,100.61498880386353,,,,,,,,,,,
1969,Indians,103.24947834014893,103.12638282775879,95.63307166099548,,,,,,,,,,,
1969,Mets,99.44801330566406,100.59434175491333,98.19526672363281,,,,,,,,,,,
1969,Orioles,98.42911958694458,98.53318929672241,100.7118821144104,,,,,,,,,,,
1969,Padres,95.82324624061584,97.05419540405273,98.51029515266418,,,,,,,,,,,
1969,Phillies,99.80366230010986,98.32101464271545,100,,,,,,,,,,,
1969,Pilots,100.352942943573,100.58822631835938,100.58822631835938,,,,,,,,,,,
1969,Pirates,98.47474694252014,96.68265581130981,94.6183979511261,,,,,,,,,,,
1969,Red Sox,107.05040693283081,106.35359287261963,105.67010641098022,,,,,,,,,,,
1969,Reds,106.97309970855713,106.59449100494385,100.21157264709473,,,,,,,,,,,
1969,Royals,100.12283325195312,100.01144409179688,103.27458381652832,,,,,,,,,,,
1969,Senators,96.95395827293396,95.78052163124084,96.54922485351562,,,,,,,,,,,
1969,Tigers,100.84731578826904,103.5226821899414,102.153480052948,,,,,,,,,,,
1969,Twins,102.48908996582031,100.93281269073486,101.05162858963013,,,,,,,,,,,
1969,White Sox,101.69085264205933,106.78502321243286,109.6127986907959,,,,,,,,,,,
1969,Yankees,95.72806358337402,94.80737447738647,94.18976306915283,,,,,,,,,,,
1970,Angels,94.78046894073486,95.63894867897034,90.74566960334778,,,,,,,,,,,
1970,Astros,98.67338538169861,95.70879936218262,93.963623046875,,,,,,,,,,,
1970,Athletics,96.17804884910583,95.36682367324829,95.37118673324585,,,,,,,,,,,
1970,Braves,103.42594385147095,105.99877834320068,104.95495796203613,,,,,,,,,,,
1970,Brewers,99.52677488327026,99.61988925933838,99.62278604507446,,,,,,,,,,,
1970,Cardinals,100.90615749359131,102.1699070930481,106.44302368164062,,,,,,,,,,,
1970,Cubs,110.86035966873169,111.43248081207275,119.02827024459839,,,,,,,,,,,
1970,Dodgers,93.77534985542297,94.21650171279907,89.0681803226471,,,,,,,,,,,
1970,Expos,102.05020904541016,101.55848264694214,101.26885175704956,,,,,,,,,,,
1970,Giants,99.01313781738281,98.83403778076172,96.83012366294861,,,,,,,,,,,
1970,Indians,104.3134331703186,105.62680959701538,114.7629976272583,,,,,,,,,,,
1970,Mets,98.41615557670593,98.70636463165283,102.45118141174316,,,,,,,,,,,
1970,Orioles,98.7126350402832,98.72493147850037,94.7594702243805,,,,,,,,,,,
1970,Padres,95.82324624061584,97.05419540405273,96.4375913143158,,,,,,,,,,,
1970,Phillies,99.80366230010986,98.32101464271545,96.268230676651,,,,,,,,,,,
1970,Pirates,98.47474694252014,96.68265581130981,95.69002985954285,,,,,,,,,,,
1970,Red Sox,105.67662715911865,107.64386653900146,111.10975742340088,,,,,,,,,,,
1970,Reds,96.35024070739746,97.00045585632324,102.84171104431152,,,,,,,,,,,
1970,Royals,100.12283325195312,100.01144409179688,99.2036759853363,,,,,,,,,,,
1970,Senators,96.95395827293396,95.57017087936401,96.68715596199036,,,,,,,,,,,
1970,Tigers,102.80402898788452,100.52369832992554,103.87179851531982,,,,,,,,,,,
1970,Twins,102.56260633468628,100.8570909500122,96.89638614654541,,,,,,,,,,,
1970,White Sox,104.13796901702881,105.1999568939209,108.23827981948853,,,,,,,,,,,
1970,Yankees,95.34855484962463,94.11199688911438,91.11903309822083,,,,,,,,,,,
1971,Angels,94.80212330818176,92.10259318351746,97.76926636695862,,,,,,,,,,,
1971,Astros,97.80433773994446,97.15832471847534,91.61988496780396,,,,,,,,,,,
1971,Athletics,93.837970495224,96.55894041061401,99.07333254814148,,,,,,,,,,,
1971,Braves,107.15689659118652,107.28883743286133,110.60769557952881,,,,,,,,,,,
1971,Brewers,99.52677488327026,99.61988925933838,103.11216115951538,,,,,,,,,,,
1971,Cardinals,99.97633695602417,104.2165994644165,101.36696100234985,,,,,,,,,,,
1971,Cubs,109.96284484863281,114.00065422058105,109.70360040664673,,,,,,,,,,,
1971,Dodgers,95.25453448295593,92.89255142211914,97.84313440322876,,,,,,,,,,,
1971,Expos,102.05020904541016,101.26343965530396,100.38671493530273,,,,,,,,,,,
1971,Giants,100.35938024520874,98.88652563095093,99.59409832954407,,,,,,,,,,,
1971,Indians,103.86980772018433,110.10218858718872,107.92243480682373,,,,,,,,,,,
1971,Mets,98.21332097053528,97.54266738891602,95.07554769515991,,,,,,,,,,,
1971,Orioles,99.53717589378357,97.14322090148926,101.18054151535034,,,,,,,,,,,
1971,Padres,95.82324624061584,94.20140981674194,96.37663960456848,,,,,,,,,,,
1971,Phillies,102.83428430557251,103.57621908187866,103.9634108543396,,,,,,,,,,,
1971,Pirates,97.35967516899109,96.77106738090515,98.31537008285522,,,,,,,,,,,
1971,Red Sox,106.20416402816772,107.97147750854492,106.0317873954773,,,,,,,,,,,
1971,Reds,96.35024070739746,97.00045585632324,95.55296897888184,,,,,,,,,,,
1971,Royals,100.12283325195312,99.06095862388611,97.67749309539795,,,,,,,,,,,
1971,Senators,96.95395827293396,95.57017087936401,93.41351389884949,,,,,,,,,,,
1971,Tigers,102.0552396774292,102.98631191253662,95.80752849578857,,,,,,,,,,,
1971,Twins,102.29265689849854,102.60392427444458,104.95749711990356,,,,,,,,,,,
1971,White Sox,104.27207946777344,103.92546653747559,97.20364212989807,,,,,,,,,,,
1971,Yankees,95.3469455242157,93.50847005844116,97.15959429740906,,,,,,,,,,,
1972,Angels,93.59822869300842,93.895024061203,88.34694027900696,,,,,,,,,,,
1972,Astros,97.04391360282898,97.6446270942688,106.5976619720459,,,,,,,,,,,
1972,Athletics,94.94897723197937,92.73598194122314,95.0353741645813,,,,,,,,,,,
1972,Braves,107.25147724151611,110.75172424316406,106.8313479423523,,,,,,,,,,,
1972,Brewers,99.52677488327026,98.41696619987488,96.41901850700378,,,,,,,,,,,
1972,Cardinals,100.83658695220947,98.26687574386597,104.82927560806274,,,,,,,,,,,
1972,Cubs,109.19191837310791,110.20112037658691,112.9114031791687,,,,,,,,,,,
1972,Dodgers,94.10980939865112,96.32178544998169,92.35689640045166,,,,,,,,,,,
1972,Expos,102.24907398223877,102.41333246231079,102.50684022903442,,,,,,,,,,,
1972,Giants,101.66044235229492,101.8302321434021,100.80702304840088,,,,,,,,,,,
1972,Indians,104.97101545333862,104.1379451751709,106.84376955032349,,,,,,,,,,,
1972,Mets,98.4079360961914,96.31279706954956,94.4889783859253,,,,,,,,,,,
1972,Orioles,97.8034496307373,100.9369969367981,95.64007520675659,,,,,,,,,,,
1972,Padres,95.37379145622253,93.95908117294312,89.8102879524231,,,,,,,,,,,
1972,Phillies,102.83428430557251,103.57621908187866,97.74464964866638,,,,,,,,,,,
1972,Pirates,97.35967516899109,96.77106738090515,100.70858001708984,,,,,,,,,,,
1972,Rangers,99.06576871871948,97.59356379508972,96.49577736854553,,,,,,,,,,,
1972,Red Sox,106.34652376174927,105.81860542297363,106.46328926086426,,,,,,,,,,,
1972,Reds,96.35024070739746,93.1293249130249,92.20138788223267,,,,,,,,,,,
1972,Royals,100.12283325195312,99.06095862388611,100.57334899902344,,,,,,,,,,,
1972,Tigers,103.0392050743103,101.7457127571106,112.1546983718872,,,,,,,,,,,
1972,Twins,102.27831602096558,105.22441864013672,107.06781148910522,,,,,,,,,,,
1972,White Sox,102.96285152435303,101.66174173355103,105.92650175094604,,,,,,,,,,,
1972,Yankees,95.47210931777954,96.41639590263367,92.21528172492981,,,,,,,,,,,
1973,Angels,94.49309706687927,92.23570823669434,95.488440990448,,,,,,,,,,,
1973,Astros,97.37052917480469,99.39679503440857,94.89604234695435,,,,,,,,,,,
1973,Athletics,94.18779611587524,92.54780411720276,85.96314787864685,,,,,,,,,,,
1973,Braves,105.66027164459229,108.43230485916138,114.5865797996521,,,,,,,,,,,
1973,Brewers,99.92164969444275,98.44499230384827,96.60455584526062,,,,,,,,,,,
1973,Cardinals,100.18876791000366,98.68518114089966,89.60756063461304,,,,,,,,,,,
1973,Cubs,106.82566165924072,107.43260383605957,108.13244581222534,,,,,,,,,,,
1973,Dodgers,94.90454196929932,93.76514554023743,98.3973503112793,,,,,,,,,,,
1973,Expos,103.56383323669434,103.80607843399048,104.4556975364685,,,,,,,,,,,
1973,Giants,102.78615951538086,104.78522777557373,104.98729944229126,,,,,,,,,,,
1973,Indians,102.32813358306885,101.91335678100586,99.27440881729126,,,,,,,,,,,
1973,Mets,96.84278964996338,97.72151708602905,99.28207397460938,,,,,,,,,,,
1973,Orioles,96.6012954711914,97.4418580532074,105.02982139587402,,,,,,,,,,,
1973,Padres,95.94219326972961,93.86852383613586,95.85056900978088,,,,,,,,,,,
1973,Phillies,102.83428430557251,103.46291065216064,108.6585521697998,,,,,,,,,,,
1973,Pirates,97.35967516899109,96.45087122917175,92.2535240650177,,,,,,,,,,,
1973,Rangers,99.06576871871948,97.59356379508972,99.6876060962677,,,,,,,,,,,
1973,Red Sox,105.86129426956177,105.93069791793823,105.05349636077881,,,,,,,,,,,
1973,Reds,96.26466631889343,93.76854300498962,92.01089143753052,,,,,,,,,,,
1973,Royals,102.59112119674683,105.62747716903687,109.58878993988037,,,,,,,,,,,
1973,Tigers,103.37027311325073,106.15212917327881,100.41952133178711,,,,,,,,,,,
1973,Twins,104.07683849334717,103.80120277404785,103.71084213256836,,,,,,,,,,,
1973,White Sox,102.0124077796936,103.41839790344238,102.55749225616455,,,,,,,,,,,
1973,Yankees,96.77475690841675,96.00312113761902,99.48945641517639,,,,,,,,,,,
1974,Angels,93.51282119750977,94.43815350532532,92.5443172454834,100.78564882278442,94.06752586364746,86.94042563438416,93.99271607398987,101.91208124160767,97.09343910217285,,,,,97.17590808868408
1974,Astros,96.2251603603363,95.8035409450531,97.28652834892273,97.05726504325867,97.69478440284729,101.94945335388184,85.74026226997375,100.64746141433716,98.16266298294067,,,,,95.82792520523071
1974,Athletics,94.15509104728699,91.51293635368347,98.54111671447754,99.18467402458191,93.15598607063293,89.02868032455444,99.5721697807312,99.5097815990448,102.62418985366821,,,,,101.18443965911865
1974,Braves,105.90924024581909,104.78168725967407,102.88227796554565,102.98647880554199,100.01121759414673,84.16821956634521,124.22336339950562,97.42529392242432,101.98369026184082,,,,,107.16650485992432
1974,Brewers,99.39213991165161,100.10889768600464,102.51076221466064,102.45460271835327,96.36672139167786,97.89822101593018,96.05226516723633,99.28792119026184,100.55474042892456,,,,,99.06113147735596
1974,Cardinals,100.71579217910767,98.45145344734192,102.98227071762085,101.86017751693726,100.65603256225586,111.40222549438477,89.45961594581604,96.53321504592896,96.90368175506592,,,,,97.07533121109009
1974,Cubs,106.99019432067871,105.4990291595459,102.57272720336914,103.66623401641846,102.34001874923706,96.13438248634338,122.63988256454468,100.29176473617554,102.49695777893066,,,,,106.15096092224121
1974,Dodgers,94.83010172843933,93.75701546669006,90.79110026359558,100.22997856140137,91.01537466049194,73.6956536769867,101.29420757293701,100.58169364929199,98.38045239448547,,,,,99.5681881904602
1974,Expos,103.97231578826904,105.67165613174438,104.2724609375,103.79027128219604,99.14117455482483,107.81126022338867,103.42122316360474,100.20688772201538,101.68949365615845,,,,,101.1880874633789
1974,Giants,103.56115102767944,105.05194664001465,108.67232084274292,99.54397082328796,102.31196880340576,118.5283899307251,93.86745095252991,103.59622240066528,101.94402933120728,,,,,97.81691431999207
1974,Indians,100.85116624832153,100.04732608795166,101.23043060302734,99.63234663009644,95.4194962978363,90.7559335231781,105.5254340171814,99.89554286003113,100.27064085006714,,,,,102.04625129699707
1974,Mets,95.87463140487671,97.55334854125977,99.25251603126526,98.24817180633545,97.80762195587158,93.60151290893555,96.72377109527588,103.38598489761353,98.56234192848206,,,,,98.01362156867981
1974,Orioles,95.80813646316528,94.88511085510254,91.79104566574097,96.62295579910278,97.35458493232727,84.50375199317932,92.72261261940002,101.1473298072815,98.24162125587463,,,,,97.25605845451355
1974,Padres,94.93483901023865,97.08898663520813,95.81920504570007,100.00344514846802,95.99262475967407,95.02421617507935,89.22452330589294,98.38919639587402,96.47983908653259,,,,,96.94299101829529
1974,Phillies,103.09957265853882,104.51364517211914,103.64512205123901,98.46095442771912,104.33070659637451,105.19047975540161,106.32598400115967,101.02183818817139,103.53561639785767,,,,,102.17410326004028
1974,Pirates,97.27442860603333,95.65166234970093,97.33194708824158,99.26666617393494,102.2378921508789,104.52054738998413,96.95450067520142,97.36857414245605,100.76240301132202,,,,,99.93438124656677
1974,Rangers,99.06576871871948,98.7054169178009,96.33572101593018,100.44053792953491,98.17202687263489,89.49483633041382,97.56959080696106,103.04005146026611,100.18119812011719,,,,,98.37464094161987
1974,Red Sox,106.64297342300415,106.674325466156,106.3596248626709,101.32627487182617,113.80138397216797,103.87042760848999,109.8112940788269,98.68258833885193,102.77273654937744,,,,,103.5611629486084
1974,Reds,97.49634861946106,97.07313776016235,96.98240160942078,97.3073661327362,105.62268495559692,106.47664070129395,101.44424438476562,99.94295239448547,99.28132891654968,,,,,100.01521110534668
1974,Royals,102.59112119674683,105.62747716903687,106.34700059890747,100.25593042373657,111.00969314575195,132.87988901138306,89.54225182533264,92.72900223731995,95.22171020507812,,,,,97.52277135848999
1974,Tigers,105.13970851898193,104.50336933135986,107.47627019882202,99.51313734054565,103.63080501556396,111.51162385940552,111.36742830276489,100.74416399002075,100.31697750091553,,,,,103.32921743392944
1974,Twins,102.90577411651611,103.52379083633423,100.94856023788452,100.56904554367065,96.57778739929199,104.608154296875,104.42814826965332,102.05854177474976,100.45422315597534,,,,,100.2981185913086
1974,White Sox,102.66872644424438,102.85476446151733,102.42640972137451,101.76951885223389,99.92619752883911,110.5140209197998,92.93894171714783,98.63110184669495,101.18968486785889,,,,,98.53903651237488
1974,Yankees,97.97170162200928,97.10242748260498,94.99630928039551,97.85674810409546,100.65014362335205,97.07916975021362,97.36624360084534,101.72156095504761,101.16182565689087,,,,,98.42100143432617
1975,Angels,94.5365846157074,93.24280023574829,95.23735642433167,100.78564882278442,94.06752586364746,86.94042563438416,93.99271607398987,101.91208124160767,97.09343910217285,,,,,97.17590808868408
1975,Astros,93.73317956924438,92.86496639251709,95.33952474594116,97.05726504325867,97.69478440284729,101.94945335388184,85.74026226997375,100.64746141433716,98.16266298294067,,,,,95.82792520523071
1975,Athletics,94.34065222740173,96.00130319595337,91.44692420959473,99.18467402458191,93.15598607063293,89.02868032455444,99.5721697807312,99.5097815990448,102.62418985366821,,,,,101.18443965911865
1975,Braves,107.59031772613525,103.47050428390503,96.39161229133606,102.98647880554199,100.01121759414673,84.16821956634521,124.22336339950562,97.42529392242432,101.98369026184082,,,,,107.16650485992432
1975,Brewers,99.20510649681091,101.22274160385132,101.58464908599854,102.45460271835327,96.36672139167786,97.89822101593018,96.05226516723633,99.28792119026184,100.55474042892456,,,,,99.06113147735596
1975,Cardinals,99.05033111572266,103.59199047088623,103.26429605484009,101.86017751693726,100.65603256225586,111.40222549438477,89.45961594581604,96.53321504592896,96.90368175506592,,,,,97.07533121109009
1975,Cubs,107.28400945663452,106.22357130050659,106.23068809509277,103.66623401641846,102.34001874923706,96.13438248634338,122.63988256454468,100.29176473617554,102.49695777893066,,,,,106.15096092224121
1975,Dodgers,95.78835964202881,93.46127510070801,92.62036085128784,100.22997856140137,91.01537466049194,73.6956536769867,101.29420757293701,100.58169364929199,98.38045239448547,,,,,99.5681881904602
1975,Expos,103.97231578826904,104.96739149093628,108.48977565765381,103.79027128219604,99.14117455482483,107.81126022338867,103.42122316360474,100.20688772201538,101.68949365615845,,,,,101.1880874633789
1975,Giants,104.21152114868164,104.66799736022949,101.6611099243164,99.54397082328796,102.31196880340576,118.5283899307251,93.86745095252991,103.59622240066528,101.94402933120728,,,,,97.81691431999207
1975,Indians,99.54060316085815,100.11537075042725,99.75352883338928,99.63234663009644,95.4194962978363,90.7559335231781,105.5254340171814,99.89554286003113,100.27064085006714,,,,,102.04625129699707
1975,Mets,96.06381058692932,94.47932839393616,94.45274472236633,98.24817180633545,97.80762195587158,93.60151290893555,96.72377109527588,103.38598489761353,98.56234192848206,,,,,98.01362156867981
1975,Orioles,95.12580633163452,92.24585890769958,88.616281747818,96.62295579910278,97.35458493232727,84.50375199317932,92.72261261940002,101.1473298072815,98.24162125587463,,,,,97.25605845451355
1975,Padres,94.67753171920776,95.3726053237915,99.9258279800415,100.00344514846802,95.99262475967407,95.02421617507935,89.22452330589294,98.38919639587402,96.47983908653259,,,,,96.94299101829529
1975,Phillies,103.17144393920898,103.50143909454346,101.6274094581604,98.46095442771912,104.33070659637451,105.19047975540161,106.32598400115967,101.02183818817139,103.53561639785767,,,,,102.17410326004028
1975,Pirates,97.5162148475647,97.62109518051147,97.67594933509827,99.26666617393494,102.2378921508789,104.52054738998413,96.95450067520142,97.36857414245605,100.76240301132202,,,,,99.93438124656677
1975,Rangers,100.21196603775024,99.38631057739258,100.05477666854858,100.44053792953491,98.17202687263489,89.49483633041382,97.56959080696106,103.04005146026611,100.18119812011719,,,,,98.37464094161987
1975,Red Sox,108.42665433883667,108.44560861587524,108.4152340888977,101.32627487182617,113.80138397216797,103.87042760848999,109.8112940788269,98.68258833885193,102.77273654937744,,,,,103.5611629486084
1975,Reds,98.8368272781372,100.55674314498901,102.49820947647095,97.3073661327362,105.62268495559692,106.47664070129395,101.44424438476562,99.94295239448547,99.28132891654968,,,,,100.01521110534668
1975,Royals,102.59112119674683,102.0006775856018,100.88391304016113,100.25593042373657,111.00969314575195,132.87988901138306,89.54225182533264,92.72900223731995,95.22171020507812,,,,,97.52277135848999
1975,Tigers,104.13200855255127,105.89659214019775,105.65062761306763,99.51313734054565,103.63080501556396,111.51162385940552,111.36742830276489,100.74416399002075,100.31697750091553,,,,,103.32921743392944
1975,Twins,102.26675271987915,101.89523696899414,105.70143461227417,100.56904554367065,96.57778739929199,104.608154296875,104.42814826965332,102.05854177474976,100.45422315597534,,,,,100.2981185913086
1975,White Sox,101.58084630966187,102.36879587173462,103.59547138214111,101.76951885223389,99.92619752883911,110.5140209197998,92.93894171714783,98.63110184669495,101.18968486785889,,,,,98.53903651237488
1975,Yankees,97.97170162200928,97.10242748260498,99.33353662490845,97.85674810409546,100.65014362335205,97.07916975021362,97.36624360084534,101.72156095504761,101.16182565689087,,,,,98.42100143432617
1976,Angels,95.53880095481873,93.8769280910492,91.74389839172363,100.78564882278442,94.06752586364746,86.94042563438416,93.99271607398987,101.91208124160767,97.09343910217285,,,,,97.17590808868408
1976,Astros,93.65583658218384,91.1378026008606,86.4892303943634,97.05726504325867,97.69478440284729,101.94945335388184,85.74026226997375,100.64746141433716,98.16266298294067,,,,,95.82792520523071
1976,Athletics,97.22133278846741,95.17130851745605,98.7315833568573,99.18467402458191,93.15598607063293,89.02868032455444,99.5721697807312,99.5097815990448,102.62418985366821,,,,,101.18443965911865
1976,Braves,107.24656581878662,107.91798830032349,112.18793392181396,102.98647880554199,100.01121759414673,84.16821956634521,124.22336339950562,97.42529392242432,101.98369026184082,,,,,107.16650485992432
1976,Brewers,100.75802803039551,98.97032380104065,99.5076835155487,102.45460271835327,96.36672139167786,97.89822101593018,96.05226516723633,99.28792119026184,100.55474042892456,,,,,99.06113147735596
1976,Cardinals,100.1704216003418,100.81925392150879,104.55273389816284,101.86017751693726,100.65603256225586,111.40222549438477,89.45961594581604,96.53321504592896,96.90368175506592,,,,,97.07533121109009
1976,Cubs,107.80096054077148,110.1038932800293,110.58125495910645,103.66623401641846,102.34001874923706,96.13438248634338,122.63988256454468,100.29176473617554,102.49695777893066,,,,,106.15096092224121
1976,Dodgers,95.6835389137268,96.06525897979736,97.73790836334229,100.22997856140137,91.01537466049194,73.6956536769867,101.29420757293701,100.58169364929199,98.38045239448547,,,,,99.5681881904602
1976,Expos,103.97231578826904,104.96739149093628,102.26397514343262,103.79027128219604,99.14117455482483,107.81126022338867,103.42122316360474,100.20688772201538,101.68949365615845,,,,,101.1880874633789
1976,Giants,101.54435634613037,103.2791256904602,103.77472639083862,99.54397082328796,102.31196880340576,118.5283899307251,93.86745095252991,103.59622240066528,101.94402933120728,,,,,97.81691431999207
1976,Indians,98.52332472801208,99.00017976760864,99.24026727676392,99.63234663009644,95.4194962978363,90.7559335231781,105.5254340171814,99.89554286003113,100.27064085006714,,,,,102.04625129699707
1976,Mets,96.1006224155426,93.36556792259216,89.95478749275208,98.24817180633545,97.80762195587158,93.60151290893555,96.72377109527588,103.38598489761353,98.56234192848206,,,,,98.01362156867981
1976,Orioles,92.59719848632812,92.31756329536438,96.71183824539185,96.62295579910278,97.35458493232727,84.50375199317932,92.72261261940002,101.1473298072815,98.24162125587463,,,,,97.25605845451355
1976,Padres,93.96010637283325,92.93880462646484,90.67111611366272,100.00344514846802,95.99262475967407,95.02421617507935,89.22452330589294,98.38919639587402,96.47983908653259,,,,,96.94299101829529
1976,Phillies,102.42125988006592,101.94392204284668,105.4369330406189,98.46095442771912,104.33070659637451,105.19047975540161,106.32598400115967,101.02183818817139,103.53561639785767,,,,,102.17410326004028
1976,Pirates,99.81681704521179,99.05532598495483,97.85051345825195,99.26666617393494,102.2378921508789,104.52054738998413,96.95450067520142,97.36857414245605,100.76240301132202,,,,,99.93438124656677
1976,Rangers,99.4666337966919,101.80140733718872,102.212393283844,100.44053792953491,98.17202687263489,89.49483633041382,97.56959080696106,103.04005146026611,100.18119812011719,,,,,98.37464094161987
1976,Red Sox,108.64956378936768,111.73278093338013,110.50955057144165,101.32627487182617,113.80138397216797,103.87042760848999,109.8112940788269,98.68258833885193,102.77273654937744,,,,,103.5611629486084
1976,Reds,100.80323219299316,101.52702331542969,102.26027965545654,97.3073661327362,105.62268495559692,106.47664070129395,101.44424438476562,99.94295239448547,99.28132891654968,,,,,100.01521110534668
1976,Royals,101.06942653656006,99.60440993309021,99.03917908668518,100.25593042373657,111.00969314575195,132.87988901138306,89.54225182533264,92.72900223731995,95.22171020507812,,,,,97.52277135848999
1976,Tigers,105.32149076461792,105.02547025680542,104.5008659362793,99.51313734054565,103.63080501556396,111.51162385940552,111.36742830276489,100.74416399002075,100.31697750091553,,,,,103.32921743392944
1976,Twins,100.65616369247437,102.60430574417114,99.05789494514465,100.56904554367065,96.57778739929199,104.608154296875,104.42814826965332,102.05854177474976,100.45422315597534,,,,,100.2981185913086
1976,White Sox,101.44356489181519,101.29289627075195,101.0615587234497,101.76951885223389,99.92619752883911,110.5140209197998,92.93894171714783,98.63110184669495,101.18968486785889,,,,,98.53903651237488
1976,Yankees,97.68342971801758,97.56601452827454,98.12167286872864,98.90227317810059,97.72646427154541,103.59241962432861,99.30763244628906,99.02005195617676,97.46434688568115,,,,,99.07694458961487
1977,Angels,95.38573622703552,95.75372338294983,94.34670805931091,101.1583924293518,94.86294388771057,84.0787410736084,92.22221970558167,101.97916030883789,97.73924350738525,,,,,96.70271277427673
1977,Astros,92.21423864364624,90.78226089477539,91.71494841575623,97.13512659072876,96.82668447494507,105.48583269119263,82.35984444618225,100.69952011108398,98.3802080154419,,,,,95.08996605873108
1977,Athletics,95.55484056472778,98.43522310256958,95.75687646865845,98.52743148803711,92.3267662525177,91.79180860519409,97.19178080558777,99.13846850395203,101.48630142211914,,,,,100.47687292098999
1977,Blue Jays,103.62969636917114,103.80696058273315,104.32038307189941,100.07988214492798,108.41531753540039,111.69999837875366,102.60462760925293,98.52205514907837,101.64142847061157,,,,,101.86909437179565
1977,Braves,108.59572887420654,113.8941764831543,115.64202308654785,103.65509986877441,101.26835107803345,85.92914938926697,128.50639820098877,97.72347211837769,101.91619396209717,,,,,108.06180238723755
1977,Brewers,100.18306970596313,100.05873441696167,95.92636227607727,102.92491912841797,97.15086221694946,98.17097187042236,95.5674409866333,99.27064180374146,100.21867752075195,,,,,98.7041711807251
1977,Cardinals,100.50406455993652,98.30535650253296,95.4292356967926,101.83042287826538,100.93445777893066,114.31412696838379,89.69085216522217,96.817946434021,98.134845495224,,,,,97.47211933135986
1977,Cubs,109.71798896789551,112.00964450836182,114.09144401550293,103.74616384506226,105.75368404388428,97.98835515975952,121.2720513343811,99.50989484786987,103.39325666427612,,,,,106.53045177459717
1977,Dodgers,97.57561087608337,97.7331280708313,97.80558347702026,101.54752731323242,90.65247774124146,71.60847783088684,104.8058271408081,99.87093806266785,98.30389022827148,,,,,100.76494216918945
1977,Expos,98.46366047859192,98.27672839164734,98.77073168754578,98.47738742828369,102.20260620117188,112.17503547668457,91.29360914230347,102.62281894683838,102.22358703613281,,,,,97.52206802368164
1977,Giants,98.73148798942566,99.48161840438843,104.40881252288818,99.0140438079834,99.00609850883484,115.472412109375,90.62656760215759,104.45868968963623,101.24536752700806,,,,,96.40405178070068
1977,Indians,99.52836632728577,96.89109325408936,97.95352220535278,100.38621425628662,96.22603058815002,91.44449234008789,104.12213802337646,99.40394163131714,99.95266795158386,,,,,101.72700881958008
1977,Mariners,101.55965089797974,101.04268789291382,97.84625768661499,96.6583251953125,99.90941882133484,90.98814129829407,120.63688039779663,103.81569862365723,104.55708503723145,,,,,106.27182722091675
1977,Mets,95.49278616905212,94.9495792388916,95.68474292755127,98.28662276268005,96.6166079044342,91.98728799819946,96.08840942382812,103.3302903175354,98.25237393379211,,,,,97.85698652267456
1977,Orioles,93.12760829925537,92.70462989807129,91.83645248413086,96.86038494110107,98.11874628067017,83.63636136054993,91.98863506317139,100.47101974487305,96.90730571746826,,,,,96.49204015731812
1977,Padres,94.07368302345276,90.55330753326416,89.56109285354614,99.8134195804596,95.85431218147278,99.29422736167908,87.98117637634277,98.34569692611694,96.82968258857727,,,,,96.91376686096191
1977,Phillies,101.21580362319946,102.74865627288818,99.33843612670898,97.52795100212097,103.324294090271,104.67456579208374,104.58755493164062,101.6615629196167,103.11892032623291,,,,,101.41692161560059
1977,Pirates,101.1536717414856,101.36380195617676,101.52796506881714,99.67533349990845,100.95463991165161,99.21347498893738,102.58393287658691,97.90177941322327,100.63475370407104,,,,,100.97454786300659
1977,Rangers,99.98790621757507,100.31243562698364,103.36160659790039,101.13805532455444,96.91957831382751,88.69985342025757,98.45823049545288,103.57904434204102,98.76195192337036,,,,,98.20024967193604
1977,Red Sox,108.69961977005005,111.22617721557617,116.5217638015747,101.38063430786133,113.33003044128418,103.24000120162964,110.62277555465698,99.00121092796326,102.8286337852478,,,,,103.54533195495605
1977,Reds,100.7819652557373,101.68862342834473,99.94000196456909,97.49273657798767,106.37059211730957,101.4629602432251,101.81483030319214,99.28117394447327,99.32630062103271,,,,,100.38068294525146
1977,Royals,101.17470026016235,99.73369836807251,98.93882870674133,100.14680624008179,110.27188301086426,128.69811058044434,90.72503447532654,92.43193864822388,96.8143105506897,,,,,98.07040095329285
1977,Tigers,103.08151245117188,105.56423664093018,104.97195720672607,98.75302910804749,100.19357204437256,110.32501459121704,109.742271900177,100.87953805923462,100.70340633392334,,,,,102.96072959899902
1977,Twins,101.8969178199768,99.10982251167297,103.33188772201538,100.7447600364685,96.96961045265198,109.32193994522095,105.3583025932312,102.46230363845825,100.77401399612427,,,,,100.54686069488525
1977,White Sox,101.49147510528564,100.75509548187256,99.59901571273804,101.2737512588501,100.45382976531982,111.65177822113037,93.92438530921936,99.5056688785553,101.55351161956787,,,,,98.85948896408081
1977,Yankees,96.985524892807,97.39434719085693,97.07372188568115,98.88836741447449,97.69845008850098,103.64285707473755,99.29878115653992,99.00760650634766,97.43329882621765,,,,,99.0652084350586
1978,Angels,95.76959013938904,95.68615555763245,101.17590427398682,101.03287696838379,94.83700394630432,82.32216238975525,94.29832696914673,102.24272012710571,98.97862076759338,,,,,97.60794043540955
1978,Astros,92.30114221572876,91.69349074363708,94.58370804786682,97.6884126663208,95.59414982795715,108.41566324234009,80.0305426120758,100.49690008163452,99.38210248947144,,,,,94.8434829711914
1978,Athletics,95.97052335739136,95.24409770965576,101.15864276885986,98.35784435272217,91.9071912765503,89.09140825271606,95.20975947380066,99.54418540000916,101.82868242263794,,,,,99.7826635837555
1978,Blue Jays,103.62969636917114,103.80696058273315,101.83504819869995,100.07988214492798,108.41531753540039,111.69999837875366,102.60462760925293,98.52205514907837,101.64142847061157,,,,,101.86909437179565
1978,Braves,109.62538719177246,113.37906122207642,113.57836723327637,103.81239652633667,99.60188865661621,82.6052725315094,128.42611074447632,97.6888656616211,101.18558406829834,,,,,107.96006917953491
1978,Brewers,98.69826436042786,99.95672702789307,104.94143962860107,102.2515058517456,95.66315412521362,98.04126024246216,94.43956017494202,100.26075839996338,99.34744238853455,,,,,97.76409864425659
1978,Cardinals,100.62682628631592,98.49926829338074,95.45570015907288,101.50946378707886,103.53353023529053,115.11262655258179,88.80712389945984,96.68641686439514,98.45229387283325,,,,,97.18583822250366
1978,Cubs,110.10254621505737,112.62516975402832,111.29505634307861,103.4315824508667,106.91660642623901,97.82416820526123,120.52229642868042,98.9309549331665,102.126145362854,,,,,105.6720495223999
1978,Dodgers,98.06202054023743,98.6116111278534,97.65369892120361,101.28363370895386,90.94542264938354,71.28342986106873,105.77688217163086,99.27447438240051,98.10002446174622,,,,,101.02715492248535
1978,Expos,98.46366047859192,98.27672839164734,95.43094635009766,98.47738742828369,102.20260620117188,112.17503547668457,91.29360914230347,102.62281894683838,102.22358703613281,,,,,97.52206802368164
1978,Giants,97.64614701271057,96.07992172241211,90.49451351165771,99.28044080734253,96.75979018211365,109.63218212127686,89.82313871383667,103.97354364395142,100.42932033538818,,,,,96.21986746788025
1978,Indians,100.1823902130127,99.44239258766174,93.7005877494812,101.43104791641235,96.33965492248535,90.98679423332214,102.83358097076416,99.03007745742798,99.59062933921814,,,,,101.00005865097046
1978,Mariners,101.55965089797974,101.04268789291382,104.40089702606201,96.6583251953125,99.90941882133484,90.98814129829407,120.63688039779663,103.81569862365723,104.55708503723145,,,,,106.27182722091675
1978,Mets,95.9601104259491,96.83833718299866,99.22868609428406,99.61515665054321,96.82059288024902,89.02021646499634,98.15664291381836,103.67282629013062,99.20298457145691,,,,,98.94675612449646
1978,Orioles,95.05722522735596,92.30164289474487,90.08110165596008,97.4317729473114,98.90097975730896,81.9712221622467,95.94396948814392,99.88593459129333,96.49003744125366,,,,,97.62675762176514
1978,Padres,92.9905354976654,92.37973690032959,91.66342616081238,100.10771751403809,95.03965377807617,98.50384593009949,87.57577538490295,98.09302687644958,96.45918011665344,,,,,96.84794545173645
1978,Phillies,102.11751461029053,100.02951622009277,104.2731523513794,98.10593128204346,104.4634461402893,109.4555139541626,105.45206069946289,102.30506658554077,104.21183109283447,,,,,101.86651945114136
1978,Pirates,102.08483934402466,103.61510515213013,104.99228239059448,100.13573169708252,102.71204710006714,102.06328630447388,102.96406745910645,97.31877446174622,101.25647783279419,,,,,101.69850587844849
1978,Rangers,100.07914304733276,99.31245446205139,95.54054737091064,102.0430326461792,98.28433990478516,88.1118655204773,98.5405683517456,103.91361713409424,97.26738333702087,,,,,97.94638752937317
1978,Red Sox,107.4816107749939,109.7305417060852,106.51261806488037,101.13476514816284,114.29719924926758,104.64755296707153,109.21306610107422,99.42044615745544,101.59730911254883,,,,,102.94958353042603
1978,Reds,100.62388181686401,99.86732006072998,103.00955772399902,95.7823097705841,106.1855673789978,100.10207891464233,104.28699254989624,99.39888119697571,99.36285614967346,,,,,100.88419914245605
1978,Royals,100.54929256439209,102.116858959198,101.29659175872803,99.88850951194763,109.43379402160645,127.91370153427124,90.61710834503174,92.52119660377502,98.23114275932312,,,,,98.55145812034607
1978,Tigers,103.14275026321411,102.38217115402222,107.16991424560547,98.89299869537354,98.28574061393738,105.942702293396,110.85755825042725,100.53097009658813,102.20366716384888,,,,,103.46413850784302
1978,Twins,102.32832431793213,101.96917057037354,94.4915235042572,101.06244087219238,98.25958609580994,111.27046346664429,101.37929916381836,102.11658477783203,101.70447826385498,,,,,100.08833408355713
1978,White Sox,100.32161474227905,101.2576699256897,101.76125764846802,99.74241256713867,99.74396824836731,114.98140096664429,91.8976366519928,99.47735667228699,101.62765979766846,,,,,98.2043445110321
1978,Yankees,97.22094535827637,96.21402025222778,97.05539345741272,98.88836741447449,97.69845008850098,103.64285707473755,99.29878115653992,99.00760650634766,97.43329882621765,,,,,99.0652084350586
1979,Angels,97.4218487739563,96.58185243606567,92.58837103843689,101.51902437210083,97.2952663898468,80.75274229049683,96.81921005249023,102.25628614425659,99.52004551887512,,,,,98.42026233673096
1979,Astros,92.75997281074524,93.2095468044281,88.76686096191406,98.31696152687073,94.89827752113342,111.28664016723633,79.24744486808777,101.0530948638916,98.6876368522644,,,,,94.27352547645569
1979,Athletics,95.29857039451599,94.45497989654541,90.16133546829224,99.03474450111389,91.16536378860474,88.5033369064331,95.23309469223022,99.57935810089111,100.96644163131714,,,,,99.59178566932678
1979,Blue Jays,103.62969636917114,102.54791975021362,105.21266460418701,100.07988214492798,108.41531753540039,111.69999837875366,102.60462760925293,98.52205514907837,101.64142847061157,,,,,101.86909437179565
1979,Braves,108.08991193771362,108.41176509857178,110.8066201210022,102.30265855789185,96.91733121871948,84.17243361473083,130.91875314712524,97.9529857635498,102.19762325286865,,,,,108.89430046081543
1979,Brewers,98.2491135597229,99.14205074310303,99.246346950531,102.14071273803711,95.91311812400818,98.67047667503357,93.7709391117096,100.51519870758057,98.43133687973022,,,,,97.16020822525024
1979,Cardinals,100.08395910263062,101.40581130981445,104.64868545532227,101.20128393173218,102.6260256767273,118.49641799926758,88.96740674972534,97.28680849075317,97.59253263473511,,,,,96.90273404121399
1979,Cubs,109.51132774353027,110.47168970108032,112.4983549118042,103.70641946792603,105.88797330856323,98.13243746757507,117.11302995681763,99.24446940422058,102.3888349533081,,,,,104.94726896286011
1979,Dodgers,97.83621430397034,97.88731932640076,100.25241374969482,101.00922584533691,90.94329476356506,73.80337119102478,106.84365034103394,99.29373264312744,97.07747101783752,,,,,101.0603666305542
1979,Expos,98.46366047859192,98.19389581680298,100.57333707809448,98.47738742828369,102.20260620117188,112.17503547668457,91.29360914230347,102.62281894683838,102.22358703613281,,,,,97.52206802368164
1979,Giants,97.37609624862671,93.16905736923218,93.62793564796448,99.73360300064087,97.1399188041687,102.5092601776123,88.3289635181427,103.00576686859131,99.92806911468506,,,,,95.9468126296997
1979,Indians,99.49244260787964,101.22637748718262,106.23219013214111,100.7171630859375,95.7288384437561,89.4521415233612,102.04612016677856,97.81525731086731,97.99686074256897,,,,,100.10167360305786
1979,Mariners,101.55965089797974,103.25164794921875,101.16477012634277,96.6583251953125,99.90941882133484,90.98814129829407,120.63688039779663,103.81569862365723,104.55708503723145,,,,,106.27182722091675
1979,Mets,97.72634506225586,97.23345041275024,95.59987783432007,99.97784495353699,99.30614829063416,88.25641870498657,101.15917921066284,103.98238897323608,99.4046688079834,,,,,99.67602491378784
1979,Orioles,95.18734812736511,94.79514360427856,95.06193399429321,97.14134931564331,98.55695366859436,79.55267429351807,96.99782729148865,100.83256959915161,97.64550924301147,,,,,98.12141060829163
1979,Padres,93.52104067802429,93.85474920272827,96.679025888443,100.62987804412842,96.83153629302979,97.61578440666199,86.13043427467346,97.75004982948303,96.2058961391449,,,,,96.23929262161255
1979,Phillies,102.87454128265381,102.53176689147949,97.1687376499176,98.36897850036621,104.56750392913818,111.98761463165283,105.65286874771118,102.12724208831787,103.94372940063477,,,,,102.08349227905273
1979,Pirates,102.26153135299683,104.15652990341187,104.48652505874634,100.70135593414307,101.65903568267822,98.97472858428955,104.12564277648926,97.04110622406006,101.50361061096191,,,,,101.89337730407715
1979,Rangers,98.42873811721802,98.43452572822571,99.10959005355835,102.26774215698242,98.12042117118835,88.48180174827576,95.39732933044434,104.11607027053833,96.44361734390259,,,,,96.79433703422546
1979,Red Sox,106.88028335571289,105.0413966178894,106.46703243255615,100.75352191925049,114.45132493972778,98.83697628974915,109.69818830490112,99.91784691810608,102.69842147827148,,,,,103.18734645843506
1979,Reds,100.32343864440918,100.41141510009766,96.73500061035156,95.66742181777954,105.90020418167114,99.88702535629272,105.16024827957153,99.11804795265198,99.84273314476013,,,,,101.23653411865234
1979,Royals,100.7624626159668,101.63769721984863,105.81037998199463,100.23698806762695,109.50084924697876,134.19431447982788,88.69238495826721,93.370521068573,97.9958176612854,,,,,97.62142896652222
1979,Tigers,102.99645662307739,102.68718004226685,96.16000652313232,98.90574812889099,97.25680947303772,103.71434688568115,111.21786832809448,99.40611124038696,101.54343843460083,,,,,103.67486476898193
1979,Twins,103.24556827545166,103.57882976531982,108.11076164245605,101.64659023284912,98.30118417739868,117.74260997772217,101.39878988265991,101.65226459503174,101.48084163665771,,,,,100.27056932449341
1979,White Sox,100.12099742889404,100.3993034362793,102.60351896286011,99.71299767494202,97.99255132675171,113.88881206512451,93.06941032409668,98.84098172187805,101.10385417938232,,,,,98.55241179466248
1979,Yankees,97.24528789520264,96.50269150733948,94.51261758804321,99.19019341468811,97.51648902893066,105.77930212020874,97.33582139015198,99.18971657752991,98.39394092559814,,,,,98.86545538902283
1980,Angels,98.34480285644531,96.80218696594238,97.1175491809845,101.83145999908447,98.33827614784241,80.46572804450989,98.50150346755981,101.26943588256836,99.27921891212463,,,,,99.20113682746887
1980,Astros,93.98024082183838,90.96978306770325,96.34995460510254,98.10295104980469,95.96033096313477,115.21998643875122,80.03460168838501,100.97721815109253,101.11801624298096,,,,,95.57462930679321
1980,Athletics,95.47997713088989,92.3977255821228,93.4316873550415,99.46838617324829,90.86046814918518,87.96018362045288,94.950932264328,100.8318543434143,100.08554458618164,,,,,98.81476163864136
1980,Blue Jays,104.3643593788147,104.77317571640015,100.53863525390625,100.3974437713623,110.65232753753662,117.54639148712158,101.35602951049805,97.81541228294373,103.00111770629883,,,,,102.17504501342773
1980,Braves,106.3547134399414,104.57954406738281,101.14967823028564,101.41938924789429,96.65713310241699,84.25968289375305,129.95550632476807,98.16989302635193,100.07305145263672,,,,,108.19500684738159
1980,Brewers,97.7148711681366,96.5047836303711,93.93165111541748,100.53443908691406,96.97933197021484,98.73820543289185,93.80265474319458,99.99837279319763,96.18345499038696,,,,,96.50824069976807
1980,Cardinals,101.49426460266113,103.63308191299438,103.79852056503296,100.77660083770752,104.79210615158081,121.73017263412476,91.32009744644165,97.02159762382507,98.47157597541809,,,,,97.89852499961853
1980,Cubs,107.5460433959961,108.98538827896118,107.59426355361938,102.72390842437744,107.20213651657104,99.2692768573761,110.99016666412354,99.0340530872345,101.42238140106201,,,,,103.55614423751831
1980,Dodgers,97.02925086021423,97.49718308448792,95.53430080413818,102.31214761734009,89.62697982788086,75.2430260181427,103.68766784667969,98.87587428092957,96.02916836738586,,,,,100.02593994140625
1980,Expos,99.52219724655151,99.15384650230408,98.58598709106445,98.54013919830322,103.28537225723267,110.25780439376831,92.09173321723938,101.36891603469849,104.83362674713135,,,,,98.67427349090576
1980,Giants,95.3107476234436,96.79349660873413,95.4511821269989,99.2339551448822,94.97911930084229,92.81062483787537,87.50375509262085,104.2574405670166,99.6636152267456,,,,,95.19384503364563
1980,Indians,99.97453689575195,101.9810438156128,103.23715209960938,100.8063793182373,96.58499956130981,90.8954918384552,101.42794847488403,97.48146533966064,98.0216920375824,,,,,99.97472167015076
1980,Mariners,103.7060022354126,102.30308771133423,104.37895059585571,97.56446480751038,100.79793930053711,91.46401286125183,124.30866956710815,103.90740633010864,106.29265308380127,,,,,107.07533359527588
1980,Mets,98.50208759307861,97.47146964073181,96.93254232406616,100.98733901977539,98.16235899925232,87.34643459320068,100.88361501693726,104.11922931671143,99.42782521247864,,,,,99.27159547805786
1980,Orioles,96.62138819694519,97.50813841819763,99.17100071907043,97.45493531227112,97.4016010761261,79.22701239585876,98.37729930877686,100.88109970092773,97.17284440994263,,,,,98.25076460838318
1980,Padres,94.14669275283813,94.76091861724854,93.13701391220093,100.39205551147461,96.9769299030304,96.38686180114746,87.64674663543701,98.41392636299133,96.357262134552,,,,,96.5038001537323
1980,Phillies,101.7398476600647,104.49491739273071,106.91330432891846,97.69757390022278,102.5014877319336,110.41747331619263,106.4110517501831,102.0574688911438,104.41731214523315,,,,,102.38059759140015
1980,Pirates,104.023277759552,102.00828313827515,103.01487445831299,100.88533163070679,101.97724103927612,104.27179336547852,107.13386535644531,97.59603142738342,100.01739263534546,,,,,102.14909315109253
1980,Rangers,96.56366109848022,97.41464853286743,100.6041407585144,101.78658962249756,97.21438884735107,82.93692469596863,92.93406009674072,102.52500772476196,96.24171853065491,,,,,96.68841361999512
1980,Red Sox,105.63318729400635,104.95527982711792,102.30021476745605,100.56591033935547,114.64356184005737,103.85974645614624,105.97314834594727,99.86533522605896,102.49338150024414,,,,,101.90126895904541
1980,Reds,100.7742166519165,99.55053329467773,101.6593337059021,96.94918394088745,106.73059225082397,101.29450559616089,104.6973466873169,98.40967655181885,99.4242012500763,,,,,101.03322267532349
1980,Royals,100.93725919723511,101.4625072479248,97.64295816421509,100.0231385231018,108.7586522102356,126.47843360900879,88.9995276927948,93.85039210319519,98.46271872520447,,,,,97.68067598342896
1980,Tigers,102.01119184494019,101.46067142486572,105.61912059783936,98.78286719322205,95.60512900352478,100.53019523620605,113.54706287384033,100.35673379898071,102.85423994064331,,,,,104.64699268341064
1980,Twins,103.24556827545166,107.54237174987793,108.67669582366943,101.64659023284912,98.30118417739868,117.74260997772217,101.39878988265991,101.65226459503174,101.48084163665771,,,,,100.27056932449341
1980,White Sox,99.5719313621521,99.70139861106873,96.7654824256897,100.24833679199219,97.42264151573181,113.58627080917358,92.25659370422363,98.26607704162598,101.10828876495361,,,,,98.70204329490662
1980,Yankees,97.10676670074463,96.82837724685669,97.91075587272644,99.58465099334717,96.29883766174316,111.2623929977417,97.92301654815674,100.45722723007202,97.32279777526855,,,,,98.58971834182739
1981,Angels,97.53642678260803,99.6211588382721,104.35328483581543,100.89290142059326,97.55638837814331,76.76165699958801,100.2550721168518,98.98684620857239,99.57128167152405,,,,,100.58274269104004
1981,Astros,92.97289252281189,94.57769393920898,85.63833236694336,98.13968539237976,96.79555892944336,117.06006526947021,77.49393582344055,100.67120790481567,101.7202615737915,,,,,95.03151178359985
1981,Athletics,94.76736783981323,94.96026039123535,94.79936957359314,99.92309212684631,89.74791169166565,87.05961108207703,93.34443807601929,99.84833002090454,99.6857225894928,,,,,98.3649492263794
1981,Blue Jays,105.61809539794922,105.90329170227051,112.0730996131897,99.7861385345459,110.96489429473877,123.33706617355347,105.42806386947632,99.10908341407776,102.63619422912598,,,,,102.65817642211914
1981,Braves,104.80486154556274,103.3565878868103,99.55397844314575,101.95508003234863,96.752268075943,85.74675917625427,120.87181806564331,97.6611852645874,98.7862765789032,,,,,106.04068040847778
1981,Brewers,95.25456428527832,94.38081383705139,95.81875801086426,99.25172328948975,94.88367438316345,100.77896118164062,92.32217669487,100.39204359054565,96.3712990283966,,,,,96.12540602684021
1981,Cardinals,102.03810930252075,102.79079675674438,101.8369197845459,100.38013458251953,104.13771867752075,127.9837965965271,95.20748853683472,96.45720720291138,98.75472784042358,,,,,99.0825891494751
1981,Cubs,105.6628942489624,105.79971075057983,106.04395866394043,100.8296251296997,105.70297241210938,98.35155010223389,109.18891429901123,99.39534664154053,101.8196702003479,,,,,103.19957733154297
1981,Dodgers,97.25673794746399,94.90193724632263,95.9854006767273,102.87127494812012,88.21156024932861,75.94256401062012,102.91836261749268,99.1559088230133,94.70430016517639,,,,,99.23657774925232
1981,Expos,100.6263017654419,100.55501461029053,98.06228280067444,98.70895147323608,106.37950897216797,104.23266887664795,93.07207465171814,101.26563310623169,106.33906126022339,,,,,99.20598268508911
1981,Giants,97.38622903823853,96.89889550209045,104.64348793029785,100.71414709091187,94.8128879070282,88.72750997543335,91.8419599533081,102.71244049072266,100.32426118850708,,,,,97.05049395561218
1981,Indians,102.2811770439148,99.80326294898987,93.66058111190796,101.30267143249512,99.26289319992065,87.02468276023865,106.61356449127197,96.44164443016052,98.79778027534485,,,,,101.60726308822632
1981,Mariners,102.92329788208008,105.2844762802124,101.24835968017578,97.55628108978271,101.62699222564697,91.84074401855469,122.72728681564331,103.62101793289185,104.78159189224243,,,,,106.5717101097107
1981,Mets,98.4688401222229,99.07161593437195,101.60099267959595,101.39400959014893,95.8879292011261,85.21763682365417,103.036630153656,103.88303995132446,98.2488214969635,,,,,99.53770041465759
1981,Orioles,98.3267605304718,98.96052479743958,98.80629777908325,97.54480719566345,95.5023467540741,82.61287212371826,99.74295496940613,100.9813904762268,98.2457160949707,,,,,98.85115623474121
1981,Padres,95.50321102142334,92.98356175422668,94.28921937942505,100.2399206161499,95.35884261131287,97.77659177780151,94.14839744567871,99.37127232551575,97.4879801273346,,,,,98.16606640815735
1981,Phillies,101.00212097167969,103.06423902511597,113.04702758789062,97.21938967704773,103.83323431015015,113.64330053329468,103.03843021392822,102.75219678878784,103.62056493759155,,,,,101.09933614730835
1981,Pirates,103.55632305145264,104.28434610366821,96.59034609794617,100.99015235900879,102.31654644012451,100.21990537643433,107.00383186340332,98.60284328460693,98.46349358558655,,,,,101.4665961265564
1981,Rangers,97.35923409461975,95.32089829444885,90.27618169784546,102.58129835128784,99.23977851867676,88.05991411209106,91.12135767936707,102.44122743606567,97.05681204795837,,,,,96.69415950775146
1981,Red Sox,104.68995571136475,106.09636306762695,106.75277709960938,101.09094381332397,115.52385091781616,101.66666507720947,103.42541933059692,101.57990455627441,101.82287693023682,,,,,100.58760643005371
1981,Reds,100.8461594581604,101.7343282699585,100.81723928451538,96.62889838218689,108.41577053070068,103.24134826660156,102.74031162261963,98.14782738685608,100.98403692245483,,,,,101.1312484741211
1981,Royals,101.04470252990723,98.94158840179443,98.62484335899353,100.71121454238892,106.25941753387451,124.2112398147583,90.46640396118164,94.36438083648682,99.63452219963074,,,,,98.42703342437744
1981,Tigers,99.66976642608643,103.09977531433105,104.10470962524414,97.75300025939941,93.32858920097351,99.54822659492493,110.98816394805908,101.21104717254639,101.55390501022339,,,,,103.4103512763977
1981,Twins,103.24556827545166,107.54237174987793,105.97836971282959,101.64659023284912,98.30118417739868,117.74260997772217,101.39878988265991,101.65226459503174,101.48084163665771,,,,,100.27056932449341
1981,White Sox,99.5961606502533,97.55030274391174,99.46731328964233,99.31237697601318,97.47320413589478,114.00307416915894,93.66182088851929,99.55971240997314,101.63499116897583,,,,,98.62684607505798
1981,Yankees,97.32058644294739,97.5655198097229,98.28435778617859,99.95056390762329,97.2832202911377,108.76384973526001,95.24909257888794,99.57830905914307,96.6842770576477,,,,,97.63961434364319
1982,Angels,99.31678771972656,99.38749074935913,99.25430417060852,100.64554214477539,97.30414748191833,77.88807153701782,105.23519515991211,97.91167378425598,98.9901602268219,,,,,102.10274457931519
1982,Astros,93.64652037620544,91.95783734321594,98.40447306632996,98.90968203544617,97.43216037750244,122.62512445449829,76.33599638938904,100.54925680160522,101.40225887298584,,,,,94.42656636238098
1982,Athletics,95.20655274391174,96.0220992565155,96.54698371887207,100.37490129470825,90.2953565120697,83.65461230278015,94.57445740699768,99.33017492294312,100.44656991958618,,,,,98.96650910377502
1982,Blue Jays,104.7260046005249,108.99274349212646,108.28025341033936,98.46621751785278,111.40848398208618,129.08360958099365,105.67034482955933,100.56655406951904,101.95777416229248,,,,,101.95691585540771
1982,Braves,104.42757606506348,104.83622550964355,107.40032196044922,101.15882158279419,98.37201833724976,86.00159883499146,117.93804168701172,96.80078029632568,98.45234155654907,,,,,105.24269342422485
1982,Brewers,93.92799735069275,93.38744878768921,93.59847903251648,98.37976694107056,93.744957447052,97.7475643157959,91.17764234542847,100.54337978363037,96.14315032958984,,,,,95.74386477470398
1982,Cardinals,100.84139108657837,100.7500171661377,102.31456756591797,99.08915758132935,104.67827320098877,126.95108652114868,92.71536469459534,96.281498670578,97.41927981376648,,,,,98.20518493652344
1982,Cubs,105.1306962966919,103.60057353973389,104.19113636016846,100.14618635177612,102.7178168296814,99.21522736549377,113.23368549346924,100.15045404434204,102.10918188095093,,,,,103.90373468399048
1982,Dodgers,97.56075739860535,96.1119532585144,93.69950294494629,103.61262559890747,89.88525867462158,77.82838344573975,100.08023977279663,99.18735027313232,94.0628170967102,,,,,98.42177629470825
1982,Expos,98.69444966316223,101.57818794250488,104.43021059036255,98.47933650016785,103.36059331893921,99.37324523925781,93.77988576889038,100.95375776290894,108.04378986358643,,,,,100.31126737594604
1982,Giants,98.45017194747925,99.1424560546875,93.7687873840332,101.20577812194824,95.70187330245972,87.82386779785156,94.27891373634338,102.14366912841797,100.1589298248291,,,,,97.78631329536438
1982,Indians,102.32715606689453,100.85357427597046,100.45614242553711,102.77597904205322,98.92753958702087,87.4898374080658,104.24238443374634,96.35106921195984,99.96488690376282,,,,,101.37778520584106
1982,Mariners,103.33422422409058,103.74934673309326,109.24240350723267,98.52166175842285,102.49432325363159,90.32590389251709,120.02146244049072,102.65287160873413,103.08563709259033,,,,,105.43426275253296
1982,Mets,99.31901693344116,99.92250204086304,99.72541332244873,101.64529085159302,97.65594005584717,84.56181287765503,104.28149700164795,103.69294881820679,98.87857437133789,,,,,99.90818500518799
1982,Orioles,98.04002642631531,98.86380434036255,98.99486899375916,97.89518713951111,94.49080228805542,82.82740712165833,101.91199779510498,102.08945274353027,99.95139837265015,,,,,99.95066523551941
1982,Padres,95.72701454162598,95.0640082359314,92.02713966369629,99.7218132019043,95.1237142086029,93.2300865650177,98.12176823616028,99.60410594940186,97.51996994018555,,,,,98.62555265426636
1982,Phillies,102.04575061798096,100.62682628631592,93.33571195602417,97.67903685569763,104.37945127487183,112.69007921218872,103.4564733505249,103.29203605651855,102.29371786117554,,,,,100.32105445861816
1982,Pirates,101.42484903335571,104.09600734710693,110.6177568435669,100.51741600036621,101.76386833190918,103.40408086776733,103.36549282073975,98.4820306301117,97.6173460483551,,,,,100.78439712524414
1982,Rangers,97.58679270744324,94.89669799804688,93.42118501663208,102.30193138122559,101.55609846115112,87.07532286643982,90.71223139762878,102.06862688064575,98.19684624671936,,,,,96.94014191627502
1982,Red Sox,105.48667907714844,105.85776567459106,109.80871915817261,101.66466236114502,116.14917516708374,105.21286725997925,103.24445962905884,102.02841758728027,101.3711929321289,,,,,100.52720308303833
1982,Reds,102.93240547180176,102.42171287536621,102.48727798461914,97.96277284622192,107.55847692489624,104.47566509246826,103.92314195632935,98.68718385696411,103.32454442977905,,,,,102.3410439491272
1982,Royals,99.55449104309082,100.55508613586426,99.81472492218018,99.6656060218811,104.50034141540527,120.75773477554321,88.76023292541504,94.14281249046326,99.1490125656128,,,,,97.73639440536499
1982,Tigers,99.39006567001343,98.67656230926514,99.86882209777832,97.96063899993896,92.78439283370972,100.02071857452393,108.86287689208984,101.10806226730347,100.75523853302002,,,,,102.4622917175293
1982,Twins,104.81144189834595,104.41603660583496,101.79063081741333,100.73091983795166,110.6892466545105,118.35967302322388,103.38253974914551,103.77484560012817,99.54912066459656,,,,,100.27118921279907
1982,White Sox,101.00412368774414,99.43310022354126,97.12643623352051,98.91355037689209,98.42104315757751,113.69259357452393,96.54690623283386,99.16662573814392,101.7768383026123,,,,,99.72667694091797
1982,Yankees,97.07469344139099,97.62992262840271,96.40883803367615,101.03607177734375,94.1443383693695,111.51982545852661,93.74611377716064,99.5229184627533,96.7938244342804,,,,,97.33603000640869
1983,Angels,99.9178409576416,98.90819787979126,96.58493995666504,99.92961287498474,96.63997292518616,77.75959968566895,106.27219676971436,97.09440469741821,99.06834959983826,,,,,102.51710414886475
1983,Astros,93.7805712223053,93.1574821472168,89.64799642562866,99.0385353565216,98.39309453964233,116.38188362121582,78.19602489471436,100.56536197662354,100.92734098434448,,,,,94.3708062171936
1983,Athletics,95.14903426170349,95.07368206977844,96.38554453849792,100.47439336776733,91.55583381652832,83.99924635887146,94.92068886756897,99.06381964683533,100.7546067237854,,,,,99.4519293308258
1983,Blue Jays,104.38045263290405,105.65171241760254,108.06841850280762,97.60627150535583,110.77108383178711,128.36713790893555,105.59314489364624,101.46948099136353,101.80857181549072,,,,,101.53888463973999
1983,Braves,105.86351156234741,107.18884468078613,105.05508184432983,102.63117551803589,102.1686315536499,91.34125709533691,115.98913669586182,97.03030586242676,99.33902025222778,,,,,105.07431030273438
1983,Brewers,95.98108530044556,92.41686463356018,91.29775166511536,98.56657385826111,97.18093276023865,102.76646614074707,92.41849184036255,100.31775236129761,96.60524725914001,,,,,96.28359079360962
1983,Cardinals,98.85618686676025,99.72431063652039,98.631352186203,98.56815338134766,102.74696350097656,124.5191216468811,91.80874228477478,96.04118466377258,96.36176228523254,,,,,97.63975143432617
1983,Cubs,106.84573650360107,105.17222881317139,101.9713282585144,100.37609338760376,101.51587724685669,104.88125085830688,119.98226642608643,101.2212872505188,103.75231504440308,,,,,106.1700701713562
1983,Dodgers,96.7422366142273,98.19633960723877,98.86767864227295,103.71967554092407,90.06790518760681,79.31260466575623,95.7894504070282,99.73094463348389,94.68299746513367,,,,,97.4522352218628
1983,Expos,97.64403700828552,98.67035150527954,101.19882822036743,97.2858190536499,103.43422889709473,96.72185182571411,93.16316843032837,99.61390495300293,108.05963277816772,,,,,100.35213232040405
1983,Giants,98.169606924057,97.85546064376831,101.34080648422241,100.16946792602539,95.90210914611816,85.40250062942505,98.33780527114868,102.05385684967041,100.02866983413696,,,,,99.03478026390076
1983,Indians,100.77100992202759,104.3913722038269,106.12772703170776,102.56215333938599,98.88257384300232,87.45108842849731,100.09077787399292,96.3121235370636,98.45795631408691,,,,,100.12156963348389
1983,Mariners,101.43060684204102,104.04772758483887,100.14326572418213,99.42545294761658,100.58283805847168,91.04333519935608,112.3303771018982,101.70296430587769,102.37902402877808,,,,,103.90983819961548
1983,Mets,99.01416301727295,99.55434203147888,99.09491539001465,100.79001188278198,96.6982364654541,85.01899242401123,100.71072578430176,103.43313217163086,97.04648852348328,,,,,97.95067310333252
1983,Orioles,98.04255366325378,97.22325205802917,98.92289638519287,98.22492599487305,95.05624175071716,78.49224805831909,100.71053504943848,102.4173378944397,101.61476135253906,,,,,100.0069260597229
1983,Padres,97.19939827919006,96.13263010978699,98.88752698898315,99.01052713394165,93.63954067230225,94.34198141098022,105.34164905548096,100.92437267303467,98.0355978012085,,,,,100.02952814102173
1983,Phillies,101.23878717422485,98.54407906532288,100.19556283950806,97.52694368362427,103.6658763885498,109.68844890594482,102.4522066116333,101.73437595367432,101.85850858688354,,,,,100.45585632324219
1983,Pirates,101.60287618637085,102.22498178482056,102.51076221466064,100.31701326370239,102.00613737106323,102.6587963104248,102.81273126602173,99.3065595626831,98.3141303062439,,,,,100.34161806106567
1983,Rangers,99.15844202041626,97.82177805900574,99.97444152832031,102.1582841873169,101.02450847625732,88.34841251373291,95.2255368232727,101.90306901931763,98.10264706611633,,,,,98.08564782142639
1983,Red Sox,105.43551445007324,107.2695255279541,101.6987681388855,102.66026258468628,114.60350751876831,108.20891857147217,101.50032043457031,102.14018821716309,99.97340440750122,,,,,99.34862852096558
1983,Reds,103.58031988143921,104.4101357460022,103.47607135772705,100.86623430252075,109.93657112121582,107.48380422592163,98.82311224937439,98.16216230392456,103.22811603546143,,,,,101.39611959457397
1983,Royals,100.08389949798584,100.13169050216675,101.80870294570923,100.14805793762207,103.83394956588745,122.71167039871216,89.32070136070251,94.71234679222107,99.1741418838501,,,,,97.93497323989868
1983,Tigers,99.2596983909607,96.37433290481567,94.820237159729,98.12721610069275,91.54642820358276,98.63818883895874,109.20382738113403,99.88371133804321,100.52937269210815,,,,,103.12979221343994
1983,Twins,104.81144189834595,104.41603660583496,106.49292469024658,100.73091983795166,110.6892466545105,118.35967302322388,103.38253974914551,103.77484560012817,99.54912066459656,,,,,100.27118921279907
1983,White Sox,101.51444673538208,102.81670093536377,101.6910195350647,99.26187992095947,97.78408408164978,115.41492938995361,100.12744665145874,99.96715784072876,103.2729983329773,,,,,100.90982913970947
1983,Yankees,96.39410376548767,95.9384024143219,98.08040261268616,100.18936395645142,94.20635104179382,106.5548300743103,94.05072927474976,100.06178617477417,98.14449548721313,,,,,97.60860204696655
1984,Angels,98.58617782592773,99.2041826248169,101.14519596099854,98.64365458488464,94.59674954414368,79.07674908638,106.9442629814148,97.69061207771301,98.91299605369568,,,,,102.31627225875854
1984,Astros,95.71242928504944,92.79114007949829,92.20999479293823,100.26969909667969,98.03704619407654,115.22505283355713,80.71024417877197,99.82367157936096,100.12151002883911,,,,,94.69374418258667
1984,Athletics,95.0429916381836,94.03395056724548,92.45364665985107,100.29258728027344,90.93913435935974,82.87610411643982,93.41793060302734,99.031001329422,103.18772792816162,,,,,99.2986261844635
1984,Blue Jays,103.68955135345459,102.64019966125488,100.96343755722046,97.544264793396,109.48489904403687,122.40173816680908,104.28224802017212,101.79425477981567,101.08973979949951,,,,,100.67726373672485
1984,Braves,105.90505599975586,107.54481554031372,109.35084819793701,102.80673503875732,103.24382781982422,90.51428437232971,114.07982110977173,96.73730134963989,99.00069236755371,,,,,104.76016998291016
1984,Brewers,97.0015823841095,96.10086679458618,92.25731492042542,98.32810759544373,97.9648232460022,104.28323745727539,94.31931972503662,98.96961450576782,97.45346307754517,,,,,97.56805896759033
1984,Cardinals,99.03327822685242,96.95124626159668,98.39812517166138,98.76927137374878,103.28185558319092,120.7845687866211,92.190420627594,95.40405869483948,97.4919319152832,,,,,98.2968270778656
1984,Cubs,107.25394487380981,109.24078226089478,109.59751605987549,101.347815990448,101.76846981048584,102.13021039962769,117.68203973770142,101.96030139923096,104.68884706497192,,,,,106.04331493377686
1984,Dodgers,96.4207410812378,97.45658040046692,102.86957025527954,104.10945415496826,88.88547420501709,78.89888882637024,93.3841347694397,99.05449748039246,94.64930295944214,,,,,96.9364583492279
1984,Expos,97.83402681350708,94.99291181564331,90.52570462226868,97.19405174255371,102.13017463684082,101.25316381454468,93.21354627609253,99.81378316879272,107.33872652053833,,,,,100.0311017036438
1984,Giants,96.8995451927185,98.04692268371582,98.6020565032959,98.92478585243225,96.41883969306946,84.84693765640259,98.86636137962341,101.39795541763306,99.66965913772583,,,,,99.0965187549591
1984,Indians,101.14046335220337,102.54731178283691,106.60191774368286,102.92317867279053,98.83151650428772,89.47044610977173,100.52740573883057,96.61726951599121,99.36226010322571,,,,,100.69879293441772
1984,Mariners,102.3959755897522,99.43346977233887,103.01532745361328,99.7512936592102,102.54647731781006,96.03859782218933,112.28638887405396,101.99979543685913,102.01927423477173,,,,,104.0778636932373
1984,Mets,97.69400358200073,98.08381795883179,99.86212253570557,99.28792715072632,95.64732313156128,85.55630445480347,99.94208812713623,102.34217643737793,97.36129641532898,,,,,97.8351891040802
1984,Orioles,98.22696447372437,97.31242060661316,93.64525079727173,99.11576509475708,94.46717500686646,78.44454646110535,102.1363377571106,101.80792808532715,101.19481086730957,,,,,100.56411027908325
1984,Padres,97.32658863067627,99.2525041103363,97.82178401947021,98.65337014198303,93.15726161003113,95.12898325920105,108.63786935806274,103.2637357711792,98.36543202400208,,,,,100.7201075553894
1984,Phillies,100.49619674682617,101.6558051109314,102.2557258605957,97.59615659713745,104.68186140060425,110.0496768951416,100.2707839012146,102.04499959945679,100.71446895599365,,,,,99.30081963539124
1984,Pirates,102.05895900726318,99.92124438285828,93.29978823661804,100.47515630722046,103.84355783462524,104.93110418319702,102.21664905548096,100.01251697540283,99.23614859580994,,,,,100.5910873413086
1984,Rangers,99.4737446308136,103.25589179992676,100.44300556182861,102.2000789642334,99.93149042129517,91.17410778999329,96.1777925491333,101.6903281211853,96.7693030834198,,,,,97.92724251747131
1984,Red Sox,103.97504568099976,104.73521947860718,110.6238842010498,102.72399187088013,113.36473226547241,106.83544874191284,98.37379455566406,102.20987796783447,98.95901679992676,,,,,98.08595776557922
1984,Reds,103.92725467681885,105.16587495803833,107.10227489471436,100.86122751235962,109.9734902381897,107.61538743972778,101.12372636795044,98.17793369293213,102.74580717086792,,,,,101.86251401901245
1984,Royals,100.0262975692749,100.3244161605835,98.7171471118927,100.4332184791565,104.92422580718994,119.33345794677734,89.60280418395996,94.72496509552002,99.9321699142456,,,,,98.33808541297913
1984,Tigers,97.97744750976562,98.07533025741577,94.71243619918823,97.99229502677917,91.31231307983398,95.44519186019897,105.21584749221802,99.86236095428467,99.70642328262329,,,,,101.70865058898926
1984,Twins,104.81144189834595,105.12963533401489,105.04658222198486,100.73091983795166,110.6892466545105,118.35967302322388,103.38253974914551,103.77484560012817,99.54912066459656,,,,,100.27118921279907
1984,White Sox,101.547110080719,103.77751588821411,110.90676784515381,99.23054575920105,98.6312985420227,120.72187662124634,98.44815135002136,99.91071820259094,103.34227085113525,,,,,100.31676292419434
1984,Yankees,97.29087352752686,95.32600045204163,93.38653683662415,100.09925365447998,94.82181072235107,103.54554653167725,96.45785689353943,99.83081817626953,98.50550293922424,,,,,98.3471691608429
1985,Angels,98.63848090171814,98.79680275917053,100.15770196914673,98.51557612419128,92.87561178207397,80.51043152809143,106.49474859237671,98.35472702980042,100.08351802825928,,,,,102.49613523483276
1985,Astros,94.64383721351624,96.24994993209839,96.50571942329407,101.27154588699341,97.02395796775818,103.4665584564209,81.069016456604,100.59082508087158,98.7519383430481,,,,,93.8377857208252
1985,Athletics,94.03417110443115,93.23571920394897,93.43712329864502,99.25287365913391,91.41443967819214,83.0434799194336,92.21409559249878,99.3506371974945,102.97060012817383,,,,,98.53254556655884
1985,Blue Jays,102.12669372558594,101.55792236328125,98.73036742210388,96.73929214477539,107.4244737625122,118.95945072174072,103.08953523635864,101.26972198486328,99.93281364440918,,,,,100.12989044189453
1985,Braves,106.42987489700317,106.79736137390137,108.45293998718262,103.99295091629028,103.7054181098938,95.76017260551453,108.44709873199463,96.77208065986633,100.91400146484375,,,,,103.78719568252563
1985,Brewers,98.7346351146698,99.8877763748169,105.57823181152344,100.05667209625244,98.9300012588501,104.74525690078735,96.00802659988403,100.36507844924927,97.33141660690308,,,,,97.67274260520935
1985,Cardinals,98.20923209190369,97.934889793396,93.89545321464539,98.60113859176636,103.04454565048218,114.57182168960571,92.06738471984863,96.20903134346008,96.03654146194458,,,,,97.48719930648804
1985,Cubs,106.67895078659058,111.57397031784058,117.1477198600769,101.33916139602661,99.59901571273804,103.79002094268799,118.73061656951904,101.9280195236206,104.3942928314209,,,,,106.4634919166565
1985,Dodgers,95.90690732002258,95.91339826583862,91.60664081573486,104.0151834487915,88.6001706123352,76.86054110527039,93.33584904670715,98.77292513847351,94.42889094352722,,,,,97.00868129730225
1985,Expos,98.14773201942444,94.24740672111511,93.29555630683899,97.43574261665344,102.46204137802124,102.82113552093506,93.46112012863159,100.36712884902954,105.98711967468262,,,,,99.54152703285217
1985,Giants,97.12053537368774,95.95186114311218,93.94366145133972,97.77576923370361,97.50707149505615,85.62974333763123,102.28110551834106,99.64162707328796,98.76179099082947,,,,,100.37035942077637
1985,Indians,101.95173025131226,100.08978843688965,95.9522545337677,103.5818338394165,99.15212988853455,89.63388800621033,101.81357860565186,96.68586850166321,99.50606226921082,,,,,101.311194896698
1985,Mariners,101.37534141540527,101.48885250091553,95.54502964019775,98.80829453468323,101.1386513710022,98.31404685974121,112.78207302093506,101.85736417770386,101.0183572769165,,,,,104.38529253005981
1985,Mets,97.36695289611816,96.19330763816833,95.34310698509216,99.2227554321289,96.68190479278564,87.3437762260437,98.9448606967926,101.37530565261841,97.7363646030426,,,,,97.9654610157013
1985,Orioles,98.29584956169128,97.42714762687683,99.07898902893066,99.14528131484985,95.9288239479065,76.72497630119324,102.45305299758911,101.44208669662476,101.23792886734009,,,,,100.73894262313843
1985,Padres,98.35197329521179,98.20610284805298,101.16525888442993,97.73191213607788,93.46980452537537,102.94770002365112,110.2940320968628,104.33539152145386,99.72686171531677,,,,,101.37405395507812
1985,Phillies,102.51957178115845,103.15643548965454,102.51908302307129,98.63600134849548,107.14880228042603,117.3076868057251,98.56521487236023,101.78154706954956,101.17405652999878,,,,,99.06940460205078
1985,Pirates,100.97461938858032,99.40059781074524,104.01443243026733,100.08529424667358,103.17461490631104,100.75732469558716,100.89157819747925,100.07529258728027,100.16411542892456,,,,,100.7548451423645
1985,Rangers,101.56384706497192,101.26487016677856,109.403395652771,103.37345600128174,100.44851303100586,97.0033049583435,98.70609641075134,101.8768310546875,98.14018607139587,,,,,98.94839525222778
1985,Red Sox,102.128005027771,103.68651151657104,102.07462310791016,102.60614156723022,112.02443838119507,105.26622533798218,96.20468020439148,100.87319612503052,97.96469211578369,,,,,97.56860733032227
1985,Reds,104.0787935256958,105.20824193954468,104.92026805877686,100.32179355621338,108.9490294456482,104.16377782821655,103.44489812850952,98.33784699440002,103.00147533416748,,,,,102.42525339126587
1985,Royals,100.58091878890991,99.48149919509888,100.39575099945068,99.87245202064514,106.81895017623901,125.34189224243164,90.0714099407196,94.50644254684448,99.70965385437012,,,,,98.56619238853455
1985,Tigers,97.29393720626831,98.08868765830994,105.67077398300171,97.25924730300903,90.84205031394958,91.93034768104553,103.99860143661499,99.87425208091736,97.9589581489563,,,,,100.75491666793823
1985,Twins,103.49425077438354,106.1982274055481,103.75311374664307,100.7638931274414,109.56969261169434,119.4427490234375,101.38567686080933,103.78981828689575,100.38495063781738,,,,,99.86379742622375
1985,White Sox,103.64327430725098,103.47131490707397,99.55110549926758,100.15590190887451,100.65406560897827,121.04750871658325,98.87211918830872,100.25306940078735,104.79131937026978,,,,,100.48935413360596
1985,Yankees,97.39100933074951,96.82705402374268,94.60100531578064,99.92842674255371,95.05828022956848,97.64028787612915,97.43544459342957,99.65690970420837,99.44081902503967,,,,,98.79082441329956
1986,Angels,98.34877848625183,98.33435416221619,95.39650678634644,98.7507700920105,91.82776808738708,81.23908638954163,105.23256063461304,99.88834857940674,98.63725304603577,,,,,101.14600658416748
1986,Astros,95.33189535140991,96.23103141784668,100.67873001098633,101.11144781112671,97.98469543457031,100.85344314575195,83.04339647293091,100.52661895751953,98.59065413475037,,,,,94.23563480377197
1986,Athletics,93.51920485496521,92.73993968963623,93.90508532524109,98.75546097755432,91.57240390777588,84.29678678512573,91.58885478973389,100.37636756896973,101.14660263061523,,,,,97.16349840164185
1986,Blue Jays,100.54178237915039,100.96180438995361,104.74175214767456,97.1659243106842,104.8274278640747,114.52139616012573,100.04914999008179,100.89008808135986,99.80441927909851,,,,,99.18524026870728
1986,Braves,106.79131746292114,107.16500282287598,102.79905796051025,103.47012281417847,105.11646270751953,96.99668884277344,109.49041843414307,97.35937118530273,101.85494422912598,,,,,104.22431230545044
1986,Brewers,100.76704025268555,103.3689022064209,102.28049755096436,100.63334703445435,100.67719221115112,106.17448091506958,97.9421615600586,99.99839067459106,98.48995804786682,,,,,98.72795343399048
1986,Cardinals,99.07295107841492,97.67342209815979,102.19682455062866,99.27288889884949,104.33849096298218,109.45947170257568,90.32527208328247,97.1955418586731,96.37396335601807,,,,,97.14506268501282
1986,Cubs,107.33816623687744,108.58620405197144,108.4449052810669,103.2218337059021,97.64206409454346,106.56716823577881,119.61060762405396,101.81533098220825,102.99302339553833,,,,,106.20877742767334
1986,Dodgers,96.70255780220032,92.36477017402649,94.38573122024536,103.90326976776123,89.838707447052,80.09660840034485,91.94896221160889,98.36059212684631,95.07327079772949,,,,,96.83399200439453
1986,Expos,98.67556095123291,99.25903081893921,98.85177612304688,97.83129096031189,102.38319635391235,109.17080640792847,94.70370411872864,100.40684938430786,104.39106225967407,,,,,99.60187077522278
1986,Giants,95.81801891326904,94.67629194259644,94.94925141334534,97.77166247367859,96.58620953559875,84.47142243385315,100.848388671875,99.98331665992737,97.33120799064636,,,,,99.2044746875763
1986,Indians,101.2497067451477,99.76069927215576,98.58879446983337,103.55277061462402,97.76163697242737,94.51123476028442,98.59201908111572,97.41631746292114,99.12053942680359,,,,,100.11285543441772
1986,Mariners,102.67423391342163,101.40769481658936,106.45759105682373,98.46176505088806,101.58672332763672,101.59897804260254,114.50904607772827,100.72996616363525,101.10896825790405,,,,,105.15884160995483
1986,Mets,95.53715586662292,95.64587473869324,93.59358549118042,98.35241436958313,96.13048434257507,90.02702832221985,95.99190354347229,100.67435503005981,96.82038426399231,,,,,96.98669910430908
1986,Orioles,97.90899157524109,99.22048449516296,99.26104545593262,99.37856197357178,97.04301953315735,75.03405213356018,103.18235158920288,102.11946964263916,101.91508531570435,,,,,101.33774280548096
1986,Padres,97.97174334526062,98.05871844291687,95.96577286720276,97.22282886505127,93.45090985298157,100.65000057220459,109.37730073928833,104.26867008209229,100.85843801498413,,,,,101.27906799316406
1986,Phillies,103.05179357528687,103.83970737457275,104.6727180480957,98.66001009941101,107.72638320922852,114.01671171188354,99.85737800598145,100.62593221664429,101.38245820999146,,,,,100.0603199005127
1986,Pirates,100.08662939071655,103.08598279953003,100.88130235671997,98.66463541984558,102.94063091278076,102.13714838027954,99.11592602729797,99.86153244972229,102.61330604553223,,,,,100.97813606262207
1986,Rangers,101.84807777404785,102.60000228881836,95.30600905418396,103.14615964889526,99.4147002696991,94.30392980575562,101.60130262374878,100.37437677383423,98.39741587638855,,,,,100.2245306968689
1986,Red Sox,103.29995155334473,100.04463195800781,98.69146943092346,102.31276750564575,112.28418350219727,104.67841625213623,97.78696298599243,100.77521800994873,98.75935912132263,,,,,98.39725494384766
1986,Reds,104.29987907409668,104.0639877319336,103.72815132141113,100.86241960525513,107.22715854644775,102.1475076675415,107.52846002578735,99.11848902702332,102.4929404258728,,,,,103.36999893188477
1986,Royals,100.6665825843811,100.88329315185547,99.37386512756348,100.49561262130737,109.40957069396973,127.1119475364685,88.61274123191833,94.04265284538269,99.12943840026855,,,,,98.12654256820679
1986,Tigers,97.12153673171997,98.48605990409851,94.9639618396759,97.24588990211487,91.24182462692261,90.06959795951843,104.66138124465942,100.25038719177246,98.41652512550354,,,,,100.94372034072876
1986,Twins,103.31093072891235,102.68685817718506,109.59645509719849,100.11948347091675,109.2665433883667,121.34604454040527,102.58811712265015,103.83074283599854,101.1208176612854,,,,,100.38459300994873
1986,White Sox,102.98593044281006,102.74584293365479,100.62587261199951,100.31427145004272,101.6977071762085,122.21518754959106,96.52349948883057,100.3697156906128,105.820631980896,,,,,100.16403198242188
1986,Yankees,97.05632328987122,98.0159044265747,102.72504091262817,99.71432089805603,93.95517110824585,95.09989023208618,98.78425002098083,99.51159954071045,98.91939759254456,,,,,99.14117455482483
1987,Angels,97.64488339424133,96.64919376373291,99.47130680084229,98.37947487831116,93.4591293334961,85.17645001411438,105.77535629272461,99.8401939868927,98.53708148002625,,,,,101.4951229095459
1987,Astros,97.16795086860657,95.131516456604,92.16670393943787,101.53738260269165,99.07795786857605,93.57870221138,86.23498678207397,101.08253955841064,98.77309203147888,,,,,95.02277374267578
1987,Athletics,94.86444592475891,92.7176833152771,91.07832908630371,99.12412762641907,91.65154099464417,84.68586206436157,91.94793701171875,101.46852731704712,100.62366724014282,,,,,96.79368734359741
1987,Blue Jays,100.54178237915039,101.04959011077881,99.26220178604126,97.1659243106842,104.8274278640747,114.52139616012573,100.04914999008179,100.89008808135986,99.80441927909851,,,,,99.18524026870728
1987,Braves,105.81918954849243,106.70562982559204,109.91101264953613,103.7686824798584,103.8377046585083,98.54835867881775,107.71667957305908,98.119056224823,101.57420635223389,,,,,103.88009548187256
1987,Brewers,101.56763792037964,102.2742748260498,102.31598615646362,101.30503177642822,101.53422355651855,105.27393817901611,98.30717444419861,101.08399391174316,99.05628561973572,,,,,98.7442135810852
1987,Cardinals,99.32978749275208,100.99087953567505,97.65343070030212,99.70399737358093,104.08759117126465,113.82777690887451,89.76185917854309,96.81042432785034,96.80362939834595,,,,,97.34313488006592
1987,Cubs,107.01684951782227,105.04100322723389,101.74144506454468,103.92923355102539,97.36301302909851,103.8654088973999,115.01610279083252,101.81057453155518,102.00049877166748,,,,,104.63104248046875
1987,Dodgers,94.84779238700867,96.06794118881226,91.12280607223511,102.20592021942139,89.06331062316895,82.11438059806824,90.69573283195496,98.26542735099792,95.27704119682312,,,,,96.22145891189575
1987,Expos,100.72565078735352,103.02042961120605,105.4664134979248,98.69304299354553,103.95454168319702,107.36712217330933,96.00266218185425,101.42663717269897,103.22927236557007,,,,,99.21268224716187
1987,Giants,95.36045789718628,94.63602900505066,95.05590796470642,97.26976752281189,97.4790096282959,87.28631734848022,100.06355047225952,99.59452748298645,97.162264585495,,,,,99.1731584072113
1987,Indians,100.63384771347046,101.69689655303955,104.85372543334961,102.6437759399414,97.50447273254395,96.47089838981628,96.76855206489563,98.08386564254761,99.07640814781189,,,,,99.60842728614807
1987,Mariners,102.80838012695312,105.70974349975586,102.74467468261719,98.76102805137634,103.17857265472412,103.8744568824768,113.94486427307129,100.30579566955566,100.00118017196655,,,,,104.9026370048523
1987,Mets,94.8324978351593,93.48554611206055,97.8144109249115,97.95673489570618,94.15165781974792,89.90800380706787,96.78295254707336,101.03472471237183,96.87196612358093,,,,,97.1834659576416
1987,Orioles,98.7311840057373,98.45179915428162,99.14887547492981,100.14044046401978,97.56015539169312,76.13274455070496,103.45244407653809,101.73487663269043,102.07580327987671,,,,,101.42567157745361
1987,Padres,98.39509129524231,96.67321443557739,97.4348783493042,96.5616524219513,93.70840191841125,99.89812970161438,111.74153089523315,103.94574403762817,101.83837413787842,,,,,102.30774879455566
1987,Phillies,103.12939882278442,104.05678749084473,104.26560640335083,98.83596897125244,107.49286413192749,116.66319370269775,100.32700300216675,99.7862458229065,101.83604955673218,,,,,100.90144872665405
1987,Pirates,100.20103454589844,100.99501609802246,104.35218811035156,98.72636198997498,102.95783281326294,99.27812814712524,100.31542778015137,100.01914501190186,104.20291423797607,,,,,101.79669857025146
1987,Rangers,102.1916151046753,100.42134523391724,104.27175760269165,102.61267423629761,96.50259017944336,96.28964066505432,104.65116500854492,100.66994428634644,98.6444890499115,,,,,101.0218858718872
1987,Red Sox,102.32577323913574,102.00152397155762,99.53291416168213,101.86054706573486,112.11696863174438,103.439462184906,96.32186889648438,100.39469003677368,98.74548316001892,,,,,97.89658188819885
1987,Reds,103.74840497970581,103.99911403656006,103.63993644714355,101.07145309448242,108.85419845581055,106.25323057174683,105.99110126495361,98.20573925971985,100.84701776504517,,,,,102.44669914245605
1987,Royals,99.92157220840454,101.55454874038696,102.84671783447266,100.50109624862671,109.06578302383423,129.163920879364,87.03562021255493,94.22668218612671,98.32918047904968,,,,,97.27842807769775
1987,Tigers,97.91932702064514,94.96733546257019,96.10318541526794,96.29672765731812,92.94590950012207,90.50750136375427,107.57249593734741,100.56977272033691,99.46765303611755,,,,,102.15654373168945
1987,Twins,103.64346504211426,103.2625675201416,95.8491563796997,100.83214044570923,107.86124467849731,110.1840615272522,102.25160121917725,103.05012464523315,101.8492341041565,,,,,100.4907488822937
1987,White Sox,99.91567730903625,102.2958755493164,108.15340280532837,100.22258758544922,98.34636449813843,125.54253339767456,92.14852452278137,99.48710203170776,104.1081428527832,,,,,98.40025305747986
1987,Yankees,99.12931323051453,98.55532646179199,96.96425199508667,100.5671739578247,96.59329056739807,91.26189947128296,101.33804082870483,99.88958835601807,99.03318881988525,,,,,99.90382194519043
1988,Angels,97.96100854873657,97.16432094573975,95.04727721214294,99.20161962509155,93.64091753959656,88.28839659690857,107.07762241363525,99.9031126499176,97.84947633743286,,,,,101.58401727676392
1988,Astros,96.66104912757874,95.82905769348145,93.24392080307007,101.19727849960327,97.92866110801697,98.64007234573364,85.65080165863037,101.55290365219116,98.46848845481873,,,,,94.59066987037659
1988,Athletics,94.13580298423767,94.76320147514343,93.36985349655151,99.13805723190308,90.2345359325409,84.78129506111145,91.78369045257568,101.35005712509155,100.20416975021362,,,,,96.41784429550171
1988,Blue Jays,100.54178237915039,101.04959011077881,99.16986227035522,97.1659243106842,104.8274278640747,114.52139616012573,100.04914999008179,100.89008808135986,99.80441927909851,,,,,99.18524026870728
1988,Braves,104.87768650054932,107.03065395355225,106.92692995071411,103.54605913162231,102.75819301605225,97.04895615577698,106.80809020996094,97.9069709777832,101.04962587356567,,,,,103.55619192123413
1988,Brewers,100.19583702087402,100.32018423080444,102.18954086303711,100.40081739425659,99.22336935997009,99.83993172645569,97.75770306587219,100.56382417678833,99.14404153823853,,,,,98.82928729057312
1988,Cardinals,101.46845579147339,100.27612447738647,104.16369438171387,99.88552331924438,104.46659326553345,116.47846698760986,92.95265078544617,97.218257188797,98.86410236358643,,,,,99.01758432388306
1988,Cubs,105.97953796386719,104.73510026931763,105.37701845169067,104.63005304336548,98.82407784461975,101.96688175201416,111.09448671340942,101.15326642990112,100.7209062576294,,,,,103.27051877975464
1988,Dodgers,95.67399024963379,95.22013068199158,104.3921947479248,102.70055532455444,88.68460655212402,86.41166090965271,91.98471307754517,97.8722333908081,95.64094543457031,,,,,96.8235433101654
1988,Expos,101.12626552581787,104.17656898498535,104.82090711593628,99.31386709213257,105.10034561157227,106.68201446533203,97.21800088882446,101.16550922393799,101.52251720428467,,,,,99.20670986175537
1988,Giants,96.57585620880127,95.08793354034424,93.85623931884766,98.45234751701355,99.44708347320557,87.07244992256165,100.61860084533691,99.55323934555054,98.2006847858429,,,,,99.56506490707397
1988,Indians,101.49714946746826,103.4324049949646,101.82489156723022,102.59671211242676,97.87728786468506,94.40217614173889,98.5009491443634,98.28223586082458,100.66571235656738,,,,,100.53075551986694
1988,Mariners,103.61664295196533,104.81427907943726,108.33230018615723,98.29249978065491,104.90220785140991,103.81391048431396,113.80749940872192,100.30945539474487,101.21508836746216,,,,,104.90103960037231
1988,Mets,95.28549313545227,94.14802193641663,88.50151300430298,97.33875393867493,94.85805630683899,92.12673306465149,96.77467346191406,100.84458589553833,97.83003330230713,,,,,97.65943884849548
1988,Orioles,98.35732579231262,98.17189574241638,96.59476280212402,99.15343523025513,97.48309850692749,79.18956875801086,104.56736087799072,102.15615034103394,100.78654289245605,,,,,101.29756927490234
1988,Padres,98.62996935844421,98.09457659721375,96.65462970733643,97.04500436782837,94.66432929039001,102.24671363830566,108.78229141235352,104.39038276672363,101.71812772750854,,,,,101.418936252594
1988,Phillies,102.42675542831421,103.38437557220459,103.18902730941772,98.29172492027283,107.33093023300171,115.49553871154785,100.26687383651733,100.60969591140747,101.42526626586914,,,,,100.42004585266113
1988,Pirates,98.914635181427,98.85794520378113,97.53643870353699,97.95401692390442,102.40511894226074,97.59708642959595,98.506098985672,99.54891800880432,103.36105823516846,,,,,101.1009931564331
1988,Rangers,100.82439184188843,102.95240879058838,101.89253091812134,102.13568210601807,96.62985801696777,101.89716815948486,102.62911319732666,100.8446216583252,99.11158084869385,,,,,100.41887760162354
1988,Red Sox,102.69469022750854,104.0615439414978,108.68091583251953,101.79588794708252,112.28523254394531,98.3774721622467,97.6752758026123,100.11270046234131,99.59900379180908,,,,,98.82541298866272
1988,Reds,102.91341543197632,104.07235622406006,104.68723773956299,99.8651921749115,104.69727516174316,97.27937579154968,109.71218347549438,98.30730557441711,101.25436782836914,,,,,103.52435111999512
1988,Royals,99.85330104827881,99.9413251876831,102.41483449935913,100.59109926223755,109.21037197113037,124.57557916641235,86.565762758255,94.69456672668457,97.23008275032043,,,,,96.63342833518982
1988,Tigers,97.47283458709717,96.29127383232117,93.64193081855774,95.82107663154602,93.3698296546936,91.83245897293091,104.88419532775879,101.8417477607727,99.43385124206543,,,,,100.93624591827393
1988,Twins,104.3437123298645,102.3394227027893,105.52407503128052,100.96937417984009,107.5058102607727,118.09910535812378,102.64705419540405,102.69042253494263,101.98467969894409,,,,,100.62731504440308
1988,White Sox,100.26743412017822,99.80711340904236,98.11866879463196,101.20166540145874,98.99095892906189,121.19454145431519,90.13722538948059,98.59943985939026,102.78453826904297,,,,,97.83798456192017
1988,Yankees,99.70249533653259,99.35170412063599,96.1935043334961,100.80262422561646,98.1468141078949,89.10072445869446,101.68523788452148,99.66869354248047,99.59248304367065,,,,,100.36787986755371
1989,Angels,97.47739434242249,97.92600274085999,96.88995480537415,99.3357241153717,92.59166121482849,87.8125011920929,106.7154049873352,100.3164529800415,97.86321520805359,,,,,101.69144868850708
1989,Astros,95.9125280380249,96.43200635910034,102.54936218261719,100.48825740814209,101.32935047149658,104.058837890625,83.46112966537476,102.8719425201416,99.132239818573,,,,,93.81400942802429
1989,Athletics,93.98333430290222,94.2768931388855,101.46132707595825,98.33396077156067,92.2818124294281,87.6625657081604,91.53221249580383,101.5389084815979,98.19492697715759,,,,,95.84018588066101
1989,Blue Jays,100.81127882003784,100.40761232376099,93.31716895103455,98.35346937179565,102.91883945465088,113.26589584350586,106.91428184509277,98.92074465751648,100.76251029968262,,,,,102.81468629837036
1989,Braves,106.67093992233276,104.58235740661621,103.40468883514404,104.54691648483276,103.25114727020264,96.78000211715698,107.77401924133301,97.55610227584839,100.58629512786865,,,,,103.54503393173218
1989,Brewers,100.5711555480957,98.72549176216125,96.37377858161926,100.1277208328247,100.5494236946106,96.27702832221985,98.29875230789185,101.99911594390869,100.44300556182861,,,,,98.89981746673584
1989,Cardinals,100.17175674438477,103.13574075698853,99.91711378097534,99.2180347442627,103.24428081512451,118.05975437164307,90.6742811203003,97.06168174743652,99.16208386421204,,,,,98.74973893165588
1989,Cubs,105.4557204246521,107.93617963790894,107.77777433395386,103.68121862411499,98.54766726493835,101.7143726348877,112.21338510513306,100.24087429046631,98.59766960144043,,,,,103.06216478347778
1989,Dodgers,96.83429598808289,97.03478813171387,91.50232672691345,102.61378288269043,89.60718512535095,84.77730751037598,94.39182877540588,99.1443395614624,97.74891138076782,,,,,97.72458672523499
1989,Expos,99.5862364768982,100.53375959396362,102.07211971282959,99.27900433540344,105.26673793792725,103.62091064453125,96.71298861503601,101.3421893119812,100.13577938079834,,,,,98.75638484954834
1989,Giants,96.05225920677185,97.02990055084229,96.38292789459229,97.93715476989746,97.57971167564392,90.14925360679626,100.05934238433838,99.68972206115723,97.35260009765625,,,,,99.10377860069275
1989,Indians,101.209557056427,101.69223546981812,103.34815979003906,102.84706354141235,98.36251139640808,95.70038914680481,94.67827677726746,98.08927774429321,100.35560131072998,,,,,99.28653240203857
1989,Mariners,102.54397392272949,103.59374284744263,103.78457307815552,98.57752323150635,103.22160720825195,105.2370548248291,111.07585430145264,100.31028985977173,100.06439685821533,,,,,103.41564416885376
1989,Mets,96.93812727928162,94.02246475219727,95.72574496269226,99.39377307891846,95.09697556495667,96.12594842910767,96.54359817504883,101.19740962982178,98.31862449645996,,,,,98.00363779067993
1989,Orioles,97.94090390205383,97.36869931221008,98.42455983161926,98.62092733383179,98.06654453277588,80.79104423522949,101.70058012008667,102.28748321533203,99.93820190429688,,,,,100.0450849533081
1989,Padres,99.24424886703491,99.83542561531067,100.28992891311646,97.43892550468445,94.46070790290833,100.88807344436646,107.76368379592896,103.03215980529785,101.98384523391724,,,,,101.45152807235718
1989,Phillies,101.67980194091797,101.46880149841309,102.64003276824951,98.58549237251282,105.79347610473633,106.81151151657104,101.08269453048706,100.5385160446167,102.06204652786255,,,,,101.15172863006592
1989,Pirates,98.08096289634705,96.17837071418762,94.51029300689697,97.592031955719,101.14651918411255,99.19573068618774,97.27956056594849,99.5947539806366,101.40959024429321,,,,,99.89963173866272
1989,Rangers,101.31924152374268,101.80312395095825,102.49454975128174,101.38020515441895,97.27084636688232,106.24856948852539,103.69347333908081,101.03578567504883,100.31764507293701,,,,,100.9852647781372
1989,Red Sox,103.69060039520264,106.00482225418091,104.95495796203613,102.21220254898071,112.4468445777893,97.96016812324524,100.6468415260315,99.83894228935242,100.89242458343506,,,,,100.43683052062988
1989,Reds,103.73777151107788,102.8814435005188,103.94754409790039,99.42297339439392,105.18183708190918,94.8171079158783,112.32258081436157,97.86784648895264,103.47700119018555,,,,,104.98257875442505
1989,Royals,99.90386962890625,98.9886224269867,94.73279118537903,100.19676685333252,107.82825946807861,129.74575757980347,86.09529137611389,94.95546221733093,97.66755104064941,,,,,96.74527049064636
1989,Tigers,99.14306402206421,98.42450022697449,99.1641104221344,96.35765552520752,93.31173896789551,90.29045701026917,108.55505466461182,101.70401334762573,101.31367444992065,,,,,102.34651565551758
1989,Twins,103.37644815444946,106.78611993789673,106.95329904556274,101.32091045379639,106.46194219589233,118.69302988052368,99.6605396270752,101.96629762649536,101.94579362869263,,,,,99.68295097351074
1989,White Sox,100.26743412017822,97.61508703231812,93.80633234977722,101.20166540145874,98.99095892906189,121.19454145431519,90.13722538948059,98.59943985939026,102.78453826904297,,,,,97.83798456192017
1989,Yankees,99.44669604301453,99.61817264556885,105.5543065071106,100.3293514251709,97.92061448097229,85.10718941688538,102.54491567611694,99.15276169776917,99.11963939666748,,,,,100.63426494598389
1990,Angels,98.08663129806519,97.13555574417114,102.17119455337524,99.8069703578949,94.34288740158081,88.00683617591858,105.08941411972046,99.72753524780273,96.50514721870422,,,,,100.76040029525757
1990,Astros,96.31204605102539,97.38724827766418,93.60710382461548,99.94131922721863,101.9052505493164,108.68188142776489,84.9041223526001,103.18635702133179,100.12489557266235,,,,,94.85713243484497
1990,Athletics,95.25095820426941,94.18711066246033,88.93099427223206,98.41622114181519,91.72981381416321,89.08582329750061,94.92607712745667,101.2513518333435,98.22263717651367,,,,,97.23619818687439
1990,Blue Jays,100.81127882003784,100.40761232376099,101.58343315124512,98.35346937179565,102.91883945465088,113.26589584350586,106.91428184509277,98.92074465751648,100.76251029968262,,,,,102.81468629837036
1990,Braves,105.02020120620728,106.57670497894287,103.45990657806396,103.87154817581177,102.28699445724487,90.17706513404846,107.05335140228271,97.7551817893982,99.47173595428467,,,,,102.7883768081665
1990,Brewers,98.26180338859558,99.56472516059875,98.04437756538391,98.64553809165955,97.275310754776,91.98636412620544,97.64837622642517,100.81655979156494,101.28394365310669,,,,,99.20807480812073
1990,Cardinals,100.92955827713013,100.02665519714355,105.4132342338562,99.54217672348022,102.05225944519043,120.5608606338501,92.20790266990662,97.4321961402893,101.14699602127075,,,,,99.98255968093872
1990,Cubs,105.46942949295044,107.97368288040161,110.56900024414062,103.666090965271,98.47216606140137,104.26844358444214,110.95924377441406,100.63209533691406,99.00712966918945,,,,,102.4993896484375
1990,Dodgers,97.67068028450012,96.1516797542572,95.93888521194458,102.52817869186401,91.6644811630249,92.007315158844,94.09437775611877,99.31827187538147,98.10986518859863,,,,,97.64332175254822
1990,Expos,99.71030950546265,95.70046067237854,95.26582360267639,98.83137941360474,105.58692216873169,102.06090211868286,95.99408507347107,100.59024095535278,98.4051525592804,,,,,98.16368818283081
1990,Giants,96.65009379386902,96.3875949382782,100.71017742156982,98.84246587753296,98.69875907897949,92.10429191589355,98.2805848121643,99.28581714630127,96.86524868011475,,,,,98.71590733528137
1990,Indians,101.53034925460815,99.80111718177795,100.18996000289917,102.9680609703064,98.92033338546753,95.10639905929565,94.6911096572876,98.79741072654724,100.8163571357727,,,,,99.20181035995483
1990,Mariners,102.36294269561768,101.09328031539917,98.74839782714844,99.15831685066223,107.1914792060852,104.25331592559814,106.36128187179565,100.45500993728638,99.64524507522583,,,,,101.87315940856934
1990,Mets,96.47958278656006,98.9331841468811,97.79947996139526,98.67590069770813,95.19361853599548,98.15215468406677,96.58209681510925,101.14712715148926,97.79888987541199,,,,,98.09631109237671
1990,Orioles,97.94090390205383,97.47231602668762,97.05798625946045,98.62092733383179,98.06654453277588,80.79104423522949,101.70058012008667,102.28748321533203,99.93820190429688,,,,,100.0450849533081
1990,Padres,100.97697973251343,100.6151556968689,102.36529111862183,99.30033683776855,94.85229253768921,94.23165917396545,110.44968366622925,101.19673013687134,102.30679512023926,,,,,102.72554159164429
1990,Phillies,100.84549188613892,100.61633586883545,98.74775409698486,98.35840463638306,104.01759147644043,104.83136177062988,102.7733564376831,101.1020302772522,101.57400369644165,,,,,101.19262933731079
1990,Pirates,97.15697765350342,95.83219289779663,96.58384919166565,97.72641658782959,102.08534002304077,98.60787391662598,94.1290557384491,99.91539120674133,102.01776027679443,,,,,98.67928624153137
1990,Rangers,99.93284344673157,100.3325343132019,101.02936029434204,100.34254789352417,97.43202924728394,105.72566986083984,102.77721881866455,102.01313495635986,99.45467114448547,,,,,99.93558526039124
1990,Red Sox,104.9451231956482,104.45865392684937,104.3215274810791,102.72225141525269,112.82644271850586,96.33140563964844,102.94859409332275,100.13885498046875,101.84627771377563,,,,,101.1408805847168
1990,Reds,103.34674119949341,104.16973829269409,100.14230012893677,98.72660636901855,103.23278903961182,93.85828971862793,115.09488821029663,98.71537685394287,103.45386266708374,,,,,105.17146587371826
1990,Royals,99.67021346092224,98.15624952316284,99.94788765907288,100.94459056854248,105.35191297531128,127.2029161453247,83.92521739006042,95.49879431724548,96.42441868782043,,,,,95.78026533126831
1990,Tigers,100.02793073654175,101.91152095794678,102.39806175231934,97.29925394058228,95.38264274597168,95.69622278213501,107.8255295753479,101.85803174972534,103.2178521156311,,,,,102.6378870010376
1990,Twins,104.4347882270813,106.37814998626709,107.92944431304932,101.56480073928833,107.32547044754028,120.02369165420532,100.19458532333374,101.98742151260376,101.64320468902588,,,,,99.78500604629517
1990,White Sox,100.26743412017822,97.61508703231812,101.52043104171753,101.20166540145874,98.99095892906189,121.19454145431519,90.13722538948059,98.59943985939026,102.78453826904297,,,,,97.83798456192017
1990,Yankees,100.7856011390686,101.4944314956665,97.45150804519653,100.5193829536438,98.6089825630188,84.7615897655487,104.34391498565674,98.87701869010925,100,,,,,101.64326429367065
1991,Angels,99.93719458580017,99.29896593093872,92.43723154067993,100.33396482467651,95.41203379631042,90.21943807601929,107.31967687606812,99.01400208473206,97.25367426872253,,,,,101.99960470199585
1991,Astros,96.93235158920288,94.6451485157013,96.12016677856445,99.73775744438171,101.68973207473755,109.00483131408691,87.21151947975159,103.6311149597168,99.70371723175049,,,,,95.32011151313782
1991,Athletics,95.20226120948792,93.28715205192566,93.20083856582642,98.18413853645325,91.69098138809204,86.71046495437622,97.30467796325684,102.04199552536011,98.62764477729797,,,,,97.94945120811462
1991,Blue Jays,100.81127882003784,102.49024629592896,107.60946273803711,98.35346937179565,102.91883945465088,113.26589584350586,106.91428184509277,98.92074465751648,100.76251029968262,,,,,102.81468629837036
1991,Braves,103.6036729812622,105.7938814163208,113.19174766540527,103.70370149612427,101.4968991279602,87.98000812530518,104.32981252670288,97.42167592048645,99.19001460075378,,,,,102.04248428344727
1991,Brewers,97.75974750518799,97.45317697525024,104.25434112548828,99.33075904846191,97.10007905960083,93.20452213287354,94.41357851028442,101.24491453170776,101.42892599105835,,,,,98.09854030609131
1991,Cardinals,98.83707761764526,100.42533874511719,95.20383477210999,98.82133603096008,101.38518810272217,116.05510711669922,92.35031008720398,96.54197096824646,99.81910586357117,,,,,99.38467144966125
1991,Cubs,104.89004850387573,105.75658082962036,105.50316572189331,102.19770669937134,101.39055252075195,103.96407842636108,109.78281497955322,100.35843849182129,99.99707341194153,,,,,102.6079773902893
1991,Dodgers,96.54411673545837,97.22163081169128,101.05335712432861,102.2597074508667,91.58825278282166,86.58442497253418,94.63573694229126,99.65323805809021,98.56945276260376,,,,,97.88877964019775
1991,Expos,98.47924709320068,97.3201036453247,89.83578681945801,98.17083477973938,104.2507529258728,97.481369972229,95.64854502677917,100.04187822341919,98.58500361442566,,,,,98.33448529243469
1991,Giants,96.24295234680176,97.05309271812439,92.15731620788574,97.98158407211304,99.25723671913147,93.69010925292969,98.54531288146973,99.01135563850403,97.42476344108582,,,,,99.14131760597229
1991,Indians,99.64163303375244,101.16926431655884,96.2749719619751,102.00221538543701,97.12332487106323,94.84213590621948,95.35210728645325,98.27402830123901,100.85641145706177,,,,,99.24721121788025
1991,Mariners,100.84763765335083,100.44676065444946,100.67906379699707,99.30664300918579,107.60812759399414,98.27772378921509,100.96566677093506,101.96211338043213,100.73646306991577,,,,,100.33228397369385
1991,Mets,98.25494885444641,98.83837103843689,103.6902904510498,99.50498342514038,95.90224027633667,98.44959378242493,98.2905626296997,100.86379051208496,98.57919812202454,,,,,98.99938702583313
1991,Orioles,97.94090390205383,97.47231602668762,96.95521593093872,98.62092733383179,98.06654453277588,80.79104423522949,101.70058012008667,102.28748321533203,99.93820190429688,,,,,100.0450849533081
1991,Padres,101.39436721801758,102.78499126434326,99.14860725402832,99.85252022743225,95.31980156898499,98.22216629981995,110.72499752044678,101.6950249671936,100.16865730285645,,,,,102.60753631591797
1991,Phillies,100.34971237182617,99.67265725135803,100.6116271018982,99.22878742218018,102.7320384979248,105.41661977767944,99.8986303806305,102.16431617736816,100.48559904098511,,,,,99.52583909034729
1991,Pirates,97.72592782974243,97.38942384719849,96.21671438217163,98.27592968940735,100.97507238388062,99.97554421424866,94.80403661727905,100.31296014785767,101.22251510620117,,,,,98.54587316513062
1991,Rangers,98.7874686717987,98.55247139930725,98.0573832988739,99.40199255943298,96.91140055656433,107.44075775146484,102.06267833709717,103.30257415771484,98.60485792160034,,,,,99.08724427223206
1991,Red Sox,105.00668287277222,104.56039905548096,104.0729284286499,103.27280759811401,113.04001808166504,97.41277694702148,99.8538613319397,100.12879371643066,102.0198106765747,,,,,100.35703182220459
1991,Reds,102.23079919815063,103.3327579498291,108.43952894210815,98.42067360877991,102.13361978530884,89.98968005180359,110.72405576705933,98.0520486831665,103.7865161895752,,,,,104.18276786804199
1991,Royals,100.2150297164917,100.39284229278564,99.68052506446838,100.81793069839478,107.02881813049316,127.92043685913086,84.34340953826904,95.91886401176453,96.20888233184814,,,,,95.94674706459045
1991,Tigers,101.03496313095093,102.32754945755005,104.0045976638794,97.52476215362549,96.09795808792114,96.66600823402405,108.23137760162354,100.94528198242188,102.85900831222534,,,,,103.01698446273804
1991,Twins,104.14893627166748,104.03698682785034,104.32792901992798,101.36681795120239,107.71751403808594,117.4975037574768,98.2455849647522,101.73251628875732,101.14701986312866,,,,,99.38750863075256
1991,White Sox,97.43605852127075,97.95420169830322,99.42233562469482,100.16152858734131,95.01373171806335,100.93845129013062,98.06823134422302,97.07489013671875,97.9229748249054,,,,,99.29627180099487
1991,Yankees,100.14692544937134,101.05099678039551,101.36078596115112,100.3483533859253,97.20415472984314,84.39965844154358,104.04274463653564,98.47710132598877,99.89680647850037,,,,,101.6889214515686
1992,Angels,101.14978551864624,100.13926029205322,104.00569438934326,100.82985162734985,95.5346405506134,87.20892071723938,107.85424709320068,99.76415038108826,98.11403751373291,,,,,102.20390558242798
1992,Astros,95.98280191421509,95.66859006881714,94.15038228034973,99.08563494682312,100.26044845581055,107.63496160507202,88.56846690177917,103.79188060760498,98.73055219650269,,,,,95.27588486671448
1992,Athletics,93.67529153823853,94.60515975952148,97.75397181510925,97.4920392036438,92.06372499465942,89.53458070755005,95.732182264328,101.84822082519531,99.73087906837463,,,,,98.01650643348694
1992,Blue Jays,101.7026424407959,103.31666469573975,99.11804795265198,98.82370829582214,102.49184370040894,109.73438024520874,108.28185081481934,100.03596544265747,99.99457597732544,,,,,102.49994993209839
1992,Braves,102.65957117080688,104.36927080154419,101.11020803451538,103.56870889663696,100.29230117797852,87.44872808456421,104.06557321548462,97.3861575126648,98.73926043510437,,,,,101.43702030181885
1992,Brewers,99.0952730178833,97.6958692073822,90.08304476737976,99.71140623092651,97.72212505340576,94.94364261627197,94.89223957061768,100.09913444519043,102.04675197601318,,,,,98.84169101715088
1992,Cardinals,98.7632155418396,96.35962843894958,101.12473964691162,99.32979345321655,101.01081132888794,109.37482118606567,94.69221234321594,97.93235659599304,100.0139594078064,,,,,99.51674342155457
1992,Cubs,102.51600742340088,103.00536155700684,100.52978992462158,101.52474641799927,100.91723203659058,102.69957780838013,108.10540914535522,100.0653624534607,99.91014003753662,,,,,102.55849361419678
1992,Dodgers,96.28252983093262,97.72638082504272,94.97581720352173,101.91110372543335,91.28304123878479,82.00070261955261,95.65896391868591,99.92403388023376,98.74356985092163,,,,,98.29022288322449
1992,Expos,98.49277138710022,98.18860292434692,108.08706283569336,98.16315174102783,105.29005527496338,100.06059408187866,93.95874738693237,98.87056946754456,99.02769327163696,,,,,98.01661968231201
1992,Giants,96.56246304512024,94.0139889717102,98.59183430671692,98.10023307800293,98.90832304954529,91.02237820625305,99.63989853858948,100.17192363739014,98.4457790851593,,,,,99.57944750785828
1992,Indians,99.64163303375244,98.36459755897522,107.40541219711304,102.00221538543701,97.12332487106323,94.84213590621948,95.35210728645325,98.27402830123901,100.85641145706177,,,,,99.24721121788025
1992,Mariners,100.36287307739258,100.71417093276978,101.78817510604858,98.15530776977539,107.45582580566406,99.12369847297668,99.17603135108948,102.52159833908081,102.4317979812622,,,,,100.09217262268066
1992,Mets,99.45352673530579,98.93343448638916,95.37107944488525,100.19785165786743,96.52512073516846,100.17093420028687,98.07312488555908,100.0791072845459,99.24895167350769,,,,,99.27605390548706
1992,Orioles,100.51121711730957,103.02897691726685,98.85242581367493,100.3466010093689,96.28607034683228,91.6144609451294,104.37690019607544,100.359046459198,100.12776851654053,,,,,101.31728649139404
1992,Padres,101.35645866394043,101.68110132217407,107.25222826004028,99.33955073356628,95.97048759460449,99.03976917266846,110.2621078491211,102.14654207229614,100.05329847335815,,,,,102.32037305831909
1992,Phillies,99.39870238304138,100.19879341125488,99.8043417930603,99.13193583488464,103.03806066513062,101.52045488357544,98.26408624649048,101.68535709381104,99.84273314476013,,,,,98.83742928504944
1992,Pirates,98.71365427970886,98.68780970573425,99.43357110023499,98.5666275024414,101.95993185043335,102.77143716812134,94.80208158493042,100.20736455917358,99.38545823097229,,,,,97.97266125679016
1992,Rangers,98.7874686717987,96.90549969673157,96.91942930221558,99.40199255943298,96.91140055656433,107.44075775146484,102.06267833709717,103.30257415771484,98.60485792160034,,,,,99.08724427223206
1992,Red Sox,105.0436019897461,106.20965957641602,105.38079738616943,103.95475625991821,111.17571592330933,96.26855850219727,100.25854110717773,100.52037239074707,102.5026798248291,,,,,100.6344199180603
1992,Reds,101.53776407241821,102.75835990905762,101.38981342315674,97.32428193092346,101.0685682296753,89.9750292301178,110.18252372741699,98.15888404846191,104.45536375045776,,,,,104.38545942306519
1992,Royals,102.43762731552124,102.24512815475464,101.69867277145386,101.91856622695923,108.78968238830566,129.8397183418274,86.64596676826477,95.63995599746704,96.92692160606384,,,,,97.0969557762146
1992,Tigers,101.3670563697815,101.37841701507568,100.62272548675537,98.86140823364258,95.68120837211609,96.22670412063599,106.59072399139404,100.89823007583618,102.58673429489136,,,,,102.38386392593384
1992,Twins,102.78725624084473,102.82485485076904,100.13281106948853,100.86503028869629,106.24439716339111,118.36073398590088,98.73962998390198,101.88244581222534,101.20538473129272,,,,,99.47165250778198
1992,White Sox,97.43605852127075,97.95420169830322,94.94255185127258,100.16152858734131,95.01373171806335,100.93845129013062,98.06823134422302,97.07489013671875,97.9229748249054,,,,,99.29627180099487
1992,Yankees,97.8800117969513,99.30477142333984,104.24069166183472,98.97668361663818,95.65698504447937,85.74609160423279,102.12446451187134,97.93585538864136,98.29075932502747,,,,,100.75061321258545
1993,Angels,100.23854970932007,104.18131351470947,104.52405214309692,99.9179482460022,95.47250270843506,86.1340880393982,105.30322790145874,100.87858438491821,99.57501888275146,,,,,101.70609951019287
1993,Astros,94.90784406661987,95.91408371925354,96.65706753730774,98.36299419403076,99.26014542579651,101.45227909088135,89.11968469619751,104.09798622131348,98.31117391586304,,,,,95.1305627822876
1993,Athletics,94.12949681282043,94.24737095832825,93.25066208839417,97.48710989952087,91.84879064559937,88.71207237243652,97.6002037525177,101.89794301986694,99.12389516830444,,,,,98.5755205154419
1993,Blue Jays,101.41043663024902,100.29572248458862,103.93645763397217,98.09123277664185,102.89144515991211,110.7409119606018,106.94304704666138,101.38977766036987,100.33671855926514,,,,,101.91521644592285
1993,Braves,102.74064540863037,99.16229844093323,99.16613101959229,102.36693620681763,99.81399178504944,88.69422674179077,106.03971481323242,97.33628630638123,99.04167652130127,,,,,101.906418800354
1993,Brewers,101.21760368347168,97.44716882705688,98.7362265586853,101.7970323562622,100.16382932662964,97.5827693939209,94.47185397148132,99.25848841667175,102.59758234024048,,,,,99.20615553855896
1993,Cardinals,98.11545014381409,97.74802923202515,93.7108039855957,99.36595559120178,101.46511793136597,106.21024370193481,93.34406852722168,97.81886339187622,98.93415570259094,,,,,98.80136251449585
1993,Cubs,100.72547197341919,99.05869364738464,102.57101058959961,100.04901885986328,99.56941604614258,101.14963054656982,105.78969717025757,100.42816400527954,100.20934343338013,,,,,101.73335075378418
1993,Dodgers,95.32406330108643,94.09353137016296,97.22540378570557,101.52220726013184,90.41740894317627,79.3897032737732,93.29981803894043,99.30091500282288,98.07443022727966,,,,,97.48139977455139
1993,Expos,99.24306869506836,102.32516527175903,97.35194444656372,98.58947992324829,105.71237802505493,101.31932497024536,92.08697080612183,99.27639961242676,100.85668563842773,,,,,97.80699610710144
1993,Giants,95.30697464942932,95.98552584648132,92.01796054840088,96.96713089942932,97.09758162498474,91.25798344612122,97.5638747215271,100.32047033309937,98.25973510742188,,,,,98.90082478523254
1993,Indians,99.64163303375244,98.36459755897522,93.11107397079468,102.00221538543701,97.12332487106323,94.84213590621948,95.35210728645325,98.27402830123901,100.85641145706177,,,,,99.24721121788025
1993,Mariners,100.97543001174927,101.1215090751648,99.68400597572327,97.80654311180115,108.45385789871216,96.51725888252258,100.89980363845825,104.60681915283203,102.02953815460205,,,,,99.7735857963562
1993,Marlins,99.43127632141113,102.55744457244873,102.25164890289307,100.99908113479614,95.769202709198,109.46388244628906,96.8220055103302,101.0919451713562,102.00204849243164,,,,,99.6123731136322
1993,Mets,98.95345568656921,98.59399199485779,98.06777834892273,101.15307569503784,96.19771838188171,104.8298716545105,99.27685260772705,100.47160387039185,98.24216365814209,,,,,99.41417574882507
1993,Orioles,100.51121711730957,103.02897691726685,105.01317977905273,100.3466010093689,96.28607034683228,91.6144609451294,104.37690019607544,100.359046459198,100.12776851654053,,,,,101.31728649139404
1993,Padres,99.52020645141602,102.07040309906006,99.42708611488342,99.32610988616943,95.04368305206299,92.061448097229,109.25174951553345,100.83316564559937,100.41128396987915,,,,,102.46758460998535
1993,Phillies,101.09858512878418,99.13333654403687,100.40347576141357,99.28070306777954,104.26825284957886,99.25020933151245,100.30636787414551,102.03145742416382,100.42115449905396,,,,,99.54184889793396
1993,Pirates,100.37548542022705,100.16287565231323,100.43132305145264,99.01601076126099,103.49920988082886,102.42635011672974,97.69458770751953,100.93677043914795,99.98618960380554,,,,,99.01121258735657
1993,Rangers,98.7874686717987,96.90549969673157,95.72590589523315,99.40199255943298,96.91140055656433,107.44075775146484,102.06267833709717,103.30257415771484,98.60485792160034,,,,,99.08724427223206
1993,Red Sox,104.11790609359741,106.66059255599976,109.32735204696655,104.14401292800903,111.57428026199341,98.56319427490234,96.96487188339233,99.85870718955994,102.61467695236206,,,,,99.78931546211243
1993,Reds,101.00100040435791,99.97282028198242,99.08356070518494,97.64506220817566,102.5354266166687,91.79521799087524,105.46225309371948,97.9645848274231,104.04057502746582,,,,,103.03601026535034
1993,Rockies,113.59230279922485,119.41757202148438,123.20261001586914,105.85989952087402,104.00549173355103,163.2620334625244,105.66635131835938,97.44001626968384,103.45052480697632,,,,,103.78584861755371
1993,Royals,101.705002784729,105.03576993942261,105.63727617263794,101.70440673828125,107.77952671051025,128.33856344223022,87.94376850128174,94.50446367263794,97.84655570983887,,,,,98.09041023254395
1993,Tigers,101.6374945640564,100.41303634643555,99.68001246452332,98.96953105926514,95.64349055290222,97.10536003112793,108.4654450416565,100.92860460281372,102.88922786712646,,,,,103.16050052642822
1993,Twins,101.81937217712402,101.13582611083984,103.9823055267334,100.19183158874512,103.77944707870483,114.08551931381226,100.73456764221191,102.87429094314575,101.38111114501953,,,,,99.72737431526184
1993,White Sox,97.43605852127075,96.59649729728699,99.6144711971283,100.16152858734131,95.01373171806335,100.93845129013062,98.06823134422302,97.07489013671875,97.9229748249054,,,,,99.29627180099487
1993,Yankees,98.56992959976196,96.48734331130981,93.38646531105042,99.4566261768341,95.95059752464294,86.39712333679199,102.97130346298218,97.49354720115662,97.19481468200684,,,,,100.56753158569336
1994,Angels,101.05812549591064,101.64741277694702,102.55255699157715,100.4364013671875,96.60506844520569,83.81056189537048,106.51918649673462,102.21437215805054,98.73393774032593,,,,,101.34040117263794
1994,Astros,94.33345794677734,93.81613731384277,96.91258072853088,97.9249656200409,99.05325174331665,93.74684691429138,91.36136770248413,104.5100450515747,97.90121912956238,,,,,95.65987586975098
1994,Athletics,95.7658052444458,92.22001433372498,91.55383706092834,98.48127961158752,92.81237721443176,92.266184091568,98.31786155700684,101.68678760528564,98.80484938621521,,,,,98.6105740070343
1994,Blue Jays,100.38564205169678,100.6163239479065,96.937495470047,97.63287305831909,103.2339096069336,111.24200820922852,104.71069812774658,102.41999626159668,100.61564445495605,,,,,101.20928287506104
1994,Braves,100.876784324646,100.06217956542969,96.96029424667358,100.90161561965942,98.63109588623047,91.71618819236755,103.93918752670288,97.36350774765015,99.31942820549011,,,,,101.51726007461548
1994,Brewers,100.73217153549194,104.49079275131226,105.92042207717896,102.4685263633728,98.76468181610107,100.08412599563599,93.41242909431458,97.82642722129822,102.25883722305298,,,,,99.09534454345703
1994,Cardinals,98.70498776435852,97.96724915504456,100.01258850097656,99.65004920959473,102.28133201599121,99.69996809959412,95.90229988098145,99.30888414382935,98.56365323066711,,,,,98.70395064353943
1994,Cubs,100.00466108322144,99.15742874145508,92.6362931728363,99.84738826751709,99.22930598258972,103.4502625465393,103.34563255310059,100.85510015487671,101.39473676681519,,,,,101.13081932067871
1994,Dodgers,93.31356287002563,92.84425973892212,89.73146677017212,100.35333633422852,89.54047560691833,79.6436071395874,90.29315710067749,98.73679876327515,95.95429301261902,,,,,96.13646864891052
1994,Expos,101.95655822753906,99.4269073009491,103.53573560714722,98.47118854522705,106.74929618835449,106.30027055740356,95.73161005973816,98.11989665031433,102.05469131469727,,,,,99.48345422744751
1994,Giants,96.91314101219177,94.5424735546112,98.7502932548523,97.91012406349182,97.97887802124023,88.75817060470581,99.33184385299683,100.9900689125061,99.16959404945374,,,,,99.61330890655518
1994,Indians,100.84748268127441,99.612957239151,103.56096029281616,101.06803178787231,103.31671237945557,94.58736777305603,97.24435210227966,98.85476231575012,100.9509801864624,,,,,99.39890503883362
1994,Mariners,100.36801099777222,101.22408866882324,104.48200702667236,97.20168113708496,108.8312029838562,91.90075993537903,100.94747543334961,104.5758605003357,102.58928537368774,,,,,100.25696754455566
1994,Marlins,99.43127632141113,102.55744457244873,109.8049521446228,100.99908113479614,95.769202709198,109.46388244628906,96.8220055103302,101.0919451713562,102.00204849243164,,,,,99.6123731136322
1994,Mets,96.51741981506348,98.55220913887024,104.10745143890381,100.55373907089233,94.79902982711792,98.77663850784302,97.59784936904907,100.34036636352539,97.70867824554443,,,,,99.01216626167297
1994,Orioles,100.51121711730957,103.98416519165039,105.89092969894409,100.3466010093689,96.28607034683228,91.6144609451294,104.37690019607544,100.359046459198,100.12776851654053,,,,,101.31728649139404
1994,Padres,98.84667992591858,97.23669290542603,99.80690479278564,99.62009191513062,94.91209983825684,95.46365737915039,108.67438316345215,100.3455638885498,99.56819415092468,,,,,102.01016664505005
1994,Phillies,100.29418468475342,101.97466611862183,96.44741415977478,99.0294098854065,104.36720848083496,102.52406597137451,99.03574585914612,102.128005027771,99.73194599151611,,,,,99.01384711265564
1994,Pirates,101.54353380203247,102.30399370193481,100.4117488861084,99.66275095939636,104.91019487380981,101.13656520843506,98.60676527023315,101.2574315071106,102.04365253448486,,,,,99.62254166603088
1994,Rangers,103.29362154006958,102.87107229232788,94.9790358543396,102.78950929641724,99.62087273597717,121.04247808456421,99.90957975387573,98.26322793960571,100.35383701324463,,,,,100.48871040344238
1994,Red Sox,104.44586277008057,104.33176755905151,103.35303544998169,103.8927674293518,111.7979645729065,102.3403525352478,98.09129238128662,99.75133538246155,101.10481977462769,,,,,99.49924945831299
1994,Reds,99.51531887054443,98.58890175819397,99.26185607910156,97.36742973327637,101.41080617904663,92.64945983886719,100.1587986946106,98.2833981513977,102.96165943145752,,,,,101.09200477600098
1994,Rockies,113.59230279922485,119.41757202148438,114.38167095184326,105.85989952087402,104.00549173355103,163.2620334625244,105.66635131835938,97.44001626968384,103.45052480697632,,,,,103.78584861755371
1994,Royals,101.20749473571777,102.81121730804443,108.06423425674438,101.50381326675415,106.50321245193481,123.76880645751953,90.36998748779297,93.8387930393219,96.89858555793762,,,,,98.6010491847992
1994,Tigers,100.5946397781372,101.44914388656616,100.95572471618652,98.41954708099365,96.50204181671143,98.11110496520996,106.72167539596558,101.57032012939453,101.34196281433105,,,,,102.29271650314331
1994,Twins,101.80588960647583,101.81572437286377,98.37670922279358,99.15950298309326,104.04928922653198,108.96826982498169,101.5138030052185,102.91365385055542,101.70489549636841,,,,,99.97627139091492
1994,White Sox,95.9518313407898,97.24509119987488,95.4885721206665,99.98602867126465,92.3369288444519,98.61726760864258,95.47553062438965,96.43355011940002,98.25342893600464,,,,,98.80364537239075
1994,Yankees,98.43583106994629,95.54968476295471,91.96227788925171,100.30090808868408,95.61719298362732,88.27139139175415,101.19632482528687,96.76291942596436,97.51039147377014,,,,,100.34972429275513
1995,Angels,101.29562616348267,99.13986921310425,97.95199036598206,99.6165931224823,97.65229225158691,82.33945965766907,109.46646928787231,102.99386978149414,99.33357238769531,,,,,102.40635871887207
1995,Astros,94.33286786079407,92.6078736782074,89.01888132095337,97.03884720802307,99.09819960594177,99.09948110580444,91.31925106048584,104.21340465545654,95.48519253730774,,,,,94.72637176513672
1995,Athletics,96.93142175674438,95.28295993804932,91.66445732116699,100.22517442703247,95.6836462020874,89.76072072982788,97.75099158287048,100.30680894851685,99.0755021572113,,,,,98.95128011703491
1995,Blue Jays,100.01778602600098,99.58666563034058,100.06548166275024,98.26205968856812,102.12398767471313,112.27645874023438,103.10723781585693,102.25672721862793,100.1326322555542,,,,,100.68198442459106
1995,Braves,100.876784324646,101.63146257400513,103.98075580596924,100.90161561965942,98.63109588623047,91.71618819236755,103.93918752670288,97.36350774765015,99.31942820549011,,,,,101.51726007461548
1995,Brewers,102.54601240158081,105.39801120758057,109.88049507141113,103.48888635635376,102.14875936508179,105.13027906417847,95.01649141311646,98.94277453422546,103.30899953842163,,,,,99.701589345932
1995,Cardinals,97.87894487380981,99.765944480896,101.89317464828491,99.2866039276123,102.60448455810547,92.9753303527832,95.16319036483765,98.81260991096497,98.69531393051147,,,,,98.27229380607605
1995,Cubs,100.95115900039673,98.85716438293457,100.9615421295166,100.75652599334717,97.38147258758545,96.22341990470886,106.24295473098755,100.83223581314087,101.42738819122314,,,,,101.9035816192627
1995,Dodgers,92.76396632194519,90.27209281921387,91.15039706230164,99.18617606163025,88.63595128059387,76.06950402259827,92.7090048789978,98.49709272384644,96.3611900806427,,,,,96.97362780570984
1995,Expos,101.0408878326416,102.28303670883179,98.76051545143127,99.07752871513367,106.6049337387085,107.22382068634033,94.90424990653992,98.90141487121582,103.0540943145752,,,,,99.186110496521
1995,Giants,96.69466018676758,97.59313464164734,94.4476068019867,97.75109887123108,97.15622067451477,87.4565839767456,98.55128526687622,102.82405614852905,101.20543241500854,,,,,99.32985305786133
1995,Indians,100.84748268127441,99.612957239151,93.7703549861908,101.06803178787231,103.31671237945557,94.58736777305603,97.24435210227966,98.85476231575012,100.9509801864624,,,,,99.39890503883362
1995,Mariners,100.31483173370361,100.57029724121094,101.35215520858765,96.69244885444641,106.58471584320068,90.21490216255188,101.3872742652893,105.05632162094116,104.13249731063843,,,,,100.38788318634033
1995,Marlins,99.43127632141113,99.24388527870178,97.7971076965332,100.99908113479614,95.769202709198,109.46388244628906,96.8220055103302,101.0919451713562,102.00204849243164,,,,,99.6123731136322
1995,Mets,97.28954434394836,95.75834274291992,95.06469964981079,100.72058439254761,95.55892944335938,98.7149178981781,97.07765579223633,100.47054290771484,98.39787483215332,,,,,98.8040566444397
1995,Orioles,100.55023431777954,99.61578249931335,101.39966011047363,100.9937047958374,95.49558162689209,85.04838943481445,104.99876737594604,100.7636308670044,99.4333803653717,,,,,101.2104868888855
1995,Padres,96.53680324554443,95.90968489646912,93.12100410461426,98.2046902179718,94.26375031471252,95.65695524215698,105.4845929145813,101.27671957015991,97.02166318893433,,,,,100.27462244033813
1995,Phillies,100.14634132385254,100.51747560501099,109.26421880722046,98.99694323539734,106.89120292663574,98.94720911979675,98.79618883132935,101.49657726287842,99.04881119728088,,,,,99.22996759414673
1995,Pirates,102.01078653335571,102.9091477394104,106.1083436012268,98.75123500823975,103.96159887313843,104.23461198806763,101.78650617599487,100.95362663269043,100.80767869949341,,,,,100.52783489227295
1995,Rangers,103.29362154006958,102.87107229232788,105.7522177696228,102.78950929641724,99.62087273597717,121.04247808456421,99.90957975387573,98.26322793960571,100.35383701324463,,,,,100.48871040344238
1995,Red Sox,103.13810110092163,103.22209596633911,100.31270980834961,102.88230180740356,110.9147310256958,103.10121774673462,97.03196883201599,100.32213926315308,101.21551752090454,,,,,99.03841614723206
1995,Reds,99.8486578464508,98.95358085632324,97.48421311378479,97.87257313728333,102.67742872238159,94.34975981712341,99.05858635902405,97.88281917572021,103.34514379501343,,,,,100.9181261062622
1995,Rockies,123.06336164474487,124.66728687286377,128.59281301498413,112.2894287109375,111.06806993484497,128.2892346382141,126.94182395935059,95.6656813621521,102.77148485183716,,,,,111.10445261001587
1995,Royals,101.91243886947632,99.7928261756897,96.06800079345703,101.9829511642456,105.32839298248291,125.42909383773804,95.39949297904968,93.5805082321167,98.15676808357239,,,,,100.82516670227051
1995,Tigers,100.58979988098145,100.99184513092041,103.98457050323486,97.70410656929016,95.05996704101562,100.15679597854614,106.34852647781372,101.27757787704468,101.74112319946289,,,,,102.13155746459961
1995,Twins,102.04939842224121,101.81378126144409,102.38444805145264,99.43235516548157,103.76774072647095,103.12100648880005,100.47544240951538,102.52741575241089,100.63096284866333,,,,,99.55279231071472
1995,White Sox,96.33587002754211,94.51416730880737,96.52003049850464,99.57144856452942,94.66844201087952,104.21669483184814,94.42445635795593,96.97439670562744,98.01205396652222,,,,,98.11953902244568
1995,Yankees,96.75140380859375,98.19462299346924,101.38036012649536,99.72054362297058,95.0519859790802,90.74535965919495,99.33656454086304,96.8831717967987,95.70217728614807,,,,,98.92866015434265
1996,Angels,99.85061883926392,100.18070936203003,97.88615107536316,98.88150691986084,97.2754180431366,87.02399730682373,105.84454536437988,102.67058610916138,99.45125579833984,,,,,101.0899305343628
1996,Astros,94.73743438720703,92.046719789505,93.07972192764282,96.95166349411011,101.44039392471313,96.84720635414124,92.30087995529175,104.49893474578857,96.5522289276123,,,,,95.16038298606873
1996,Athletics,96.86511754989624,98.92537593841553,101.22652053833008,100.08034706115723,96.31680846214294,92.8322434425354,96.9926118850708,98.99855852127075,98.79334568977356,,,,,99.24017190933228
1996,Blue Jays,99.48323369026184,99.4468092918396,101.13188028335571,97.83068299293518,101.90014839172363,102.47659683227539,99.7243344783783,102.23289728164673,100.71340799331665,,,,,99.57008361816406
1996,Braves,100.876784324646,101.63146257400513,103.16089391708374,100.90161561965942,98.63109588623047,91.71618819236755,103.93918752670288,97.36350774765015,99.31942820549011,,,,,101.51726007461548
1996,Brewers,103.10096740722656,103.48609685897827,101.52298212051392,103.46498489379883,102.37778425216675,101.88231468200684,96.31428718566895,97.77398109436035,103.05507183074951,,,,,100.49595832824707
1996,Cardinals,99.49090480804443,98.56951236724854,98.07010889053345,99.5385229587555,102.83322334289551,94.0673291683197,98.2309639453888,99.91390705108643,100.80167055130005,,,,,99.99185800552368
1996,Cubs,100.50644874572754,102.7786135673523,101.6495943069458,101.03658437728882,97.10487127304077,93.74963641166687,104.73161935806274,100.41778087615967,101.11044645309448,,,,,101.48102045059204
1996,Dodgers,91.77343249320984,90.92625975608826,89.98660445213318,97.83494472503662,88.57535719871521,75.31673908233643,92.86941885948181,98.7771213054657,95.36205530166626,,,,,96.7974066734314
1996,Expos,99.63515996932983,102.00738906860352,104.8903226852417,99.60322976112366,103.8678765296936,108.22747945785522,93.77650618553162,99.53076839447021,102.03720331192017,,,,,98.4052062034607
1996,Giants,97.3938524723053,97.28118181228638,100.00426769256592,98.16126823425293,96.33876085281372,88.77924084663391,99.80396628379822,103.25390100479126,101.47126913070679,,,,,99.50004816055298
1996,Indians,100.84748268127441,98.32274913787842,102.40942239761353,101.06803178787231,103.31671237945557,94.58736777305603,97.24435210227966,98.85476231575012,100.9509801864624,,,,,99.39890503883362
1996,Mariners,100.40804147720337,99.67626333236694,97.32720851898193,96.8746542930603,105.91616630554199,89.9483859539032,102.33703851699829,104.59409952163696,104.62559461593628,,,,,100.99798440933228
1996,Marlins,98.20663928985596,96.17280960083008,93.77117156982422,99.99445676803589,95.31590342521667,110.83340644836426,96.08626365661621,100.44596195220947,100.92393159866333,,,,,99.14610385894775
1996,Mets,97.1264898777008,95.07794976234436,91.31839871406555,100.1878023147583,96.37205600738525,101.64182186126709,96.10827565193176,100.53783655166626,99.49588775634766,,,,,98.60537052154541
1996,Orioles,98.64742159843445,98.11267256736755,94.96439695358276,100.07532835006714,94.09432411193848,82.86572098731995,103.43071222305298,100.14030933380127,97.12290167808533,,,,,100.25991201400757
1996,Padres,94.23888921737671,94.32254433631897,95.88101506233215,97.15800285339355,92.54190921783447,88.39499950408936,101.96739435195923,102.02727317810059,96.5638816356659,,,,,98.519366979599
1996,Phillies,101.28570795059204,101.04390382766724,96.50537371635437,99.14804697036743,107.03926086425781,103.93441915512085,99.88958835601807,101.1136531829834,100.55303573608398,,,,,99.9851405620575
1996,Pirates,102.25056409835815,103.34985256195068,102.1697998046875,98.80898594856262,105.2753210067749,105.24716377258301,101.58789157867432,101.39613151550293,100.77003240585327,,,,,100.07023811340332
1996,Rangers,103.29362154006958,104.76032495498657,106.47019147872925,102.78950929641724,99.62087273597717,121.04247808456421,99.90957975387573,98.26322793960571,100.35383701324463,,,,,100.48871040344238
1996,Red Sox,101.58004760742188,102.02456712722778,105.98858594894409,102.59748697280884,108.53627920150757,102.89794206619263,97.4414050579071,100.72569847106934,100.05170106887817,,,,,98.59772324562073
1996,Reds,100.1734733581543,100.2145767211914,100.05990266799927,96.96181416511536,103.67106199264526,99.18241500854492,98.25664758682251,98.1812834739685,104.28769588470459,,,,,100.8956789970398
1996,Rockies,123.06336164474487,124.66728687286377,131.7483901977539,112.2894287109375,111.06806993484497,128.2892346382141,126.94182395935059,95.6656813621521,102.77148485183716,,,,,111.10445261001587
1996,Royals,101.93431377410889,99.70588684082031,97.6000428199768,101.54619216918945,99.86918568611145,123.5714316368103,99.94155168533325,94.90143656730652,99.18319582939148,,,,,101.97478532791138
1996,Tigers,100.93796253204346,100.906503200531,98.73483777046204,98.02740812301636,94.57406401634216,98.26969504356384,107.59239196777344,101.61877870559692,102.66127586364746,,,,,102.82801389694214
1996,Twins,101.32097005844116,102.71439552307129,103.84770631790161,99.83465671539307,102.7945876121521,105.2187442779541,101.00114345550537,102.40180492401123,100.92352628707886,,,,,99.69080686569214
1996,White Sox,96.5452492237091,94.98119354248047,92.06572771072388,99.30737018585205,96.28364443778992,105.31649589538574,93.60326528549194,96.32599949836731,98.18271994590759,,,,,97.94890880584717
1996,Yankees,97.51450419425964,98.66353869438171,100.36356449127197,100.11091232299805,98.49491715431213,90.84782600402832,98.32073450088501,97.59407639503479,95.60098648071289,,,,,98.45768213272095
1997,Angels,99.44450855255127,99.72962737083435,104.9681544303894,98.64868521690369,97.80288338661194,89.0389621257782,104.7849178314209,102.17276811599731,100.13883113861084,,,,,101.05245113372803
1997,Astros,94.48177814483643,95.20192742347717,94.07480359077454,96.59259915351868,101.95053815841675,100.91172456741333,89.582759141922,104.98226881027222,97.12353348731995,,,,,94.24000978469849
1997,Athletics,97.88068532943726,99.19325709342957,103.59053611755371,100.00852346420288,97.42241501808167,91.93103313446045,97.3712682723999,97.88163900375366,97.96425104141235,,,,,99.26236867904663
1997,Blue Jays,100.20385980606079,99.84065890312195,96.92133665084839,98.24830889701843,104.53416109085083,100.40446519851685,98.32608699798584,101.38649940490723,100.84747076034546,,,,,99.3901014328003
1997,Braves,98.9402174949646,97.74807095527649,99.1938829421997,100.82327127456665,98.37738871574402,99.32525753974915,97.06079959869385,98.92622232437134,99.14759993553162,,,,,98.69455099105835
1997,Brewers,102.14574337005615,101.0047197341919,99.7291088104248,103.47516536712646,100.50826072692871,99.42408204078674,96.45019173622131,96.46070003509521,101.60219669342041,,,,,100.29451847076416
1997,Cardinals,99.48617815971375,98.69937300682068,96.3392972946167,99.9206006526947,101.06439590454102,90.13170003890991,99.68028664588928,98.88238906860352,101.08988285064697,,,,,101.06205940246582
1997,Cubs,102.66649723052979,102.44035720825195,105.81928491592407,101.65519714355469,99.58570599555969,95.5493688583374,106.1833381652832,100.54893493652344,101.70680284500122,,,,,102.05157995223999
1997,Dodgers,93.10151934623718,91.09988808631897,91.657954454422,98.5686719417572,89.54272270202637,76.26155018806458,94.31348443031311,97.99358248710632,95.5601155757904,,,,,97.55486249923706
1997,Expos,99.94115829467773,98.98676872253418,102.18454599380493,99.20597672462463,103.91913652420044,108.2958459854126,94.2288875579834,99.59239959716797,101.9200325012207,,,,,98.82643222808838
1997,Giants,95.71558833122253,97.66349196434021,97.1896231174469,97.50692248344421,95.1451301574707,89.62571024894714,99.02879595756531,103.55679988861084,100.13265609741211,,,,,98.64793419837952
1997,Indians,100.96029043197632,102.66540050506592,98.39907884597778,101.9661545753479,101.77571773529053,95.69852948188782,97.65025973320007,100.07621049880981,101.02993249893188,,,,,99.11787509918213
1997,Mariners,100.40804147720337,99.27471280097961,100.85176229476929,96.8746542930603,105.91616630554199,89.9483859539032,102.33703851699829,104.59409952163696,104.62559461593628,,,,,100.99798440933228
1997,Marlins,96.06166481971741,95.61606049537659,97.11339473724365,99.03530478477478,95.19755840301514,110.21071672439575,93.01800727844238,100.8622407913208,100.93185901641846,,,,,98.16171526908875
1997,Mets,96.07976078987122,95.74602246284485,99.25529956817627,99.70248341560364,95.97097635269165,98.58797788619995,94.91627216339111,101.07280015945435,98.61608743667603,,,,,97.86993265151978
1997,Orioles,97.913259267807,96.24658823013306,99.19745326042175,100.53911209106445,93.31815242767334,83.89925956726074,101.92160606384277,100.29486417770386,97.86662459373474,,,,,100.08151531219482
1997,Padres,93.92600655555725,92.41988062858582,93.96703243255615,98.72259497642517,91.9911801815033,90.3604507446289,98.53682518005371,101.90814733505249,96.43355011940002,,,,,97.53901362419128
1997,Phillies,101.93895101547241,100.56393146514893,99.1447389125824,98.87859225273132,106.34931325912476,105.14512062072754,100.67590475082397,102.97127962112427,102.10108757019043,,,,,100.04758834838867
1997,Pirates,102.04100608825684,101.93778276443481,102.23367214202881,98.03648591041565,104.93911504745483,105.38022518157959,101.94004774093628,101.98211669921875,101.00914239883423,,,,,99.82526898384094
1997,Rangers,104.47890758514404,105.28746843338013,102.20891237258911,103.04737091064453,99.88102912902832,121.36083841323853,102.56401300430298,98.0160117149353,100.57495832443237,,,,,101.66709423065186
1997,Red Sox,101.90025568008423,101.90368890762329,99.45905208587646,102.51021385192871,108.73576402664185,102.328360080719,96.07939720153809,100.62917470932007,99.41046237945557,,,,,97.9642927646637
1997,Reds,100.00721216201782,101.2592077255249,103.17468643188477,96.91147208213806,103.06379795074463,97.59758114814758,99.7950792312622,98.49620461463928,103.92698049545288,,,,,101.14153623580933
1997,Rockies,123.06336164474487,124.0153431892395,115.07866382598877,112.2894287109375,111.06806993484497,128.2892346382141,126.94182395935059,95.6656813621521,102.77148485183716,,,,,111.10445261001587
1997,Royals,100.93607902526855,102.64973640441895,105.26348352432251,101.82551145553589,97.55540490150452,121.46339416503906,100.58568716049194,95.2694833278656,99.04081225395203,,,,,101.96985006332397
1997,Tigers,100.94656944274902,100.20284652709961,100.71258544921875,97.44879007339478,94.46907639503479,99.8944640159607,108.96836519241333,101.11993551254272,102.6630163192749,,,,,103.49410772323608
1997,Twins,102.2889494895935,101.93508863449097,101.79190635681152,99.74883794784546,105.62765598297119,107.0225477218628,100.51734447479248,102.56932973861694,101.25551223754883,,,,,99.71871376037598
1997,White Sox,96.7664897441864,96.15232944488525,96.7588484287262,99.42622780799866,96.18477821350098,105.3077220916748,94.24367547035217,96.63268327713013,98.66251349449158,,,,,98.30579161643982
1997,Yankees,97.13389873504639,97.42386937141418,94.65577602386475,99.86004829406738,98.25624823570251,88.79144191741943,97.22104072570801,98.2982337474823,97.60346412658691,,,,,98.50069880485535
1998,Angels,100.07896423339844,100.40465593338013,96.67490124702454,99.66654777526855,98.51630330085754,87.11342811584473,105.08924722671509,101.14448070526123,99.46851134300232,,,,,101.28355026245117
1998,Astros,94.43527460098267,95.78680396080017,98.63703846931458,96.56233787536621,101.97011232376099,100.92066526412964,89.50595259666443,105.0355315208435,97.09765911102295,,,,,94.19177770614624
1998,Athletics,98.52648377418518,98.30371141433716,93.12610030174255,99.53219294548035,98.13956022262573,94.89743709564209,97.5733995437622,98.00859093666077,98.26555848121643,,,,,99.40531253814697
1998,Blue Jays,100.49101114273071,99.97228384017944,101.16831064224243,98.294997215271,105.57553768157959,97.9399025440216,98.21122288703918,100.01020431518555,100.30103921890259,,,,,99.31965470314026
1998,Braves,98.93026947975159,97.72740006446838,100.20027160644531,100.83132982254028,98.36235046386719,99.31886792182922,97.03440070152283,98.9161491394043,99.13955926895142,,,,,98.68236184120178
1998,Brewers,99.91228580474854,100.49059391021729,101.56550407409668,101.99607610702515,98.49166870117188,97.56324887275696,95.3997552394867,96.69216275215149,101.44528150558472,,,,,99.93499517440796
1998,Cardinals,99.27687644958496,99.23703074455261,101.44649744033813,99.183589220047,99.20248985290527,88.83458375930786,101.82498693466187,100.00754594802856,102.70141363143921,,,,,101.50610208511353
1998,Cubs,100.50376653671265,104.03187274932861,100.29211044311523,101.42244100570679,97.5708544254303,92.60154962539673,103.45886945724487,100.59541463851929,100.88512897491455,,,,,101.19645595550537
1998,Devil Rays,100.63782930374146,101.3098955154419,104.1490912437439,99.88349080085754,103.16977500915527,106.58649206161499,100.87674856185913,100.91880559921265,98.82413744926453,,,,,100.33708810806274
1998,Diamondbacks,102.30919122695923,100.02034902572632,101.61068439483643,101.63220167160034,102.53623723983765,127.3809552192688,100.55161714553833,97.45233654975891,98.85786771774292,,,,,100.74597597122192
1998,Dodgers,93.26025247573853,93.39314699172974,91.59753918647766,97.78090715408325,90.28931260108948,77.72035002708435,96.68639898300171,98.85547161102295,95.89155316352844,,,,,98.17799925804138
1998,Expos,100.04515647888184,98.76551628112793,90.92038869857788,98.83021712303162,103.15003395080566,105.43478727340698,98.0344831943512,99.4392454624176,100.20341873168945,,,,,99.99669194221497
1998,Giants,95.67834734916687,93.92622709274292,95.77553272247314,97.484290599823,95.10353207588196,89.54912424087524,99.01965856552124,103.59373092651367,100.1339316368103,,,,,98.63532781600952
1998,Indians,102.24894285202026,102.83843278884888,107.75773525238037,102.45496034622192,102.45423316955566,97.6529598236084,99.70259070396423,99.86429810523987,101.62665843963623,,,,,100.10037422180176
1998,Mariners,100.40804147720337,99.27471280097961,99.85683560371399,96.8746542930603,105.91616630554199,89.9483859539032,102.33703851699829,104.59409952163696,104.62559461593628,,,,,100.99798440933228
1998,Marlins,95.76382040977478,95.54198980331421,95.91651558876038,98.13627004623413,95.82880735397339,107.72700309753418,93.0925965309143,101.37054920196533,101.66929960250854,,,,,98.23312163352966
1998,Mets,95.81045508384705,97.38213419914246,97.22847938537598,99.4166910648346,96.09626531600952,92.05085635185242,93.52509379386902,101.3292670249939,98.90656471252441,,,,,97.12966680526733
1998,Orioles,96.92366123199463,97.7277398109436,95.02297043800354,100.2381682395935,90.6990647315979,84.65538024902344,100.99563598632812,100.20406246185303,98.33897948265076,,,,,99.83627796173096
1998,Padres,93.60883831977844,92.41729974746704,87.23150491714478,98.50198030471802,92.39819049835205,89.92537260055542,97.59677052497864,103.01992893218994,95.22116780281067,,,,,96.75799012184143
1998,Phillies,101.01957321166992,102.19085216522217,106.33214712142944,98.66319298744202,107.9298734664917,110.96287965774536,97.59968519210815,104.08353805541992,102.68851518630981,,,,,98.78918528556824
1998,Pirates,100.71768760681152,101.20384693145752,101.4159083366394,97.11424112319946,103.54880094528198,108.07641744613647,101.63333415985107,102.22190618515015,100.08418560028076,,,,,99.25649762153625
1998,Rangers,104.25292253494263,104.2883038520813,107.04444646835327,102.43357419967651,101.48153305053711,117.04531908035278,103.61733436584473,97.56157994270325,101.28074884414673,,,,,102.39100456237793
1998,Red Sox,101.9521713256836,101.25448703765869,100.05788803100586,103.1011700630188,107.0052981376648,104.96009588241577,95.38523554801941,100.87627172470093,98.88571500778198,,,,,97.5648045539856
1998,Reds,101.67577266693115,100.79227685928345,100.7502555847168,97.47952222824097,103.6831259727478,98.53261709213257,101.92753076553345,98.65191578865051,104.11131381988525,,,,,101.68827772140503
1998,Rockies,123.6083984375,123.10267686843872,126.50495767593384,113.02350759506226,110.95671653747559,121.90265655517578,126.04787349700928,95.91526985168457,103.56433391571045,,,,,110.93872785568237
1998,Royals,102.21617221832275,103.59508991241455,105.25072813034058,102.9482364654541,98.38452935218811,123.66945743560791,102.57612466812134,96.11383080482483,98.64273071289062,,,,,102.15805768966675
1998,Tigers,100.94656944274902,101.09961032867432,101.4846920967102,97.44879007339478,94.46907639503479,99.8944640159607,108.96836519241333,101.11993551254272,102.6630163192749,,,,,103.49410772323608
1998,Twins,103.13255786895752,102.09294557571411,99.88046884536743,100.91091394424438,106.92440271377563,109.34323072433472,98.66786599159241,102.17280387878418,101.14233493804932,,,,,99.46407675743103
1998,White Sox,98.2631504535675,97.91257381439209,99.74184036254883,99.03961420059204,96.52434587478638,100.06769895553589,98.23769927024841,97.33417630195618,99.20448660850525,,,,,99.61376786231995
1998,Yankees,97.57208824157715,94.40039396286011,97.2639799118042,99.35718178749084,97.69027829170227,87.42709159851074,98.86420369148254,98.73436689376831,98.61078262329102,,,,,99.37504529953003
1999,Angels,101.55661106109619,99.3137001991272,99.69877004623413,100.62525272369385,99.76524710655212,90.19599556922913,104.19450998306274,99.63365197181702,100.48940181732178,,,,,101.73580646514893
1999,Astros,94.43527460098267,95.78680396080017,94.73684430122375,96.56233787536621,101.97011232376099,100.92066526412964,89.50595259666443,105.0355315208435,97.09765911102295,,,,,94.19177770614624
1999,Athletics,97.66784310340881,95.82643508911133,98.577219247818,98.97059202194214,97.21094369888306,90.71570634841919,98.22767376899719,98.18577766418457,98.83759617805481,,,,,100.05800724029541
1999,Blue Jays,101.42830610275269,101.37355327606201,101.34687423706055,98.21460843086243,105.51458597183228,96.3519811630249,97.2579300403595,99.26029443740845,101.09999179840088,,,,,99.27618503570557
1999,Braves,98.93026947975159,98.00708293914795,94.26578283309937,100.83132982254028,98.36235046386719,99.31886792182922,97.03440070152283,98.9161491394043,99.13955926895142,,,,,98.68236184120178
1999,Brewers,99.91228580474854,99.33218955993652,100.19686222076416,101.99607610702515,98.49166870117188,97.56324887275696,95.3997552394867,96.69216275215149,101.44528150558472,,,,,99.93499517440796
1999,Cardinals,99.44833517074585,100.4035472869873,99.72914457321167,99.46106672286987,97.55067229270935,90.76269268989563,101.91171169281006,99.70238208770752,102.81769037246704,,,,,101.59633159637451
1999,Cubs,99.64039325714111,98.76307845115662,106.24949932098389,101.11979246139526,96.78429365158081,89.67713117599487,101.80827379226685,100.87869167327881,101.2359619140625,,,,,100.59940814971924
1999,Devil Rays,100.63782930374146,101.3098955154419,100.38713216781616,99.88349080085754,103.16977500915527,106.58649206161499,100.87674856185913,100.91880559921265,98.82413744926453,,,,,100.33708810806274
1999,Diamondbacks,102.30919122695923,100.02034902572632,97.23247289657593,101.63220167160034,102.53623723983765,127.3809552192688,100.55161714553833,97.45233654975891,98.85786771774292,,,,,100.74597597122192
1999,Dodgers,93.41583251953125,93.62561106681824,96.66564464569092,97.74540662765503,91.91977977752686,80.31039834022522,98.19307923316956,99.0199089050293,97.42316007614136,,,,,99.10193085670471
1999,Expos,100.34763813018799,98.01608324050903,103.64047288894653,99.26910996437073,104.60020303726196,97.32239246368408,98.51197004318237,100.14469623565674,99.44818615913391,,,,,99.59805607795715
1999,Giants,95.67834734916687,93.92622709274292,89.52056169509888,97.484290599823,95.10353207588196,89.54912424087524,99.01965856552124,103.59373092651367,100.1339316368103,,,,,98.63532781600952
1999,Indians,102.00507640838623,103.91125679016113,102.90793180465698,102.69227027893066,101.16372108459473,92.72910356521606,103.23835611343384,99.84220266342163,100.73596239089966,,,,,101.38281583786011
1999,Mariners,96.14320993423462,96.01489901542664,102.80823707580566,97.52097725868225,94.6309745311737,88.24120759963989,96.06045484542847,101.1559009552002,101.55309438705444,,,,,98.1676459312439
1999,Marlins,96.22282385826111,95.24439573287964,93.81353259086609,98.30317497253418,96.8904197216034,110.52560806274414,94.39107179641724,102.50363349914551,102.31540203094482,,,,,98.4878659248352
1999,Mets,96.39543890953064,95.55018544197083,95.82754969596863,98.77649545669556,96.85619473457336,95.24568915367126,94.21170949935913,101.78344249725342,98.82143139839172,,,,,97.07996845245361
1999,Orioles,96.6412901878357,96.40883803367615,99.11549687385559,100.31706094741821,90.52754044532776,84.03555154800415,100.56909322738647,99.71982836723328,98.36236834526062,,,,,99.82630014419556
1999,Padres,92.85387992858887,91.59750938415527,95.94659805297852,97.40267992019653,91.18180871009827,90.52346348762512,96.1950421333313,103.92842292785645,95.71463465690613,,,,,96.34019732475281
1999,Phillies,101.25120878219604,103.29858064651489,101.4075517654419,97.85892367362976,107.31089115142822,110.25515794754028,98.24597239494324,103.98017168045044,103.20076942443848,,,,,99.0468978881836
1999,Pirates,100.71768760681152,99.87801313400269,99.95962381362915,97.11424112319946,103.54880094528198,108.07641744613647,101.63333415985107,102.22190618515015,100.08418560028076,,,,,99.25649762153625
1999,Rangers,103.02160978317261,104.94683980941772,103.50719690322876,102.25942134857178,101.76272392272949,117.68995523452759,102.73884534835815,97.20352292060852,100.50499439239502,,,,,102.18497514724731
1999,Red Sox,100.92889070510864,101.72765254974365,104.6099305152893,102.76557207107544,105.68125247955322,104.00786399841309,93.8722550868988,101.06481313705444,98.66380095481873,,,,,96.86287045478821
1999,Reds,101.48558616638184,102.06078290939331,98.72639775276184,98.32298159599304,104.22290563583374,92.11485981941223,102.60074138641357,98.6862063407898,103.47429513931274,,,,,101.78810358047485
1999,Rockies,121.5497612953186,128.22929620742798,128.31344604492188,111.80822849273682,109.36126708984375,121.5091347694397,123.05464744567871,96.2932288646698,103.08470726013184,,,,,109.85376834869385
1999,Royals,104.1948914527893,103.13260555267334,100.73851346969604,104.4378399848938,99.22598004341125,120.17878293991089,103.99450063705444,97.10733890533447,99.17780756950378,,,,,102.3879885673523
1999,Tigers,100.94656944274902,101.09961032867432,101.0872483253479,97.44879007339478,94.46907639503479,99.8944640159607,108.96836519241333,101.11993551254272,102.6630163192749,,,,,103.49410772323608
1999,Twins,102.58266925811768,103.9067029953003,104.78237867355347,100.91601610183716,106.77417516708374,109.76572036743164,96.93562388420105,102.55910158157349,100.40466785430908,,,,,98.51880669593811
1999,White Sox,100.19903182983398,100.58987140655518,97.09209203720093,99.05577898025513,98.80508184432983,100.07508993148804,101.82969570159912,98.52489829063416,100.25737285614014,,,,,101.01107358932495
1999,Yankees,97.4738359451294,97.16410040855408,91.45219922065735,98.0730652809143,98.17387461662292,87.37767934799194,100.51124095916748,99.3132472038269,98.4561026096344,,,,,99.60250854492188
2000,Angels,100.1078724861145,102.40793228149414,101.46628618240356,100.65203905105591,99.14306402206421,93.74331831932068,99.76275563240051,99.07262921333313,100.59242248535156,,,,,100.35967826843262
2000,Astros,103.54316234588623,105.25366067886353,106.77965879440308,100.00892877578735,99.97110366821289,118.99285316467285,105.07380962371826,100.49445629119873,98.11654686927795,,,,,100.8418083190918
2000,Athletics,97.57999777793884,96.90779447555542,95.79543471336365,97.84043431282043,96.55633568763733,93.65352392196655,98.71473908424377,99.31655526161194,98.68112802505493,,,,,99.44652915000916
2000,Blue Jays,101.75970792770386,103.02051305770874,101.54393911361694,97.91306853294373,107.2670578956604,91.26754999160767,99.47257041931152,99.25881624221802,100.85299015045166,,,,,99.98944401741028
2000,Braves,99.08189177513123,98.25907945632935,99.8771071434021,100.16758441925049,99.25202131271362,96.56479358673096,98.31987619400024,98.10786843299866,97.35033512115479,,,,,98.8044261932373
2000,Brewers,99.91228580474854,99.33218955993652,96.38965129852295,101.99607610702515,98.49166870117188,97.56324887275696,95.3997552394867,96.69216275215149,101.44528150558472,,,,,99.93499517440796
2000,Cardinals,99.13147687911987,99.63229894638062,100.11321306228638,99.109548330307,97.85094261169434,90.87749123573303,102.13809013366699,100.51839351654053,103.17497253417969,,,,,101.7216682434082
2000,Cubs,98.37538003921509,97.61928915977478,90.94401597976685,99.45544600486755,97.5323498249054,88.48050832748413,100.99284648895264,101.30715370178223,100.64593553543091,,,,,100.00132322311401
2000,Devil Rays,100.63782930374146,100.01803636550903,99.9282717704773,99.88349080085754,103.16977500915527,106.58649206161499,100.87674856185913,100.91880559921265,98.82413744926453,,,,,100.33708810806274
2000,Diamondbacks,102.30919122695923,101.2924313545227,101.4754056930542,101.63220167160034,102.53623723983765,127.3809552192688,100.55161714553833,97.45233654975891,98.85786771774292,,,,,100.74597597122192
2000,Dodgers,93.43991875648499,93.34223866462708,92.41271615028381,97.94204831123352,91.40785336494446,79.73933815956116,98.77632260322571,99.79959726333618,98.43499064445496,,,,,99.30438995361328
2000,Expos,100.10037422180176,103.06155681610107,99.5446264743805,99.04358983039856,104.67127561569214,94.80406045913696,99.53494668006897,99.51943755149841,98.87681603431702,,,,,100.08965730667114
2000,Giants,95.77903151512146,91.65127277374268,91.81742668151855,100.49508810043335,99.01984930038452,119.22502517700195,88.82630467414856,97.97015190124512,96.98918461799622,,,,,95.38789987564087
2000,Indians,102.57714986801147,101.88884735107422,101.60071849822998,102.40838527679443,101.58629417419434,90.26515483856201,105.376136302948,100.55325031280518,100.47756433486938,,,,,101.75113677978516
2000,Mariners,96.14320993423462,96.01489901542664,92.09121465682983,97.52097725868225,94.6309745311737,88.24120759963989,96.06045484542847,101.1559009552002,101.55309438705444,,,,,98.1676459312439
2000,Marlins,96.23988270759583,95.37609219551086,96.01411819458008,98.2137143611908,98.59273433685303,114.50809240341187,92.86989569664001,103.4915566444397,102.06446647644043,,,,,97.461599111557
2000,Mets,95.59845924377441,94.59819793701172,93.87825131416321,98.54242205619812,95.29586434364319,94.98251080513,95.24716138839722,101.97384357452393,98.4127938747406,,,,,97.3129153251648
2000,Orioles,96.43210172653198,95.81971764564514,95.1667070388794,100.40441751480103,90.59231877326965,85.04419922828674,100.70216655731201,99.24172163009644,99.23714399337769,,,,,100.34395456314087
2000,Padres,92.50782132148743,92.91548728942871,91.66850447654724,98.72631430625916,90.47091603279114,93.91891956329346,93.4502124786377,103.51662635803223,96.72500491142273,,,,,95.76272368431091
2000,Phillies,99.85068440437317,100.60305595397949,102.49501466751099,96.6917634010315,103.48228216171265,109.22788381576538,97.94442653656006,105.07223606109619,103.22335958480835,,,,,98.4736442565918
2000,Pirates,100.71768760681152,99.87801313400269,98.5150694847107,97.11424112319946,103.54880094528198,108.07641744613647,101.63333415985107,102.22190618515015,100.08418560028076,,,,,99.25649762153625
2000,Rangers,104.49519157409668,102.52010822296143,104.346764087677,101.93232297897339,102.91860103607178,115.02540111541748,104.83819246292114,97.75811433792114,100.33842325210571,,,,,102.60119438171387
2000,Red Sox,100.77779293060303,101.98022127151489,100.66865682601929,102.66170501708984,105.53069114685059,99.61106777191162,93.70803236961365,101.12062692642212,98.19852113723755,,,,,96.47563695907593
2000,Reds,102.21740007400513,101.47095918655396,106.92358016967773,98.67095947265625,105.3986668586731,87.35668063163757,104.50838804244995,98.8599419593811,103.42038869857788,,,,,102.50269174575806
2000,Rockies,122.59001731872559,126.2568473815918,129.73285913467407,110.89435815811157,109.49712991714478,126.19402408599854,125.98592042922974,96.76369428634644,103.83319854736328,,,,,110.68201065063477
2000,Royals,105.97395896911621,104.28528785705566,103.6615252494812,105.0471544265747,101.57893896102905,116.20258092880249,106.24711513519287,96.63746356964111,99.94871616363525,,,,,103.45494747161865
2000,Tigers,96.58864736557007,96.56110405921936,96.8313992023468,102.68065929412842,94.7264313697815,125.45183897018433,89.74694013595581,95.90507745742798,99.14864301681519,,,,,97.3901093006134
2000,Twins,101.99613571166992,104.2824387550354,107.17626810073853,100.32801628112793,107.21577405929565,116.08239412307739,95.3012764453888,101.78115367889404,101.51420831680298,,,,,98.29118251800537
2000,White Sox,101.23937129974365,101.54579877853394,104.8591136932373,99.58944320678711,98.2165277004242,94.39516067504883,104.91065979003906,98.00427556037903,100.84043741226196,,,,,102.50331163406372
2000,Yankees,98.04518818855286,98.01875948905945,103.2616138458252,97.91468381881714,97.9232132434845,84.77029204368591,101.24261379241943,99.9255359172821,98.86050224304199,,,,,99.89359974861145
2001,Angels,99.48025345802307,101.47796869277954,106.73251152038574,101.04479789733887,100.54419040679932,89.49481844902039,99.23815131187439,98.78005385398865,100.24669170379639,,,,,100.30269622802734
2001,Astros,103.54316234588623,105.25366067886353,104.59825992584229,100.00892877578735,99.97110366821289,118.99285316467285,105.07380962371826,100.49445629119873,98.11654686927795,,,,,100.8418083190918
2001,Athletics,97.85898923873901,98.40330481529236,96.3044822216034,97.53625988960266,97.60112166404724,91.75447225570679,99.71184134483337,99.45356845855713,98.78313541412354,,,,,99.74457621574402
2001,Blue Jays,102.41038799285889,102.42100954055786,106.98022842407227,98.52125644683838,108.20801258087158,92.24950671195984,101.09826326370239,99.43612813949585,100.70611238479614,,,,,100.5815863609314
2001,Braves,98.43404293060303,100.37016868591309,101.10456943511963,99.78314638137817,96.93134427070618,94.15008425712585,97.59538769721985,97.4679708480835,97.79053926467896,,,,,98.66777658462524
2001,Brewers,100.20420551300049,99.81613159179688,100.7326602935791,97.19656109809875,100.38329362869263,99.34508800506592,104.2930006980896,101.58607959747314,100.64370632171631,,,,,101.18532180786133
2001,Cardinals,98.20188283920288,97.99839854240417,99.10051226615906,99.09219741821289,97.90534377098083,87.1076226234436,99.14953708648682,99.96729493141174,101.47645473480225,,,,,99.8910665512085
2001,Cubs,98.05289506912231,94.87004280090332,96.68087363243103,99.37068819999695,96.78098559379578,87.46684193611145,100.45479536056519,102.5702714920044,101.42780542373657,,,,,99.72633719444275
2001,Devil Rays,99.96858239173889,99.86261129379272,99.70300793647766,100.20159482955933,103.07265520095825,110.95505952835083,97.30103611946106,101.68067216873169,100.03045797348022,,,,,99.12182092666626
2001,Diamondbacks,103.65670919418335,104.88613843917847,105.74839115142822,100.50758123397827,105.23256063461304,128.6774754524231,101.37803554534912,98.32051396369934,100.71698427200317,,,,,101.11738443374634
2001,Dodgers,93.78100633621216,91.69669151306152,90.96936583518982,97.34182357788086,91.37821793556213,80.16282916069031,100.54043531417847,100.3398060798645,98.21076393127441,,,,,99.40047264099121
2001,Expos,104.53803539276123,102.11043357849121,106.58012628555298,99.18371438980103,108.14474821090698,96.52828574180603,105.46755790710449,99.3328869342804,99.15323853492737,,,,,102.21338272094727
2001,Giants,95.77903151512146,91.65127277374268,91.36394262313843,100.49508810043335,99.01984930038452,119.22502517700195,88.82630467414856,97.97015190124512,96.98918461799622,,,,,95.38789987564087
2001,Indians,100.12698173522949,101.35302543640137,101.04835033416748,100.73138475418091,100.20679235458374,87.6555860042572,102.50543355941772,101.57195329666138,100.06687641143799,,,,,100.50959587097168
2001,Mariners,96.14320993423462,92.81465411186218,93.27470064163208,97.52097725868225,94.6309745311737,88.24120759963989,96.06045484542847,101.1559009552002,101.55309438705444,,,,,98.1676459312439
2001,Marlins,95.88231444358826,96.49924635887146,96.36191129684448,98.54071736335754,96.985924243927,118.75662803649902,91.28409624099731,103.78191471099854,102.26544141769409,,,,,96.93322777748108
2001,Mets,95.87904214859009,94.21912431716919,94.05332207679749,99.403315782547,96.8068540096283,88.90342116355896,94.98473405838013,102.0612359046936,98.5174298286438,,,,,97.24900722503662
2001,Orioles,96.4799165725708,95.31558752059937,93.04049015045166,100.58355331420898,91.24549627304077,84.53563451766968,101.04694366455078,99.49864745140076,101.22319459915161,,,,,101.02720260620117
2001,Padres,93.27515363693237,91.74759984016418,91.43380522727966,99.8690128326416,92.36588478088379,100,92.96354651451111,102.41137742996216,97.94610738754272,,,,,96.4173436164856
2001,Phillies,97.953861951828,97.20428586006165,97.80610203742981,95.81552147865295,102.4728536605835,103.36019992828369,96.7011570930481,106.08370304107666,103.37681770324707,,,,,97.88627624511719
2001,Pirates,100.17454624176025,101.22053623199463,99.81467723846436,101.95932388305664,103.85382175445557,93.81809830665588,95.18135190010071,97.82187342643738,98.77265691757202,,,,,99.13362860679626
2001,Rangers,104.97353076934814,104.8238754272461,99.8533308506012,101.8613338470459,102.85725593566895,112.20098733901978,106.38656616210938,98.31104874610901,100.49993991851807,,,,,103.01978588104248
2001,Red Sox,101.65895223617554,99.9302864074707,100.71340799331665,102.85441875457764,105.76956272125244,101.50644779205322,93.76822710037231,99.06797409057617,98.93488883972168,,,,,97.18713760375977
2001,Reds,102.21740007400513,104.36649322509766,99.12006258964539,98.67095947265625,105.3986668586731,87.35668063163757,104.50838804244995,98.8599419593811,103.42038869857788,,,,,102.50269174575806
2001,Rockies,119.73565816879272,123.55329990386963,120.88607549667358,109.02546644210815,109.5045804977417,131.9400668144226,125.01140832901001,97.10065126419067,102.71036624908447,,,,,110.22344827651978
2001,Royals,107.25747346878052,109.35685634613037,109.34292078018188,105.64948320388794,103.66295576095581,109.70311164855957,104.73719835281372,95.32137513160706,100.58681964874268,,,,,103.38976383209229
2001,Tigers,96.58864736557007,96.56110405921936,98.96533489227295,102.68065929412842,94.7264313697815,125.45183897018433,89.74694013595581,95.90507745742798,99.14864301681519,,,,,97.3901093006134
2001,Twins,102.32148170471191,102.19100713729858,100.91385841369629,100.19108057022095,106.65652751922607,115.92364311218262,95.73596715927124,102.41090059280396,101.05173587799072,,,,,98.19172024726868
2001,White Sox,101.10052824020386,103.44336032867432,102.68816947937012,98.9025354385376,97.78206944465637,93.79858374595642,108.14865827560425,99.15962219238281,100.30821561813354,,,,,103.21044921875
2001,Yankees,97.87806868553162,100.38449764251709,100.02585649490356,97.97890782356262,95.89875340461731,85.66989302635193,101.59811973571777,99.58019852638245,98.88975024223328,,,,,100.00783205032349
2002,Angels,99.29934740066528,98.55982065200806,96.9222903251648,102.0362138748169,99.15189743041992,86.39498353004456,98.64112138748169,98.86163473129272,99.18672442436218,100.35582780838013,100.32916069030762,98.4215497970581,97.61470556259155,99.94927644729614
2002,Astros,103.54316234588623,104.07073497772217,104.04239892959595,100.00892877578735,99.97110366821289,118.99285316467285,105.07380962371826,100.49445629119873,98.11654686927795,100.09528398513794,100.28958320617676,99.33403134346008,97.01858162879944,100.8418083190918
2002,Athletics,98.18140864372253,97.96784520149231,104.10972833633423,97.49926328659058,97.58367538452148,90.1134729385376,101.53687000274658,99.99406337738037,99.56350326538086,98.99817705154419,101.26590728759766,99.83016848564148,101.25304460525513,100.45968294143677
2002,Blue Jays,103.19955348968506,103.5959005355835,99.49311017990112,98.96844625473022,107.11630582809448,97.08446860313416,103.15375328063965,99.7551441192627,101.73511505126953,101.41377449035645,98.94417524337769,100.47156810760498,100.68901777267456,101.5777587890625
2002,Braves,99.44732189178467,99.15809035301208,100.2282977104187,100.2237319946289,96.90976142883301,93.26306581497192,99.39489364624023,98.63389730453491,99.44520592689514,98.39786291122437,99.56655502319336,101.58342123031616,95.65976858139038,99.51254725456238
2002,Brewers,100.20420551300049,99.81613159179688,96.37197852134705,97.19656109809875,100.38329362869263,99.34508800506592,104.2930006980896,101.58607959747314,100.64370632171631,98.08205962181091,100.74489116668701,98.56176972389221,105.14293909072876,101.18532180786133
2002,Cardinals,97.69959449768066,96.68697714805603,94.60253119468689,98.9997923374176,99.03415441513062,92.46060848236084,96.47396206855774,100.69599151611328,101.70807838439941,99.28385019302368,100.64756870269775,98.69593381881714,100.89777708053589,98.37167263031006
2002,Cubs,97.76698350906372,97.68062829971313,97.80610203742981,98.61521124839783,95.78468203544617,86.6780698299408,101.54165029525757,101.93331241607666,100.99014043807983,99.38822984695435,100.16955137252808,97.78820872306824,99.89235401153564,100.07474422454834
2002,Devil Rays,99.13166165351868,99.82849955558777,99.94854927062988,99.85312819480896,101.95885896682739,108.94120931625366,97.52275347709656,101.37578248977661,100.35715103149414,100.40444135665894,100.58679580688477,99.59883689880371,102.58944034576416,99.59293007850647
2002,Diamondbacks,104.90337610244751,107.73950815200806,107.74306058883667,100.99869966506958,106.11703395843506,122.74616956710815,104.728102684021,98.85985851287842,101.63109302520752,100.97341537475586,100.19128322601318,101.94091796875,96.29301428794861,102.50372886657715
2002,Dodgers,93.5520350933075,91.99535846710205,91.70777201652527,97.38144278526306,90.99045395851135,81.22796416282654,100.2446174621582,101.20210647583008,97.8456437587738,99.36249256134033,98.37697148323059,95.74233889579773,102.51002311706543,98.83933067321777
2002,Expos,103.01073789596558,107.79280662536621,100.71446895599365,98.68154525756836,107.37770795822144,94.77277994155884,104.43511009216309,99.24077987670898,99.08217787742615,101.67604684829712,97.83555269241333,102.08276510238647,96.7499852180481,101.86868906021118
2002,Giants,95.77903151512146,93.96657347679138,91.77184104919434,100.49508810043335,99.01984930038452,119.22502517700195,88.82630467414856,97.97015190124512,96.98918461799622,101.58426761627197,97.42892980575562,99.94651079177856,95.07899284362793,95.38789987564087
2002,Indians,99.2002010345459,98.55263829231262,101.43276453018188,99.59238171577454,101.17526054382324,86.44364476203918,98.38652610778809,101.3519287109375,100.81852674484253,101.0480523109436,94.77062821388245,99.62156414985657,98.61499071121216,99.30528402328491
2002,Mariners,94.16913986206055,94.53221559524536,93.15789341926575,96.08854651451111,93.52710247039795,86.58952713012695,95.27122378349304,101.87336206436157,101.96722745895386,97.39156365394592,100.6646990776062,97.06740379333496,100.8790373802185,97.72403240203857
2002,Marlins,96.15899920463562,95.79546451568604,97.1293032169342,98.34531545639038,96.46998643875122,114.68907594680786,93.55025291442871,104.11782264709473,101.9288182258606,97.10472822189331,101.30025148391724,97.08964824676514,104.66928482055664,97.27135896682739
2002,Mets,96.38743996620178,95.86740732192993,94.7744607925415,100.34186840057373,98.02088141441345,86.20195984840393,94.36978697776794,101.59776210784912,98.77272844314575,101.08157396316528,100.29181241989136,98.34381937980652,101.30974054336548,97.1621572971344
2002,Orioles,97.25612998008728,95.3349232673645,97.97507524490356,100.05871057510376,93.24811697006226,83.8652491569519,101.6122579574585,98.44388365745544,100.34106969833374,100.1697301864624,102.13028192520142,99.96586441993713,102.20075845718384,101.11219882965088
2002,Padres,93.27515363693237,91.75575375556946,92.174631357193,99.8690128326416,92.36588478088379,100,92.96354651451111,102.41137742996216,97.94610738754272,104.01337146759033,95.48472166061401,99.2373526096344,98.89727234840393,96.4173436164856
2002,Phillies,97.953861951828,94.83402967453003,91.50190949440002,95.81552147865295,102.4728536605835,103.36019992828369,96.7011570930481,106.08370304107666,103.37681770324707,98.54483008384705,97.00796604156494,97.02681303024292,96.52167558670044,97.88627624511719
2002,Pirates,100.17454624176025,101.22053623199463,105.4235577583313,101.95932388305664,103.85382175445557,93.81809830665588,95.18135190010071,97.82187342643738,98.77265691757202,101.06298923492432,101.3628363609314,103.33223342895508,99.89097714424133,99.13362860679626
2002,Rangers,106.07901811599731,106.6325306892395,111.22840642929077,101.85993909835815,103.95702123641968,113.61266374588013,106.81389570236206,98.31848740577698,100.46490430831909,101.25075578689575,99.99489784240723,103.11654806137085,98.62109422683716,103.1731367111206
2002,Red Sox,101.8696665763855,101.34998559951782,98.43865633010864,102.70415544509888,107.5271725654602,98.30906987190247,95.04224061965942,99.14697408676147,98.78974556922913,100.97768306732178,98.76558780670166,101.30174160003662,99.08202290534973,97.45431542396545
2002,Reds,102.21740007400513,104.36649322509766,107.65374898910522,98.67095947265625,105.3986668586731,87.35668063163757,104.50838804244995,98.8599419593811,103.42038869857788,98.70908856391907,101.3371229171753,103.35367918014526,106.32754564285278,102.50269174575806
2002,Rockies,118.01866292953491,117.24900007247925,120.05490064620972,108.14170837402344,109.76758003234863,130.47703504562378,119.3058729171753,97.04758524894714,103.34924459457397,102.97462940216064,100.13113021850586,109.29685831069946,97.57620692253113,108.28816890716553
2002,Royals,106.36410713195801,112.7445936203003,116.42078161239624,104.98501062393188,103.6873459815979,109.04172658920288,102.21424102783203,95.45016288757324,100.55769681930542,102.55682468414307,101.83892250061035,102.16699838638306,98.52498173713684,102.50153541564941
2002,Tigers,96.58864736557007,95.91031670570374,93.67401003837585,102.68065929412842,94.7264313697815,125.45183897018433,89.74694013595581,95.90507745742798,99.14864301681519,101.01414918899536,101.6478419303894,101.9493818283081,103.97176742553711,97.3901093006134
2002,Twins,101.85259580612183,100.33719539642334,98.44222068786621,100.94113349914551,103.52096557617188,113.10731172561646,95.36023736000061,102.72287130355835,99.53188300132751,99.81521964073181,99.23021197319031,99.1733193397522,99.42473769187927,97.54688143730164
2002,White Sox,102.80840396881104,101.36500597000122,102.64555215835571,99.50295686721802,98.15903902053833,94.69033479690552,111.87193393707275,99.57667589187622,101.05377435684204,99.01474118232727,101.655113697052,98.94760251045227,101.37742757797241,104.80948686599731
2002,Yankees,98.8372802734375,98.01743030548096,97.82471060752869,98.52259159088135,96.0432767868042,85.32429337501526,103.43142747879028,99.82991218566895,98.12672734260559,97.92333841323853,101.20445489883423,98.66969585418701,100.60631036758423,100.4732608795166
2003,Angels,98.31501245498657,96.27699851989746,93.22184324264526,100.97335577011108,99.20538067817688,90.79920053482056,96.71777486801147,99.29648041725159,98.96795749664307,100.35582780838013,100.32916069030762,98.4215497970581,97.61470556259155,99.01221990585327
2003,Astros,101.89820528030396,102.53634452819824,103.52848768234253,100.7266640663147,97.0110833644867,110.58453321456909,104.4837474822998,100.0593900680542,97.79435396194458,100.09528398513794,100.28958320617676,99.33403134346008,97.01858162879944,100.51095485687256
2003,Athletics,99.4691550731659,99.45406317710876,93.97169947624207,98.35196733474731,100,88.7753963470459,101.2160062789917,99.0957498550415,99.8304009437561,98.99817705154419,101.26590728759766,99.83016848564148,101.25304460525513,100.55348873138428
2003,Blue Jays,103.321373462677,103.29616069793701,104.85074520111084,99.57378506660461,106.3066840171814,98.93056154251099,104.64341640472412,100.43143033981323,101.09684467315674,101.41377449035645,98.94417524337769,100.47156810760498,100.68901777267456,101.8068790435791
2003,Braves,100.17704963684082,98.69133830070496,96.85083031654358,100.12931823730469,98.23393225669861,97.48170971870422,98.94001483917236,98.7338125705719,99.21063184738159,98.39786291122437,99.56655502319336,101.58342123031616,95.65976858139038,99.21900629997253
2003,Brewers,100.20420551300049,100.14580488204956,102.23124027252197,97.19656109809875,100.38329362869263,99.34508800506592,104.2930006980896,101.58607959747314,100.64370632171631,98.08205962181091,100.74489116668701,98.56176972389221,105.14293909072876,101.18532180786133
2003,Cardinals,97.86394834518433,96.01438045501709,96.42289280891418,99.67837929725647,99.87719655036926,89.50885534286499,96.19909524917603,100.09322166442871,100.10024309158325,99.28385019302368,100.64756870269775,98.69593381881714,100.89777708053589,98.3083963394165
2003,Cubs,99.80375170707703,100.61460733413696,98.61878156661987,98.40207099914551,98.32397103309631,91.2851631641388,103.92372608184814,101.98498964309692,101.0083794593811,99.38822984695435,100.16955137252808,97.78820872306824,99.89235401153564,101.01159811019897
2003,Devil Rays,99.01257753372192,98.52334260940552,99.82251524925232,100.57870149612427,100.32669305801392,109.65346097946167,95.98636031150818,101.91972255706787,100.09585618972778,100.40444135665894,100.58679580688477,99.59883689880371,102.58944034576416,98.7579882144928
2003,Diamondbacks,105.40152788162231,106.80687427520752,109.93764400482178,100.47458410263062,106.1484694480896,123.98785352706909,106.45982027053833,99.0659773349762,102.11548805236816,100.97341537475586,100.19128322601318,101.94091796875,96.29301428794861,102.8801679611206
2003,Dodgers,94.15329694747925,93.7352180480957,93.75,97.17810153961182,92.96591877937317,79.00000214576721,100.7624864578247,101.11435651779175,98.57811331748962,99.36249256134033,98.37697148323059,95.74233889579773,102.51002311706543,99.25533533096313
2003,Expos,103.01073789596558,103.7509560585022,117.50229597091675,98.68154525756836,107.37770795822144,94.77277994155884,104.43511009216309,99.24077987670898,99.08217787742615,101.67604684829712,97.83555269241333,102.08276510238647,96.7499852180481,101.86868906021118
2003,Giants,97.03879356384277,98.2179582118988,99.4874656200409,100.82794427871704,98.90943169593811,123.59247207641602,89.13714289665222,98.33252429962158,97.88822531700134,101.58426761627197,97.42892980575562,99.94651079177856,95.07899284362793,95.83196640014648
2003,Indians,97.86849021911621,97.56326079368591,93.11203956604004,98.5699474811554,101.39617919921875,80.35951256752014,96.13948464393616,101.64966583251953,100.91608762741089,101.0480523109436,94.77062821388245,99.62156414985657,98.61499071121216,98.23633432388306
2003,Mariners,95.35070657730103,94.17076706886292,97.46687412261963,97.6122498512268,94.82409954071045,88.3036732673645,95.58860063552856,101.9054651260376,101.44469738006592,97.39156365394592,100.6646990776062,97.06740379333496,100.8790373802185,97.72641658782959
2003,Marlins,95.92226147651672,95.40735483169556,93.9323365688324,98.28928112983704,95.73960900306702,114.31083679199219,93.22354793548584,104.8357367515564,102.90297269821167,97.10472822189331,101.30025148391724,97.08964824676514,104.66928482055664,97.06816673278809
2003,Mets,97.28982448577881,97.43165373802185,98.8486111164093,101.13047361373901,98.27921390533447,88.29479813575745,94.85495686531067,100.95945596694946,99.60899949073792,101.08157396316528,100.29181241989136,98.34381937980652,101.30974054336548,98.04060459136963
2003,Orioles,97.12671637535095,98.94958734512329,95.259690284729,100.10837316513062,94.61923241615295,84.60805416107178,100.89023113250732,97.81658053398132,101.51190757751465,100.1697301864624,102.13028192520142,99.96586441993713,102.20075845718384,101.72017812728882
2003,Padres,93.27515363693237,91.75575375556946,91.6902244091034,99.8690128326416,92.36588478088379,100,92.96354651451111,102.41137742996216,97.94610738754272,104.01337146759033,95.48472166061401,99.2373526096344,98.89727234840393,96.4173436164856
2003,Phillies,97.953861951828,94.83402967453003,95.30120491981506,95.81552147865295,102.4728536605835,103.36019992828369,96.7011570930481,106.08370304107666,103.37681770324707,98.54483008384705,97.00796604156494,97.02681303024292,96.52167558670044,97.88627624511719
2003,Pirates,100.17454624176025,99.97782111167908,99.04336929321289,101.95932388305664,103.85382175445557,93.81809830665588,95.18135190010071,97.82187342643738,98.77265691757202,101.06298923492432,101.3628363609314,103.33223342895508,99.89097714424133,99.13362860679626
2003,Rangers,105.95009326934814,110.34117937088013,109.87842082977295,101.93319320678711,103.17709445953369,121.83279991149902,106.83770179748535,98.33158254623413,99.43374395370483,101.25075578689575,99.99489784240723,103.11654806137085,98.62109422683716,102.84026861190796
2003,Red Sox,101.9526481628418,102.95047760009766,104.59363460540771,100.30134916305542,109.61358547210693,94.5738673210144,96.50236964225769,99.2809534072876,100.30409097671509,100.97768306732178,98.76558780670166,101.30174160003662,99.08202290534973,98.2771635055542
2003,Reds,101.49595737457275,99.20687079429626,99.64516758918762,98.0709969997406,100.39716958999634,78.03927659988403,109.2487096786499,100.38416385650635,98.80325198173523,98.33707213401794,102.17126607894897,99.9658465385437,103.00717353820801,103.05609703063965
2003,Rockies,115.0221586227417,116.56256914138794,111.21705770492554,108.08459520339966,108.58111381530762,129.6887993812561,114.40821886062622,96.78828716278076,102.52028703689575,102.97462940216064,100.13113021850586,109.29685831069946,97.57620692253113,106.68731927871704
2003,Royals,105.45116662979126,107.63298273086548,112.65000104904175,103.97558212280273,104.17346954345703,104.79151010513306,99.59174394607544,95.41125893592834,101.1968731880188,102.55682468414307,101.83892250061035,102.16699838638306,98.52498173713684,102.0930290222168
2003,Tigers,96.78926467895508,95.06991505622864,94.93052363395691,102.58647203445435,93.01257729530334,131.15557432174683,92.58147478103638,97.18566536903381,99.82141256332397,101.01414918899536,101.6478419303894,101.9493818283081,103.97176742553711,98.50329160690308
2003,Twins,100.72413682937622,100.71436166763306,101.63240432739258,99.98859763145447,102.17387676239014,106.39262199401855,95.34133672714233,102.99931764602661,98.69990944862366,99.81521964073181,99.23021197319031,99.1733193397522,99.42473769187927,97.16168642044067
2003,White Sox,102.3261547088623,102.62444019317627,98.66029620170593,99.27439093589783,97.92491793632507,91.78832173347473,112.79585361480713,99.637371301651,101.33943557739258,99.01474118232727,101.655113697052,98.94760251045227,101.37742757797241,105.0549864768982
2003,Yankees,98.67424368858337,96.83070778846741,96.35223746299744,99.70810413360596,95.27673125267029,88.23564052581787,102.5170087814331,100.15003681182861,96.93896770477295,97.92333841323853,101.20445489883423,98.66969585418701,100.60631036758423,99.64198470115662
2004,Angels,96.51147127151489,96.03644013404846,98.71426224708557,101.0831356048584,98.27553629875183,91.73378348350525,94.20944452285767,99.77707266807556,98.57847094535828,100.35582780838013,100.32916069030762,98.4215497970581,97.61470556259155,97.75106906890869
2004,Astros,101.30791664123535,100.56742429733276,100.18770694732666,100.55519342422485,96.78577780723572,109.33775901794434,104.51723337173462,99.36357736587524,97.67337441444397,100.09528398513794,100.28958320617676,99.33403134346008,97.01858162879944,100.72959661483765
2004,Athletics,99.4782030582428,99.03261065483093,100.547194480896,98.55585098266602,101.48221254348755,91.00000262260437,99.84874725341797,98.07448983192444,98.71283769607544,98.99817705154419,101.26590728759766,99.83016848564148,101.25304460525513,99.89809393882751
2004,Blue Jays,102.68210172653198,104.19498682022095,105.86950778961182,99.4854211807251,104.81158494949341,103.51234674453735,107.46779441833496,100.64326524734497,99.60964918136597,101.41377449035645,98.94417524337769,100.47156810760498,100.68901777267456,102.38661766052246
2004,Braves,99.47044849395752,99.93836879730225,99.55572485923767,100.32800436019897,98.78168106079102,97.0586895942688,98.2268750667572,99.58187937736511,98.86119365692139,98.39786291122437,99.56655502319336,101.58342123031616,95.65976858139038,98.57580661773682
2004,Brewers,100.10071992874146,101.37932300567627,101.94646120071411,96.41741514205933,100.64918994903564,104.17039394378662,102.51047611236572,102.19124555587769,101.66764259338379,98.08205962181091,100.74489116668701,98.56176972389221,105.14293909072876,100.57884454727173
2004,Cardinals,97.86394834518433,98.12749028205872,96.93042039871216,99.67837929725647,99.87719655036926,89.50885534286499,96.19909524917603,100.09322166442871,100.10024309158325,99.28385019302368,100.64756870269775,98.69593381881714,100.89777708053589,98.3083963394165
2004,Cubs,101.08803510665894,101.61048173904419,105.71320056915283,98.23743104934692,99.97482895851135,98.6150860786438,106.63254261016846,102.33356952667236,99.83871579170227,99.38822984695435,100.16955137252808,97.78820872306824,99.89235401153564,101.6301155090332
2004,Devil Rays,99.38331842422485,98.30667972564697,95.84736227989197,100.0428318977356,98.07125329971313,108.76305103302002,97.88435101509094,101.87005996704102,101.5829086303711,100.40444135665894,100.58679580688477,99.59883689880371,102.58944034576416,99.6751070022583
2004,Diamondbacks,105.55185079574585,105.51568269729614,103.18822860717773,100.59667825698853,106.28131628036499,126.54334306716919,106.48162364959717,99.096018075943,103.50544452667236,100.97341537475586,100.19128322601318,101.94091796875,96.29301428794861,103.00133228302002
2004,Dodgers,96.32885456085205,95.11930346488953,95.70289850234985,98.02537560462952,94.30192708969116,77.33450531959534,103.63911390304565,101.11618041992188,99.27440881729126,99.36249256134033,98.37697148323059,95.74233889579773,102.51002311706543,99.97367858886719
2004,Expos,103.01073789596558,103.7509560585022,95.23224830627441,98.68154525756836,107.37770795822144,94.77277994155884,104.43511009216309,99.24077987670898,99.08217787742615,101.67604684829712,97.83555269241333,102.08276510238647,96.7499852180481,101.86868906021118
2004,Giants,98.68128895759583,100.46451091766357,103.22076082229614,101.28870010375977,99.55503940582275,117.52958297729492,89.94974493980408,98.35277795791626,98.00658822059631,101.58426761627197,97.42892980575562,99.94651079177856,95.07899284362793,96.16957306861877
2004,Indians,97.20857739448547,95.23865580558777,98.13753366470337,98.05117845535278,100.84266662597656,82.18274116516113,93.1946337223053,101.48941278457642,101.40256881713867,101.0480523109436,94.77062821388245,99.62156414985657,98.61499071121216,97.11873531341553
2004,Mariners,95.57115435600281,95.99712491035461,92.20167994499207,97.30045795440674,95.13088464736938,93.08469295501709,96.30192518234253,102.88994312286377,102.79644727706909,97.39156365394592,100.6646990776062,97.06740379333496,100.8790373802185,98.30968379974365
2004,Marlins,95.71557641029358,94.62157487869263,95.16684412956238,98.2683539390564,96.36792540550232,113.23986053466797,92.64792203903198,104.34542894363403,103.71992588043213,97.10472822189331,101.30025148391724,97.08964824676514,104.66928482055664,97.25832939147949
2004,Mets,97.47932553291321,98.75051379203796,98.75578284263611,100.97737312316895,99.31259751319885,86.72305345535278,94.85622048377991,100.38549900054932,99.95179772377014,101.08157396316528,100.29181241989136,98.34381937980652,101.30974054336548,98.36315512657166
2004,Orioles,98.27594757080078,97.70627021789551,103.55629920959473,100.70533752441406,95.37265300750732,82.57325291633606,103.47229242324829,97.24555015563965,100.94996690750122,100.1697301864624,102.13028192520142,99.96586441993713,102.20075845718384,102.80729532241821
2004,Padres,91.83889627456665,92.0167624950409,92.26438999176025,97.19082117080688,91.29236340522766,107.16403722763062,90.05132913589478,102.91414260864258,99.3188202381134,97.79519438743591,98.73756170272827,96.48882746696472,97.79103398323059,95.7358717918396
2004,Phillies,102.49212980270386,103.63152027130127,101.11024379730225,100.41195154190063,98.69242906570435,97.27522730827332,108.60605239868164,99.29203987121582,98.2502818107605,100.81329345703125,98.38765263557434,102.60599851608276,98.04872274398804,102.81305313110352
2004,Pirates,100.27914047241211,98.78827333450317,96.11847400665283,102.79691219329834,105.2349328994751,96.77064418792725,95.03568410873413,98.18636178970337,98.80505800247192,101.06298923492432,101.3628363609314,103.33223342895508,99.89097714424133,99.11158084869385
2004,Rangers,106.84775114059448,107.69139528274536,109.92834568023682,101.41650438308716,104.48721647262573,114.01010751724243,108.15207958221436,98.90105724334717,99.8293936252594,101.25075578689575,99.99489784240723,103.11654806137085,98.62109422683716,103.09755802154541
2004,Red Sox,102.06966400146484,103.76811027526855,105.51280975341797,100.39353370666504,111.45651340484619,93.96907091140747,94.04329061508179,98.84303212165833,99.92356896400452,100.97768306732178,98.76558780670166,101.30174160003662,99.08202290534973,97.21978306770325
2004,Reds,101.49595737457275,99.20687079429626,92.77172088623047,98.0709969997406,100.39716958999634,78.03927659988403,109.2487096786499,100.38416385650635,98.80325198173523,98.33707213401794,102.17126607894897,99.9658465385437,103.00717353820801,103.05609703063965
2004,Rockies,112.44667768478394,114.21219110488892,118.91812086105347,107.63972997665405,106.58289194107056,126.07296705245972,112.04795837402344,96.58854007720947,102.44073867797852,102.97462940216064,100.13113021850586,109.29685831069946,97.57620692253113,105.89650869369507
2004,Royals,105.03849983215332,102.07504034042358,95.77199816703796,103.23690176010132,105.10261058807373,103.90521287918091,98.80792498588562,95.37461996078491,102.41974592208862,102.55682468414307,101.83892250061035,102.16699838638306,98.52498173713684,102.11408138275146
2004,Tigers,96.77678942680359,96.44579291343689,96.40052914619446,102.7653694152832,93.39823126792908,123.45459461212158,93.6659574508667,97.76133298873901,99.13796186447144,101.01414918899536,101.6478419303894,101.9493818283081,103.97176742553711,98.73155951499939
2004,Twins,100.23754835128784,101.58307552337646,102.08921432495117,100.01944303512573,100.59529542922974,108.65503549575806,95.1262891292572,102.70859003067017,97.59048223495483,99.81521964073181,99.23021197319031,99.1733193397522,99.42473769187927,96.99867367744446
2004,White Sox,102.29429006576538,102.52676010131836,106.37710094451904,99.14829730987549,97.47399687767029,91.31849408149719,113.18439245223999,99.55177307128906,101.3453722000122,99.01474118232727,101.655113697052,98.94760251045227,101.37742757797241,105.30588626861572
2004,Yankees,97.82483577728271,98.28711152076721,96.36812806129456,99.63322877883911,95.133376121521,87.46670484542847,101.35467052459717,100.03961324691772,96.48958444595337,97.92333841323853,101.20445489883423,98.66969585418701,100.60631036758423,99.20365810394287
2005,Angels,97.73180484771729,96.85483574867249,96.17196917533875,101.56481266021729,100.46069622039795,89.53010439872742,95.14535069465637,99.55371022224426,99.11488890647888,100.37695169448853,101.48707628250122,97.74748682975769,97.40024209022522,98.2227623462677
2005,Astros,99.65296983718872,99.90629553794861,97.74309992790222,99.28281903266907,95.86913585662842,114.72113132476807,104.95322942733765,100.55084228515625,98.12756776809692,99.84689354896545,100.04822015762329,98.01532626152039,98.69646430015564,100.73717832565308
2005,Athletics,97.29987978935242,99.77161884307861,102.79769897460938,97.9113221168518,99.33963418006897,94.44102644920349,96.81416153907776,96.27684354782104,98.9266037940979,100,100.9221076965332,99.61704015731812,102.41681337356567,99.7911810874939
2005,Blue Jays,102.377450466156,103.58963012695312,101.78571939468384,98.46727848052979,103.74021530151367,107.27084875106812,108.00559520721436,102.07258462905884,99.4421660900116,100.41987895965576,98.60366582870483,100.44857263565063,98.61706495285034,101.92281007766724
2005,Braves,98.71232509613037,100.16443729400635,104.11531925201416,100.35899877548218,96.44322395324707,96.44305109977722,97.79651761054993,100.54464340209961,100.70395469665527,98.22998642921448,99.2272138595581,101.70804262161255,97.16082215309143,98.8502562046051
2005,Brewers,100.85426568984985,100.645911693573,99.9341607093811,96.16659283638,100.44137239456177,97.65815734863281,104.02624607086182,102.17417478561401,103.4806489944458,98.02066087722778,100.8050799369812,98.44436049461365,106.27564191818237,101.44530534744263
2005,Cardinals,97.86394834518433,98.12749028205872,101.51969194412231,99.67837929725647,99.87719655036926,89.50885534286499,96.19909524917603,100.09322166442871,100.10024309158325,99.28385019302368,100.64756870269775,98.69593381881714,100.89777708053589,98.3083963394165
2005,Cubs,102.8937578201294,103.25181484222412,100.59877634048462,99.54906702041626,102.55073308944702,101.62677764892578,105.82475662231445,102.15796232223511,100.64077377319336,99.6830940246582,100.69702863693237,98.77082109451294,100.31094551086426,101.7830491065979
2005,Devil Rays,98.41259717941284,98.94102811813354,99.23439621925354,99.14653897285461,97.25017547607422,106.34251832962036,98.66392016410828,101.10398530960083,101.20707750320435,100.03435611724854,100.56586265563965,98.88259768486023,102.66417264938354,100.10048151016235
2005,Diamondbacks,105.09985685348511,104.58489656448364,104.01068925857544,100.13415813446045,105.30567169189453,128.29341888427734,107.55516290664673,97.78067469596863,102.43889093399048,101.07825994491577,100.83569288253784,101.53557062149048,96.95966839790344,103.48867177963257
2005,Dodgers,98.28327894210815,97.8557288646698,95.62864303588867,99.0982711315155,96.05262875556946,78.11614871025085,104.28335666656494,101.85704231262207,99.5737612247467,99.37330484390259,98.59236478805542,96.31999135017395,101.45506858825684,100.01221895217896
2005,Giants,100.08776187896729,100.49383640289307,98.27951192855835,102.66865491867065,100.97824335098267,113.89946937561035,92.30954647064209,98.39663505554199,98.26263785362244,102.66766548156738,97.07729816436768,101.42945051193237,94.16543245315552,97.27234840393066
2005,Indians,97.95223474502563,96.68013453483582,94.11320686340332,98.95600080490112,99.5768129825592,84.24791097640991,93.56852173805237,101.00468397140503,102.21585035324097,100.58698654174805,95.09466290473938,99.66378211975098,96.31654024124146,97.42451310157776
2005,Mariners,96.27130031585693,94.99183893203735,98.73417615890503,97.16211557388306,95.9740698337555,87.1793806552887,97.9837715625763,103.55480909347534,102.29675769805908,97.46406674385071,100.95216035842896,95.94932794570923,102.65274047851562,98.79558086395264
2005,Marlins,96.88999056816101,95.05857825279236,94.76901888847351,98.51517081260681,97.28355407714844,112.9047155380249,95.18696665763855,104.77052927017212,103.88363599777222,97.60317802429199,101.21293067932129,97.40586280822754,103.90427112579346,98.30179810523987
2005,Mets,97.68756628036499,97.47474789619446,98.64864945411682,100.65408945083618,99.61108565330505,87.76640295982361,94.1474199295044,99.75176453590393,99.89895820617676,100.75691938400269,99.70426559448242,98.50676655769348,102.44508981704712,98.21268916130066
2005,Nationals,96.08355164527893,95.10443806648254,93.67939829826355,97.83968329429626,97.68216609954834,102.19780206680298,91.25364422798157,99.78495240211487,96.81662917137146,97.84098863601685,102.49186754226685,96.67235612869263,106.81562423706055,96.52897715568542
2005,Orioles,99.49355721473694,99.05457496643066,94.30379867553711,101.40197277069092,96.97539210319519,88.74026536941528,103.40614318847656,96.99099659919739,100.71808099746704,100.7102370262146,102.26023197174072,99.9070942401886,102.56165266036987,102.73008346557617
2005,Padres,91.83889627456665,92.0167624950409,90.43274521827698,97.19082117080688,91.29236340522766,107.16403722763062,90.05132913589478,102.91414260864258,99.3188202381134,97.79519438743591,98.73756170272827,96.48882746696472,97.79103398323059,95.7358717918396
2005,Phillies,102.49212980270386,103.63152027130127,107.24732875823975,100.41195154190063,98.69242906570435,97.27522730827332,108.60605239868164,99.29203987121582,98.2502818107605,100.81329345703125,98.38765263557434,102.60599851608276,98.04872274398804,102.81305313110352
2005,Pirates,98.93260598182678,99.23145174980164,101.24356746673584,102.4073600769043,105.30763864517212,94.94048953056335,93.50513219833374,98.4209954738617,97.60068655014038,101.05407238006592,100.06970167160034,104.07177209854126,97.29111790657043,98.20683598518372
2005,Rangers,104.60858345031738,105.63108921051025,103.50509881973267,101.33638381958008,102.92444229125977,117.7871584892273,105.32227754592896,99.52096343040466,99.14471507072449,101.15578174591064,99.59418773651123,103.32739353179932,100,101.64623260498047
2005,Red Sox,103.65631580352783,102.71856784820557,101.2597918510437,101.41801834106445,112.61193752288818,97.00000286102295,94.51171159744263,97.97788858413696,99.74958896636963,101.43023729324341,99.26463961601257,101.82689428329468,98.52198362350464,97.70200848579407
2005,Reds,101.49595737457275,101.42824649810791,105.81554174423218,98.0709969997406,100.39716958999634,78.03927659988403,109.2487096786499,100.38416385650635,98.80325198173523,98.33707213401794,102.17126607894897,99.9658465385437,103.00717353820801,103.05609703063965
2005,Rockies,110.24216413497925,112.7825379371643,112.61657476425171,106.7588210105896,106.71552419662476,123.54918718338013,109.1801643371582,96.10564708709717,101.62832736968994,102.94334888458252,100.09286403656006,108.88267755508423,99.46012496948242,104.69669103622437
2005,Royals,102.62787342071533,100.36474466323853,98.76554012298584,101.85590982437134,105.66222667694092,103.6381721496582,94.86997723579407,96.34647369384766,101.82695388793945,101.48632526397705,100.65979957580566,102.60908603668213,97.50040769577026,100.01230239868164
2005,Tigers,98.34259748458862,97.78342843055725,98.06727170944214,101.65320634841919,95.37370800971985,119.50000524520874,96.53425216674805,98.27495217323303,100.24173259735107,100.52802562713623,101.2768030166626,102.19589471817017,104.21785116195679,99.71791505813599
2005,Twins,99.35451745986938,100.40909051895142,100.97160339355469,100.13790130615234,98.88983368873596,103.5099983215332,95.45678496360779,103.38449478149414,97.32643961906433,99.41574931144714,99.38575625419617,99.18269515037537,98.45935106277466,97.19104766845703
2005,White Sox,102.51158475875854,103.80922555923462,102.32681035995483,99.46290254592896,97.90176153182983,88.57783675193787,113.45099210739136,99.7003972530365,100.94269514083862,99.53471422195435,101.51273012161255,99.277263879776,102.6848554611206,105.11913299560547
2005,Yankees,98.78994822502136,97.90154695510864,102.32163667678833,100.5609393119812,95.44691443443298,85.45421957969666,102.16025114059448,99.98666644096375,97.1078097820282,98.69258403778076,101.18898153305054,99.23804998397827,99.22760725021362,99.60686564445496
2006,Angels,99.10416603088379,98.54006767272949,95.59926986694336,102.02537775039673,100.08649826049805,90.17476439476013,96.51010632514954,99.13068413734436,97.93800711631775,100.50954818725586,102.16565132141113,97.50338792800903,96.49313688278198,98.56329560279846
2006,Astros,99.32830333709717,98.12875390052795,101.57012939453125,99.40704107284546,97.68566489219666,106.37412071228027,105.24517297744751,101.42385959625244,98.6552894115448,99.90460872650146,99.69720840454102,98.63806962966919,98.48732352256775,100.95640420913696
2006,Athletics,97.68569469451904,96.80404663085938,96.28844857215881,98.35533499717712,98.97894859313965,92.81177520751953,96.50886058807373,96.51017189025879,99.66393113136292,99.89680647850037,102.03465223312378,100.13622045516968,103.44405174255371,99.8833417892456
2006,Blue Jays,101.17082595825195,100.76977014541626,103.11706066131592,98.11073541641235,102.48953104019165,116.65661334991455,106.3470721244812,102.84628868103027,99.81461763381958,100.23856163024902,98.16173911094666,101.26808881759644,100.25124549865723,101.31512880325317
2006,Braves,99.82366561889648,98.88035655021667,97.45462536811829,101.05174779891968,98.3979880809784,98.4241247177124,98.9203155040741,101.44751071929932,101.18781328201294,99.1181492805481,99.73276853561401,102.39287614822388,98.70666861534119,99.38637614250183
2006,Brewers,99.97559785842896,100.22648572921753,100.18024444580078,96.6281533241272,99.17247295379639,100.49240589141846,100.6166934967041,102.66076326370239,104.10614013671875,98.10095429420471,99.58644509315491,97.75475263595581,105.43841123580933,99.81064796447754
2006,Cardinals,97.31065630912781,97.2692608833313,97.65704870223999,101.31412744522095,96.57423496246338,94.63271498680115,91.69880747795105,98.08869957923889,100.58488845825195,99.69553351402283,100.32001733779907,101.46712064743042,104.77579832077026,97.65762090682983
2006,Cubs,103.71977090835571,103.94632816314697,103.49767208099365,99.89484548568726,102.56340503692627,98.8487958908081,107.56447315216064,101.19179487228394,99.00590181350708,100.17386674880981,100.35287141799927,99.3643045425415,98.20614457130432,102.16660499572754
2006,Devil Rays,98.08337092399597,98.50362539291382,101.89576148986816,98.69775176048279,95.40745615959167,107.9602599143982,98.71967434883118,100.19676685333252,100.79214572906494,99.40641522407532,100.29016733169556,98.48171472549438,104.05110120773315,99.89941120147705
2006,Diamondbacks,104.51217889785767,105.2438497543335,106.56497478485107,100.5460262298584,104.98316287994385,125.57660341262817,106.84410333633423,97.59892225265503,101.39279365539551,101.93384885787964,100.6717324256897,100.77968835830688,96.14715576171875,103.1882643699646
2006,Dodgers,97.93188571929932,100.0629186630249,102.13016271591187,99.39073324203491,96.1695909500122,78.55139970779419,101.43452882766724,102.35556364059448,99.77397918701172,99.38011765480042,98.86981248855591,96.62231206893921,98.6063301563263,99.13483262062073
2006,Giants,100.53939819335938,99.14290308952332,99.6628999710083,101.3690710067749,102.21713781356812,115.078866481781,93.49807500839233,98.17114472389221,98.66318106651306,102.65947580337524,96.93219661712646,100.57551860809326,96.15517258644104,98.05507063865662
2006,Indians,99.13803339004517,99.13870096206665,97.47466444969177,99.7243583202362,100.23761987686157,84.94059443473816,94.49453353881836,100.48691034317017,103.6449670791626,100.57960748672485,95.74275016784668,100.75274705886841,99.90060925483704,98.20555448532104
2006,Mariners,96.17181420326233,96.62038087844849,94.42402124404907,97.77557253837585,97.96629548072815,86.15776300430298,97.01032042503357,104.64451313018799,102.00281143188477,97.58276343345642,101.07430219650269,95.61217427253723,104.05936241149902,98.36220145225525
2006,Marlins,97.58459329605103,97.79319167137146,95.20056247711182,98.32814335823059,98.56806993484497,111.29838228225708,96.08188271522522,105.16195297241211,103.84558439254761,97.3443865776062,99.92207288742065,97.77172207832336,102.9112696647644,97.99492955207825
2006,Mets,97.45299816131592,96.58309817314148,95.35799026489258,99.40181374549866,98.09011220932007,87.26415038108826,96.02161049842834,99.96086359024048,100.47941207885742,100.5379319190979,100.20633935928345,96.43563628196716,101.9121766090393,98.89861345291138
2006,Nationals,96.08355164527893,95.10443806648254,97.28915691375732,97.83968329429626,97.68216609954834,102.19780206680298,91.25364422798157,99.78495240211487,96.81662917137146,97.84098863601685,102.49186754226685,96.67235612869263,106.81562423706055,96.52897715568542
2006,Orioles,100.77652931213379,99.46325421333313,99.28066730499268,101.74736976623535,97.34553098678589,88.82319331169128,105.93092441558838,96.86447381973267,99.74032640457153,101.2092113494873,102.04917192459106,100.05768537521362,100.67975521087646,103.2270073890686
2006,Padres,91.83889627456665,90.6768798828125,93.38712096214294,97.19082117080688,91.29236340522766,107.16403722763062,90.05132913589478,102.91414260864258,99.3188202381134,97.79519438743591,98.73756170272827,96.48882746696472,97.79103398323059,95.7358717918396
2006,Phillies,102.49212980270386,103.76508235931396,102.92901992797852,100.41195154190063,98.69242906570435,97.27522730827332,108.60605239868164,99.29203987121582,98.2502818107605,100.81329345703125,98.38765263557434,102.60599851608276,98.04872274398804,102.81305313110352
2006,Pirates,98.17265272140503,99.60623383522034,100.37935972213745,102.02968120574951,104.92144823074341,95.68302631378174,93.26717853546143,98.18679094314575,97.89173603057861,100.906240940094,100.12245178222656,105.79800605773926,97.21059799194336,98.25948476791382
2006,Rangers,104.02222871780396,102.04271078109741,103.73802185058594,101.0007381439209,101.84775590896606,123.70679378509521,105.30495643615723,99.64399337768555,99.90818500518799,100.3706693649292,99.73976016044617,102.71817445755005,99.95135068893433,101.87222957611084
2006,Red Sox,103.46593856811523,103.37194204330444,101.42983198165894,100.25845766067505,115.70898294448853,94.43415403366089,94.09181475639343,98.78785014152527,100.21868944168091,101.38572454452515,99.34754967689514,100.6165862083435,97.98033833503723,97.52806425094604
2006,Reds,102.12013721466064,105.75103759765625,107.09372758865356,97.98031449317932,100.2379298210144,84.89143252372742,109.31195020675659,100.30533075332642,99.42274689674377,98.75391125679016,102.43476629257202,98.4048068523407,102.17305421829224,103.31774950027466
2006,Rockies,109.28415060043335,108.9309811592102,106.94160461425781,106.70441389083862,106.08165264129639,117.23008155822754,108.40563774108887,96.00148797035217,101.20209455490112,102.82200574874878,99.48251247406006,110.3966474533081,99.61342811584473,104.37349081039429
2006,Royals,99.88041520118713,102.34826803207397,106.73515796661377,101.10372304916382,105.48772811889648,102.94151306152344,92.32935905456543,96.7637300491333,100.80393552780151,101.43101215362549,100.37878751754761,101.34702920913696,95.10054588317871,98.77873659133911
2006,Tigers,99.89616870880127,99.90111589431763,99.0774929523468,102.21099853515625,96.4396059513092,119.36452388763428,99.00984764099121,97.62948155403137,99.37738180160522,100.89819431304932,100.82995891571045,101.58369541168213,103.62005233764648,100.33029317855835
2006,Twins,98.0058491230011,97.51803278923035,98.2758641242981,99.46510791778564,98.37036728858948,100.38033723831177,94.56354975700378,101.9740343093872,95.58452367782593,99.17402863502502,98.72012734413147,99.76704120635986,96.05939388275146,96.72102928161621
2006,White Sox,103.75752449035645,102.91479825973511,102.51538753509521,99.75935816764832,97.48649597167969,85.15638709068298,113.62680196762085,100.4412055015564,102.13198661804199,99.84545707702637,100.87876319885254,100.36309957504272,102.10798978805542,105.43354749679565
2006,Yankees,99.72016215324402,100.19998550415039,95.33956050872803,100.44559240341187,96.86210751533508,87.90072202682495,102.70854234695435,100.50853490829468,97.82560467720032,98.82310032844543,101.50012969970703,99.32659268379211,98.57257008552551,99.94090795516968
2007,Angels,99.5270311832428,100.02057552337646,103.90260219573975,101.41682624816895,100.63329935073853,90.59485793113708,97.81172275543213,98.4666645526886,98.15318584442139,99.73174929618835,102.25212574005127,97.81292676925659,95.68864703178406,98.95973801612854
2007,Astros,98.69424700737,99.37440752983093,95.33001184463501,100.16391277313232,97.52034544944763,102.47604846954346,105.21420240402222,101.51251554489136,99.03165102005005,99.93578791618347,99.9281108379364,99.62277412414551,99.4195818901062,101.1878490447998
2007,Athletics,97.36518859863281,94.74135637283325,92.1299159526825,98.33921194076538,98.20923209190369,95.94225883483887,95.05590200424194,97.04786539077759,99.01361465454102,99.64048266410828,101.48699283599854,100.15350580215454,102.54924297332764,98.98196458816528
2007,Blue Jays,99.52720999717712,99.59490895271301,97.37903475761414,96.54400944709778,101.756751537323,116.32381677627563,104.97583150863647,103.28431129455566,98.80602359771729,99.91251826286316,98.13680648803711,100.04053115844727,98.19722771644592,100.64966678619385
2007,Braves,99.05897974967957,98.62974286079407,95.85312604904175,101.13451480865479,97.59536385536194,101.29162073135376,96.9050407409668,101.1694073677063,101.6204833984375,99.02219772338867,99.71455931663513,104.02374267578125,99.03156161308289,98.97972345352173
2007,Brewers,98.61127138137817,99.40952658653259,100.53771734237671,96.04225158691406,98.5052227973938,99.42159652709961,101.3373613357544,102.64402627944946,102.87002325057983,98.11468720436096,99.98146891593933,96.61968946456909,103.79526615142822,99.82742667198181
2007,Cardinals,97.31065630912781,97.2692608833313,96.83840870857239,101.31412744522095,96.57423496246338,94.63271498680115,91.69880747795105,98.08869957923889,100.58488845825195,99.69553351402283,100.32001733779907,101.46712064743042,104.77579832077026,97.65762090682983
2007,Cubs,103.8884162902832,104.78426218032837,107.9623818397522,100.18160343170166,103.0150055885315,98.88797402381897,104.84657287597656,101.17067098617554,99.48233962059021,99.89753365516663,100.26779174804688,99.41893815994263,98.08164834976196,101.28798484802246
2007,Devil Rays,98.78675937652588,98.0661690235138,94.97237801551819,99.24875497817993,96.31195068359375,111.39609813690186,98.16782474517822,100.61976909637451,100.18280744552612,99.26350116729736,99.88168478012085,98.66892695426941,104.58979606628418,99.11834001541138
2007,Diamondbacks,105.54304122924805,106.01072311401367,105.17241954803467,100.87014436721802,106.39488697052002,127.97497510910034,104.85086441040039,97.43850827217102,101.3157844543457,102.2220253944397,100.01891851425171,100.6536602973938,97.09802269935608,102.66585350036621
2007,Dodgers,97.49307632446289,99.08766746520996,102.49344110488892,99.05405640602112,97.98088073730469,78.74812483787537,100.29324293136597,102.28182077407837,98.90812039375305,99.14432168006897,99.3079125881195,96.77033424377441,98.06938171386719,98.51200580596924
2007,Giants,100.28223991394043,100.36987066268921,99.40196871757507,100.85546970367432,101.49625539779663,109.96333360671997,93.86976361274719,97.89466857910156,97.9981780052185,102.20670700073242,97.60986566543579,100.35656690597534,97.248774766922,98.11418652534485
2007,Indians,97.99639582633972,100.96994638442993,106.4279317855835,100.30184984207153,99.33386445045471,82.44433403015137,93.90389919281006,100.36805868148804,101.89319849014282,100.59736967086792,96.59562706947327,100.89987516403198,101.75579786300659,97.69167900085449
2007,Mariners,97.1460223197937,96.04470133781433,96.91251516342163,99.68141317367554,96.99604511260986,88.8403594493866,95.70484757423401,104.21665906906128,102.30640172958374,98.56966137886047,100.64984560012817,95.72594165802002,104.21954393386841,98.26213121414185
2007,Marlins,99.45160746574402,98.75512719154358,103.15777063369751,99.3798553943634,99.92406964302063,106.42544031143188,97.08428382873535,105.10412454605103,104.49811220169067,97.76658415794373,99.73309636116028,99.3184745311737,102.27481126785278,98.51703643798828
2007,Mets,97.45299816131592,96.26962542533875,96.04896306991577,99.40181374549866,98.09011220932007,87.26415038108826,96.02161049842834,99.96086359024048,100.47941207885742,100.5379319190979,100.20633935928345,96.43563628196716,101.9121766090393,98.89861345291138
2007,Nationals,96.08355164527893,95.10443806648254,94.04086470603943,97.83968329429626,97.68216609954834,102.19780206680298,91.25364422798157,99.78495240211487,96.81662917137146,97.84098863601685,102.49186754226685,96.67235612869263,106.81562423706055,96.52897715568542
2007,Orioles,100.43588876724243,102.1497130393982,105.0257682800293,102.76212692260742,96.9779908657074,91.35324954986572,107.03325271606445,97.506582736969,99.58212375640869,101.57769918441772,101.60084962844849,99.71243143081665,98.88441562652588,103.33459377288818
2007,Padres,90.99211096763611,90.63984751701355,88.3304238319397,96.61867618560791,89.710932970047,101.35267972946167,90.36346673965454,103.6874771118164,100.22879838943481,97.60099649429321,98.84227514266968,96.64949178695679,99.80166554450989,96.05934023857117
2007,Phillies,102.54420042037964,101.98065042495728,101.61099433898926,100.72222948074341,100.27241706848145,94.47312355041504,107.3823094367981,99.46743249893188,98.30122590065002,100.90488195419312,97.5221037864685,102.80259847640991,97.66666889190674,101.98569297790527
2007,Pirates,98.98763298988342,97.55164384841919,97.43549823760986,103.02680730819702,103.58906984329224,94.59244012832642,94.48093175888062,97.91000485420227,98.46580028533936,101.38297080993652,99.99718070030212,106.15968704223633,97.83477783203125,99.03478622436523
2007,Rangers,103.01768779754639,103.13723087310791,99.00238513946533,100.53747892379761,101.75023078918457,122.06203937530518,106.25336170196533,99.75107908248901,100.46546459197998,99.8643696308136,100.0960111618042,102.19663381576538,97.45652079582214,102.32021808624268
2007,Red Sox,103.05877923965454,104.22130823135376,108.12172889709473,98.81121516227722,116.02094173431396,99.0630030632019,94.00137662887573,98.17560315132141,99.3731141090393,100.6779670715332,99.40441846847534,100.97333192825317,100,97.42130041122437
2007,Reds,103.56260538101196,104.89102602005005,104.41527366638184,98.62145185470581,101.71900987625122,89.52454328536987,110.67206859588623,101.04888677597046,100.86818933486938,99.09776449203491,101.97768211364746,98.58996868133545,99.46914911270142,103.66878509521484
2007,Rockies,107.89607763290405,106.7551851272583,107.44435787200928,105.99756240844727,105.55334091186523,118.48267316818237,107.02519416809082,95.674067735672,100.23863315582275,103.77388000488281,98.37281703948975,109.23818349838257,95.89900374412537,104.01893854141235
2007,Royals,101.60191059112549,101.77309513092041,101.52283906936646,102.45016813278198,107.60862827301025,104.1952133178711,93.06528568267822,96.30539417266846,101.57098770141602,102.18701362609863,100.34983158111572,102.27110385894775,94.51348185539246,99.49269890785217
2007,Tigers,100.8225679397583,101.72795057296753,102.36650705337524,101.42492055892944,97.5827157497406,113.6570692062378,100.01081228256226,98.07350039482117,99.84385967254639,100.17526149749756,101.69622898101807,100.35263299942017,105.30375242233276,100.63295364379883
2007,Twins,98.41828942298889,95.53406238555908,93.75408291816711,99.26349520683289,98.67746829986572,104.04192209243774,96.14397287368774,101.35276317596436,95.64093947410583,99.19043183326721,99.26961660385132,99.5400071144104,96.50954604148865,97.39872217178345
2007,White Sox,103.10360193252563,103.95007133483887,103.89297008514404,98.63774180412292,96.99021577835083,84.65914130210876,111.90924644470215,100.69189071655273,103.15029621124268,99.24188256263733,100.41109323501587,100.03468990325928,101.20264291763306,104.70348596572876
2007,Yankees,99.72016215324402,100,103.23328971862793,100.44559240341187,96.86210751533508,87.90072202682495,102.70854234695435,100.50853490829468,97.82560467720032,98.82310032844543,101.50012969970703,99.32659268379211,98.57257008552551,99.94090795516968
2008,Angels,99.07777309417725,101.84457302093506,100.76756477355957,102.13806629180908,99.10120964050293,86.18528842926025,97.10037112236023,98.96312952041626,98.12373518943787,99.49451088905334,102.20214128494263,100.65501928329468,95.44883370399475,98.9262044429779
2008,Astros,97.94523119926453,97.812020778656,101.70421600341797,98.94205331802368,98.71675968170166,105.5992841720581,104.41708564758301,102.31771469116211,99.26947355270386,99.61897134780884,100.05636215209961,98.81489276885986,99.1340160369873,100.7819652557373
2008,Athletics,96.53736352920532,95.58308720588684,96.09501957893372,97.89355993270874,96.5118944644928,100.21015405654907,93.43978762626648,98.06526899337769,98.98412823677063,99.4641900062561,101.21175050735474,98.26399087905884,102.28890180587769,98.12451601028442
2008,Blue Jays,99.69565868377686,97.4743902683258,98.07121753692627,96.37891054153442,100.43185949325562,116.40187501907349,105.88066577911377,102.9082179069519,99.33623671531677,99.56995844841003,98.82345199584961,99.66049790382385,96.89746499061584,101.10006332397461
2008,Braves,98.4334647655487,97.93388247489929,102.95746326446533,100.8099913597107,96.19672894477844,98.2375979423523,98.00264835357666,101.53157711029053,100.75331926345825,98.62363338470459,99.42612051963806,104.2649507522583,98.44770431518555,99.0210235118866
2008,Brewers,98.68748188018799,97.44419455528259,97.39384651184082,96.91555500030518,99.5405375957489,95.91898322105408,102.41005420684814,102.60453224182129,102.82199382781982,98.09879064559937,101.53037309646606,97.20497131347656,105.50299882888794,100.48671960830688
2008,Cardinals,97.31065630912781,96.79592251777649,97.32577204704285,101.31412744522095,96.57423496246338,94.63271498680115,91.69880747795105,98.08869957923889,100.58488845825195,99.69553351402283,100.32001733779907,101.46712064743042,104.77579832077026,97.65762090682983
2008,Cubs,105.19053936004639,105.89296817779541,103.19720506668091,101.33576393127441,103.16215753555298,100.2669095993042,105.59273958206177,100.80384016036987,99.92473721504211,100.01806020736694,100.58542490005493,98.77670407295227,96.53199315071106,101.51268243789673
2008,Diamondbacks,105.20602464675903,106.79538249969482,106.26275539398193,100.85045099258423,106.21459484100342,131.86941146850586,104.94219064712524,97.99206852912903,100.2669095993042,101.84543132781982,99.49284195899963,100.93538761138916,97.06291556358337,102.44293212890625
2008,Dodgers,97.76922464370728,96.02469801902771,92.49741435050964,100.23922920227051,97.78962731361389,77.53807306289673,99.87662434577942,101.68452262878418,98.7373948097229,99.30660128593445,100.28350353240967,97.86788821220398,102.08204984664917,98.61910939216614
2008,Giants,100.14097690582275,101.25846862792969,102.11845636367798,100.8994460105896,102.30406522750854,107.798171043396,93.67161989212036,98.428875207901,98.2251226902008,102.35270261764526,97.0280647277832,101.62878036499023,95.53029537200928,97.88217544555664
2008,Indians,98.59000444412231,99.04431700706482,99.76333379745483,100.41772127151489,99.67818856239319,88.59999775886536,94.44590210914612,100.56817531585693,101.60706043243408,100.87219476699829,97.38519191741943,102.2340178489685,99.94593858718872,98.0766236782074
2008,Mariners,95.91829180717468,97.07750082015991,96.83698415756226,98.894202709198,96.63681387901306,89.77048993110657,94.43740248680115,103.42755317687988,102.2040605545044,98.39203357696533,100.28220415115356,95.08376121520996,105.09364604949951,97.82485365867615
2008,Marlins,100.70946216583252,102.340567111969,97.81649112701416,99.54686760902405,102.02904939651489,104.40285205841064,97.05836176872253,105.55131435394287,104.96765375137329,98.15685749053955,99.65897798538208,100.02065896987915,102.84520387649536,98.5293984413147
2008,Mets,97.45299816131592,96.26962542533875,97.46090769767761,99.40181374549866,98.09011220932007,87.26415038108826,96.02161049842834,99.96086359024048,100.47941207885742,100.5379319190979,100.20633935928345,96.43563628196716,101.9121766090393,98.89861345291138
2008,Nationals,99.93320107460022,100.17249584197998,101.76175832748413,100.98634958267212,100.62885284423828,98.79398941993713,100.42961835861206,97.41789698600769,96.8484103679657,101.67924165725708,100.25862455368042,101.72336101531982,98.69667887687683,100.61677694320679
2008,Orioles,102.30977535247803,103.00575494766235,102.37078666687012,103.56526374816895,98.42362999916077,91.48193597793579,109.86664295196533,98.25816750526428,98.16664457321167,102.00272798538208,100.93719959259033,101.04809999465942,97.24738597869873,103.67158651351929
2008,Padres,91.60706996917725,88.76135349273682,90.32140374183655,96.49205803871155,89.40209150314331,100.10415315628052,91.1945104598999,103.58686447143555,101.76494121551514,98.08527827262878,98.52190613746643,96.20695114135742,99.12070035934448,96.69689536094666
2008,Phillies,101.22536420822144,101.42872333526611,101.34788751602173,99.74179267883301,99.34656620025635,91.07515811920166,106.18761777877808,99.96284246444702,98.52231740951538,100.61252117156982,97.28430509567261,101.05596780776978,98.10133576393127,101.35880708694458
2008,Pirates,98.98810982704163,97.67438173294067,95.18840909004211,102.24862098693848,103.56266498565674,94.28975582122803,93.86547207832336,96.66792154312134,98.22669625282288,102.06636190414429,100.34691095352173,105.47915697097778,98.0883777141571,99.09486174583435
2008,Rangers,103.12380790710449,103.17848920822144,106.53584003448486,101.1839747428894,102.05860137939453,113.60465288162231,105.38710355758667,99.77691173553467,100.53896903991699,99.97007846832275,99.18092489242554,103.41947078704834,100.42990446090698,102.07624435424805
2008,Rays,97.22489714622498,97.43067622184753,97.92010188102722,98.14397096633911,95.73976993560791,112.41079568862915,98.59625101089478,100.10631084442139,99.92569088935852,98.42517971992493,99.76368546485901,98.67579340934753,106.76418542861938,99.2841362953186
2008,Red Sox,103.56265306472778,104.92565631866455,103.55191230773926,100.01751184463501,115.17834663391113,96.1470901966095,93.83363723754883,97.94512391090393,98.9355981349945,100.97047090530396,99.80626106262207,101.74552202224731,99.5409607887268,97.35423922538757
2008,Reds,102.53092050552368,102.23653316497803,103.21006774902344,98.83142709732056,99.54819083213806,94.21331286430359,109.8220705986023,101.43678188323975,101.38741731643677,98.84427189826965,101.78974866867065,97.48201966285706,100.89114904403687,103.15737724304199
2008,Rockies,108.48278999328613,108.15491676330566,105.86085319519043,104.79241609573364,106.58608675003052,120.08546590805054,110.02929210662842,95.93368172645569,99.21784400939941,103.06534767150879,98.59895706176758,107.7596664428711,95.41056752204895,104.446280002594
2008,Royals,101.92865133285522,101.08765363693237,96.69740200042725,102.56288051605225,106.52116537094116,112.29890584945679,94.45672631263733,97.18931913375854,100.6839394569397,102.28568315505981,99.82094764709473,101.90227031707764,92.41530895233154,99.25885200500488
2008,Tigers,101.01953744888306,102.42632627487183,103.54317426681519,101.29663944244385,98.2000470161438,108.26776027679443,99.95939135551453,97.37750291824341,98.93681406974792,100.75205564498901,101.7501711845398,99.04717206954956,106.65459632873535,100.55670738220215
2008,Twins,98.41828942298889,97.45654463768005,94.7041928768158,99.26349520683289,98.67746829986572,104.04192209243774,96.14397287368774,101.35276317596436,95.64093947410583,99.19043183326721,99.26961660385132,99.5400071144104,96.50954604148865,97.39872217178345
2008,White Sox,103.75244617462158,104.14601564407349,105.6185245513916,98.50635528564453,98.50189685821533,84.13668870925903,112.76178359985352,101.00233554840088,103.81171703338623,98.81781339645386,101.37393474578857,99.32814240455627,101.81812047958374,105.00736236572266
2008,Yankees,99.72016215324402,100,101.86924934387207,100.44559240341187,96.86210751533508,87.90072202682495,102.70854234695435,100.50853490829468,97.82560467720032,98.82310032844543,101.50012969970703,99.32659268379211,98.57257008552551,99.94090795516968
2009,Angels,98.58657717704773,98.51071834564209,100.91131925582886,101.37991905212402,98.39277863502502,84.93339419364929,97.06398844718933,99.0004301071167,98.15803170204163,99.76944327354431,101.4100432395935,100.46548843383789,95.53731083869934,99.03724193572998
2009,Astros,98.420649766922,97.32099771499634,96.7198371887207,99.22406673431396,100.10440349578857,103.17033529281616,104.21758890151978,102.67181396484375,100.07002353668213,99.62651133537292,100.72875022888184,97.70750999450684,100.10440349578857,100.78215599060059
2009,Athletics,96.74688577651978,97.64325022697449,98.79181981086731,97.58346676826477,95.70004940032959,99.89680647850037,92.90179014205933,98.55806827545166,100.40336847305298,98.95680546760559,100.39310455322266,99.70634579658508,101.27708911895752,98.14906716346741
2009,Blue Jays,100.3201961517334,99.24144148826599,97.06351161003113,96.73786759376526,102.66278982162476,115.48000574111938,105.1457405090332,102.76893377304077,99.67802166938782,99.49955940246582,99.41012263298035,100.6027102470398,97.2009539604187,100.93050003051758
2009,Braves,98.52951169013977,99.47613477706909,95.06065845489502,100.54997205734253,95.9607720375061,97.91021943092346,98.2470452785492,101.94776058197021,102.0889163017273,99.14491772651672,99.56189393997192,103.20450067520142,96.48662209510803,99.50695633888245
2009,Brewers,98.91453981399536,97.33464121818542,94.61230635643005,97.9529082775116,100.33981800079346,95.75471878051758,102.87916660308838,102.40192413330078,102.72334814071655,98.76367449760437,100.73000192642212,98.63003492355347,102.34978199005127,100.63871145248413
2009,Cardinals,96.84080481529236,96.85332775115967,96.17279767990112,100.52199363708496,95.87298035621643,93.37953329086304,90.61799645423889,97.59304523468018,100.36650896072388,99.63892102241516,99.65665340423584,100.8887767791748,101.8467903137207,97.39345908164978
2009,Cubs,103.96004915237427,105.87869882583618,106.75966739654541,101.85353755950928,101.15102529525757,99.44807887077332,103.6249041557312,100.6739854812622,101.17498636245728,99.84090328216553,101.14045143127441,99.0773618221283,96.73097729682922,101.23071670532227
2009,Diamondbacks,105.2295446395874,105.71273565292358,108.92535448074341,100.56228637695312,106.73553943634033,129.94071245193481,103.1632661819458,98.21038842201233,99.02697205543518,101.42554044723511,99.9230444431305,100.61055421829224,97.37984538078308,101.77695751190186
2009,Dodgers,96.76488041877747,94.24176216125488,93.24324131011963,99.62840676307678,97.15888500213623,77.94598340988159,97.5140631198883,101.14130973815918,97.73010611534119,99.77138638496399,100.1878023147583,96.95577621459961,103.64818572998047,98.11655879020691
2009,Giants,97.99114465713501,100.59711933135986,102.4193525314331,100.75415372848511,101.6234040260315,108.49056243896484,93.48479509353638,99.19050931930542,97.4926769733429,102.25411653518677,96.28178477287292,102.83145904541016,97.81681895256042,97.41517305374146
2009,Indians,98.72705340385437,96.37264013290405,92.40875840187073,100.82322359085083,99.70195889472961,87.10191249847412,95.92316746711731,100.5380392074585,100.86590051651001,101.22969150543213,97.59593605995178,102.50042676925659,100.32083988189697,98.64689111709595
2009,Mariners,95.92769742012024,95.29929161071777,97.54716753959656,99.21179413795471,95.63432931900024,86.88039183616638,95.69565057754517,103.96214723587036,102.11883783340454,98.08156490325928,100.23614168167114,95.98423838615417,105.37619590759277,97.9263424873352
2009,Marlins,101.38537883758545,101.9403338432312,106.32638931274414,100.01076459884644,101.8250823020935,102.48439311981201,97.2638487815857,106.23100996017456,105.0580620765686,98.59471321105957,98.91115427017212,99.04850125312805,104.0634274482727,98.4903335571289
2009,Mets,96.76642417907715,95.95803022384644,97.31183052062988,98.6916184425354,97.40402698516846,108.6737871170044,93.27656030654907,100.82004070281982,100.83268880844116,99.13278222084045,101.51145458221436,97.0295250415802,107.6539158821106,98.1035828590393
2009,Nationals,99.93320107460022,100.17249584197998,100.35629272460938,100.98634958267212,100.62885284423828,98.79398941993713,100.42961835861206,97.41789698600769,96.8484103679657,101.67924165725708,100.25862455368042,101.72336101531982,98.69667887687683,100.61677694320679
2009,Orioles,102.43866443634033,102.93543338775635,101.69134140014648,102.55229473114014,100.21365880966187,92.98549890518188,109.45158004760742,98.70726466178894,99.18333292007446,101.81388854980469,100.91723203659058,99.53407049179077,96.6794490814209,103.85907888412476
2009,Padres,91.22146368026733,90.5917763710022,87.67591714859009,95.92998027801514,90.4650330543518,102.63136625289917,89.87237811088562,103.31406593322754,101.76808834075928,98.72171878814697,97.7156400680542,96.66555523872375,97.3878562450409,96.4324414730072
2009,Phillies,100.67975521087646,100.68305730819702,101.30326747894287,99.64190721511841,99.23620223999023,92.93721914291382,104.34790849685669,100.44134855270386,98.97905588150024,99.59967732429504,98.9348292350769,102.44728326797485,99.55089688301086,100.67065954208374
2009,Pirates,98.58832359313965,98.89662265777588,101.03018283843994,101.38005018234253,101.74233913421631,92.29397177696228,93.72057914733887,95.55758237838745,97.38810062408447,102.0638108253479,99.42638874053955,103.6617636680603,95.68151831626892,99.06020760536194
2009,Rangers,105.38444519042969,104.99048233032227,103.91414165496826,101.59809589385986,102.36682891845703,124.46768283843994,108.73737335205078,98.93224835395813,100.43591260910034,100.32075643539429,99.65866208076477,103.5137414932251,99.5105504989624,103.3409833908081
2009,Rays,95.45325636863708,96.04209661483765,99.82137680053711,98.34853410720825,95.06837725639343,104.89001274108887,96.56148552894592,99.84773397445679,98.93149137496948,98.00578951835632,100.14393329620361,98.05046916007996,110.36602258682251,98.33551049232483
2009,Red Sox,104.77136373519897,103.56438159942627,103.33333015441895,101.22405290603638,114.72594738006592,97.53164649009705,95.33025622367859,98.1685221195221,99.27548170089722,100.86090564727783,100.60374736785889,101.50395631790161,101.39418840408325,98.0742871761322
2009,Reds,101.93674564361572,100.79877376556396,98.80467653274536,98.50332736968994,98.96171689033508,96.6617226600647,110.07462739944458,101.09641551971436,100.07872581481934,99.21135306358337,101.82740688323975,97.39152193069458,103.21403741836548,102.8702974319458
2009,Rockies,110.07418632507324,111.05434894561768,111.40398979187012,104.45789098739624,108.74074697494507,119.61671113967896,111.5744948387146,95.82538604736328,98.87571334838867,102.46468782424927,100.24796724319458,107.13603496551514,95.03424167633057,104.85674142837524
2009,Royals,100.5718469619751,100.6820559501648,105.2234411239624,102.32295989990234,104.84806299209595,113.85526657104492,91.95148348808289,96.72959446907043,100.42537450790405,102.79042720794678,100.13246536254883,101.26179456710815,92.75631308555603,98.58000874519348
2009,Tigers,101.66558027267456,101.3633131980896,101.20697021484375,100.96025466918945,98.9575982093811,113.90224695205688,101.80732011795044,96.69705033302307,97.74924516677856,100.38189888000488,102.17952728271484,97.90095090866089,103.26755046844482,100.87306499481201
2009,Twins,98.41828942298889,97.45654463768005,104.16395664215088,99.26349520683289,98.67746829986572,104.04192209243774,96.14397287368774,101.35276317596436,95.64093947410583,99.19043183326721,99.26961660385132,99.5400071144104,96.50954604148865,97.39872217178345
2009,White Sox,103.30557823181152,104.90273237228394,102.88074016571045,98.14186096191406,98.2912003993988,84.4159483909607,112.22994327545166,102.03814506530762,104.62048053741455,97.70832061767578,101.64211988449097,99.08364415168762,102.08346843719482,104.31711673736572
2009,Yankees,102.72411108016968,103.8511872291565,98.3552634716034,99.91980195045471,97.11595177650452,84.54716801643372,109.8764419555664,99.6001660823822,101.33137702941895,99.61516261100769,100.40067434310913,97.82713055610657,100.20781755447388,103.8581371307373
2010,Angels,96.22409343719482,95.85172533988953,93.61816048622131,100.26636123657227,95.72868943214417,86.87589764595032,95.58618664741516,99.39378499984741,95.6088662147522,98.92306923866272,100.43296813964844,100.24714469909668,95.6555724143982,97.67305254936218
2010,Astros,98.79292249679565,98.18509221076965,93.55602264404297,98.97647500038147,100.40454864501953,100.37531852722168,103.65203619003296,102.2801399230957,100.59384107589722,99.95518922805786,100.01304149627686,98.25924038887024,99.03592467308044,100.76507329940796
2010,Athletics,97.33982682228088,98.12336564064026,97.95041680335999,98.22977781295776,96.25092148780823,98.26346039772034,93.62234473228455,99.39311742782593,100.0391960144043,98.4955370426178,101.24838352203369,100.57957172393799,102.81254053115845,97.8324294090271
2010,Blue Jays,100.86829662322998,102.03487873077393,102.76104211807251,97.91274666786194,102.82118320465088,116.69260263442993,104.0068507194519,101.62869691848755,99.40997958183289,100.09592771530151,100.28151273727417,100.33338069915771,98.10096025466919,100.88304281234741
2010,Braves,99.63027238845825,97.67773151397705,100.34400224685669,100.85413455963135,99.45985674858093,99.16632175445557,97.49547243118286,102.22911834716797,101.53427124023438,99.66995120048523,99.50037002563477,103.08817625045776,94.94150876998901,98.82945418357849
2010,Brewers,100.11317729949951,98.64717125892639,100.24185180664062,97.97617197036743,99.80013370513916,104.24884557723999,106.32318258285522,103.03425788879395,102.38229036331177,98.08787107467651,101.58227682113647,99.45956468582153,100.63380002975464,101.5609860420227
2010,Cardinals,97.25900292396545,96.06609344482422,97.02144265174866,100.10949373245239,97.05753922462463,91.77799820899963,92.30828285217285,98.80167841911316,100.30241012573242,99.75692629814148,98.98985624313354,100.83457231521606,100.37040710449219,97.8306531906128
2010,Cubs,102.75967121124268,103.65132093429565,107.90349245071411,101.21821165084839,100.09013414382935,99.49133396148682,102.05957889556885,100.01382827758789,101.29727125167847,100.01369714736938,100.67732334136963,98.25811982154846,99.82962012290955,100.93716382980347
2010,Diamondbacks,105.71141242980957,105.87466955184937,102.28714942932129,100.61585903167725,107.58702754974365,120.5876350402832,103.73846292495728,99.30780529975891,98.12261462211609,101.17859840393066,99.17371273040771,99.85981583595276,96.45761251449585,101.33646726608276
2010,Dodgers,95.18037438392639,95.68238258361816,97.11357951164246,99.11960363388062,96.42189741134644,77.16476321220398,97.88835048675537,100.86719989776611,97.02003002166748,99.35323596000671,100.4939317703247,97.37997651100159,104.84113693237305,98.12924265861511
2010,Giants,95.56543827056885,95.62086462974548,97.28726148605347,99.20477867126465,100.09058713912964,102.38853693008423,90.6359076499939,99.03505444526672,98.3491599559784,101.319420337677,95.77179551124573,100.25143623352051,98.83930087089539,96.56046628952026
2010,Indians,96.84141278266907,95.79519033432007,97.53345251083374,100.11181831359863,101.08153820037842,82.84844160079956,94.45236921310425,100.81877708435059,100.09371042251587,101.4818787574768,97.96082973480225,103.07811498641968,101.64264440536499,98.4145998954773
2010,Mariners,93.65457892417908,94.35594081878662,91.19431972503662,99.09631609916687,93.71718168258667,88.31374645233154,91.63983464241028,102.78393030166626,101.6103744506836,98.08346629142761,99.03361201286316,98.06205630302429,103.91002893447876,96.55621647834778
2010,Marlins,101.38537883758545,102.2931694984436,101.99503898620605,100.01076459884644,101.8250823020935,102.48439311981201,97.2638487815857,106.23100996017456,105.0580620765686,98.59471321105957,98.91115427017212,99.04850125312805,104.0634274482727,98.4903335571289
2010,Mets,96.76642417907715,95.95803022384644,94.81629729270935,98.6916184425354,97.40402698516846,108.6737871170044,93.27656030654907,100.82004070281982,100.83268880844116,99.13278222084045,101.51145458221436,97.0295250415802,107.6539158821106,98.1035828590393
2010,Nationals,99.93320107460022,98.967444896698,98.34816455841064,100.98634958267212,100.62885284423828,98.79398941993713,100.42961835861206,97.41789698600769,96.8484103679657,101.67924165725708,100.25862455368042,101.72336101531982,98.69667887687683,100.61677694320679
2010,Orioles,102.83772945404053,102.04370021820068,105.1487922668457,102.22254991531372,101.00679397583008,88.60797882080078,110.17965078353882,99.31018352508545,99.41244721412659,101.321542263031,100.38516521453857,100.3270149230957,97.39084839820862,103.97443771362305
2010,Padres,92.1218991279602,90.94347953796387,94.43598985671997,96.53810262680054,92.78709292411804,104.71639633178711,89.31299448013306,103.03322076797485,102.60456800460815,99.72230792045593,98.01602363586426,97.09711074829102,96.76456451416016,96.51108980178833
2010,Phillies,100.09616613388062,100.20209550857544,99.34013485908508,99.48512315750122,100.02976655960083,91.66666865348816,101.58636569976807,100.5064845085144,100.32305717468262,99.20102953910828,99.43221807479858,101.33484601974487,100,100.21692514419556
2010,Pirates,97.04005718231201,100.14339685440063,101.24009847640991,100.2507209777832,101.38165950775146,93.29980611801147,92.11093187332153,95.06818056106567,96.73487544059753,102.15191841125488,99.74415898323059,101.84710025787354,97.20419645309448,98.39504361152649
2010,Rangers,107.22614526748657,108.53575468063354,104.18764352798462,102.05914974212646,104.18064594268799,117.70663261413574,110.10345220565796,98.64919781684875,101.00101232528687,99.7144877910614,100.97924470901489,103.2798171043396,99.19635653495789,104.39094305038452
2010,Rays,95.30482888221741,93.98316740989685,90.59156775474548,98.19610714912415,95.13176083564758,107.11678266525269,94.99287009239197,100.45257806777954,99.34473633766174,97.46721982955933,100.37378072738647,98.73811602592468,110.41984558105469,97.40628600120544
2010,Red Sox,104.99560832977295,104.99718189239502,103.81556749343872,100.96372365951538,115.78150987625122,100,96.99018001556396,98.75296950340271,99.92576837539673,101.2366533279419,100.1899003982544,102.5023341178894,102.71462202072144,98.68406057357788
2010,Reds,101.95567607879639,100.96210241317749,100.31874179840088,99.40617680549622,97.14846014976501,100,111.3937497138977,100.96993446350098,100.04820823669434,99.08538460731506,101.03026628494263,98.27817678451538,101.50525569915771,103.10659408569336
2010,Rockies,113.45473527908325,114.6050214767456,116.68609380722046,105.97999095916748,108.47383737564087,123.17898273468018,113.8898491859436,96.0904598236084,99.95418787002563,103.71342897415161,99.46714043617249,107.98389911651611,94.35098171234131,106.41932487487793
2010,Royals,100.57663917541504,101.68205499649048,100.30611753463745,102.71632671356201,102.72202491760254,114.60578441619873,92.94292330741882,96.55967354774475,100.22082328796387,103.28961610794067,100.34291744232178,100.16963481903076,91.79601669311523,98.86621832847595
2010,Tigers,101.79493427276611,101.02941989898682,99.13678765296936,101.61956548690796,98.57219457626343,112.9515528678894,100.86443424224854,96.63758873939514,97.13783860206604,101.10331773757935,102.77849435806274,96.19216918945312,103.86639833450317,100.55261850357056
2010,Twins,100.69156885147095,99.24691319465637,98.23848009109497,101.8126130104065,101.78248882293701,110.26315689086914,94.47512030601501,98.07161092758179,99.94752407073975,100.89759826660156,98.92223477363586,103.36735248565674,100.60817003250122,98.7596869468689
2010,White Sox,104.68567609786987,102.90138721466064,106.20331764221191,98.0025053024292,99.28140640258789,88.69665265083313,113.36801052093506,102.41729021072388,106.74395561218262,97.56426811218262,102.03824043273926,98.98350238800049,100.65940618515015,105.12189865112305
2010,Yankees,102.72411108016968,103.8511872291565,108.10248851776123,99.91980195045471,97.11595177650452,84.54716801643372,109.8764419555664,99.6001660823822,101.33137702941895,99.61516261100769,100.40067434310913,97.82713055610657,100.20781755447388,103.8581371307373
2011,Angels,95.84684371948242,92.32651591300964,92.30297803878784,100.18924474716187,95.47426700592041,88.37748169898987,95.34151554107666,100.0975251197815,97.16404676437378,99.24983978271484,99.6863603591919,99.22091364860535,96.93938493728638,97.8223979473114
2011,Astros,99.10424947738647,98.30134510993958,104.64460849761963,99.32069778442383,98.66887331008911,103.61260175704956,104.26808595657349,102.88242101669312,101.46704912185669,100.13295412063599,100.54244995117188,99.40629005432129,100.2944827079773,101.33851766586304
2011,Athletics,97.08920121192932,96.70932292938232,97.53268957138062,98.16647171974182,97.41443395614624,106.27444982528687,92.36911535263062,99.31085109710693,100.59001445770264,98.59053492546082,100.73766708374023,99.86152648925781,105.00248670578003,97.55077362060547
2011,Blue Jays,102.11068391799927,103.30555438995361,106.96521997451782,97.49004244804382,105.42498826980591,103.54975461959839,106.51222467422485,101.54703855514526,99.38088655471802,99.3944764137268,100.98809003829956,100.40037631988525,98.24407696723938,101.81783437728882
2011,Braves,98.66109490394592,99.97604489326477,97.78934717178345,100.21970272064209,98.53240251541138,98.46799969673157,96.75672054290771,102.4120569229126,100.16012191772461,98.73272776603699,98.85834455490112,102.7306079864502,95.7732081413269,97.75086641311646
2011,Brewers,101.39713287353516,103.23238372802734,101.89553499221802,98.47891926765442,101.42860412597656,102.19869613647461,109.76747274398804,102.2917628288269,102.49725580215454,98.249751329422,102.83122062683105,99.9052882194519,99.77641701698303,103.2838225364685
2011,Cardinals,96.81488275527954,97.07769751548767,95.07874250411987,99.83066320419312,97.11843132972717,89.7645652294159,91.50040745735168,98.60914945602417,99.74223971366882,100.24162530899048,98.53501915931702,100.90181827545166,99.53826069831848,97.39618301391602
2011,Cubs,103.6598801612854,101.84695720672607,96.90082669258118,101.6515851020813,101.35999917984009,101.98420286178589,101.62845849990845,100.22969245910645,102.30506658554077,100.0861406326294,101.01735591888428,99.54923987388611,99.7069239616394,101.0445237159729
2011,Diamondbacks,104.35703992843628,105.51137924194336,106.79931640625,99.7190535068512,105.59043884277344,120.59518098831177,102.77693271636963,99.06760454177856,98.3307957649231,100.28446912765503,98.89965653419495,98.99745583534241,97.68253564834595,100.83508491516113
2011,Dodgers,95.44126391410828,95.94748020172119,96.96866869926453,99.63740110397339,96.961510181427,77.56370306015015,98.85318875312805,99.99397993087769,96.65647745132446,99.73171949386597,99.93151426315308,97.50159978866577,107.1570634841919,98.72716665267944
2011,Giants,94.05838251113892,90.56107997894287,87.45433688163757,99.08948540687561,99.02527332305908,102.20029354095459,89.16608691215515,99.19095039367676,98.83534908294678,101.42925977706909,95.59140205383301,100.04734992980957,97.45603203773499,95.98920941352844
2011,Indians,96.30439877510071,96.94661498069763,98.13003540039062,99.23880100250244,100.93591213226318,82.68609642982483,96.57530784606934,101.31371021270752,98.08216094970703,101.21134519577026,97.68901467323303,101.37405395507812,97.35548496246338,98.34572672843933
2011,Mariners,93.65457892417908,89.9671733379364,94.21619176864624,99.09631609916687,93.71718168258667,88.31374645233154,91.63983464241028,102.78393030166626,101.6103744506836,98.08346629142761,99.03361201286316,98.06205630302429,103.91002893447876,96.55621647834778
2011,Marlins,101.38537883758545,102.2931694984436,98.26244115829468,100.01076459884644,101.8250823020935,102.48439311981201,97.2638487815857,106.23100996017456,105.0580620765686,98.59471321105957,98.91115427017212,99.04850125312805,104.0634274482727,98.4903335571289
2011,Mets,96.76642417907715,95.95803022384644,95.6861138343811,98.6916184425354,97.40402698516846,108.6737871170044,93.27656030654907,100.82004070281982,100.83268880844116,99.13278222084045,101.51145458221436,97.0295250415802,107.6539158821106,98.1035828590393
2011,Nationals,99.69905614852905,99.09636378288269,97.88666367530823,102.14841365814209,100.93059539794922,95.09349465370178,99.12481307983398,97.16567993164062,96.38745188713074,101.20077133178711,100.89874267578125,101.44550800323486,99.98743534088135,99.77908134460449
2011,Orioles,102.90964841842651,104.02089357376099,99.76363778114319,101.8514633178711,99.88772869110107,89.91379141807556,109.61380004882812,99.40125942230225,100.0345230102539,100.77500343322754,100.31706094741821,99.8397707939148,97.71008491516113,103.98683547973633
2011,Padres,92.1218991279602,92.98807382583618,91.40565395355225,96.53810262680054,92.78709292411804,104.71639633178711,89.31299448013306,103.03322076797485,102.60456800460815,99.72230792045593,98.01602363586426,97.09711074829102,96.76456451416016,96.51108980178833
2011,Phillies,100.68907737731934,99.21252727508545,99.84924793243408,98.06726574897766,100.82024335861206,94.48658227920532,104.72629070281982,101.4934778213501,100.76456069946289,99.49290156364441,99.51677322387695,97.7074682712555,97.72588014602661,101.31036043167114
2011,Pirates,97.20250368118286,95.90933322906494,98.05049896240234,100.64151287078857,99.68676567077637,91.51570200920105,90.4459297657013,95.22693753242493,95.88199853897095,102.26868391036987,99.06599521636963,99.8958170413971,97.77530431747437,97.61049747467041
2011,Rangers,106.00861310958862,110.12922525405884,118.44172477722168,102.25032567977905,102.91285514831543,105.65023422241211,107.2967529296875,98.18748831748962,101.58169269561768,99.95819330215454,101.00698471069336,103.37806940078735,97.19282388687134,103.4703016281128
2011,Rays,95.08407711982727,91.928631067276,91.39372706413269,97.97403812408447,95.94202637672424,109.6326231956482,96.00085616111755,101.19961500167847,98.70551824569702,98.14574718475342,100.70300102233887,98.3680784702301,111.54738664627075,97.95522689819336
2011,Red Sox,103.98790836334229,107.00458288192749,107.91175365447998,100.99300146102905,112.57624626159668,102.3494005203247,96.92533612251282,99.34247136116028,98.39644432067871,100.60266256332397,99.52804446220398,103.78701686859131,102.38497257232666,97.99385070800781
2011,Reds,101.29443407058716,102.968430519104,103.80303859710693,99.04930591583252,97.63473272323608,98.0320692062378,112.05258369445801,102.46659517288208,99.86926317214966,98.85751008987427,100.29386281967163,98.63939881324768,101.76507234573364,102.72750854492188
2011,Rockies,114.87177610397339,119.635009765625,115.91190099716187,106.71205520629883,109.19857025146484,125.37593841552734,112.8810167312622,95.69259881973267,100.65282583236694,104.66362237930298,99.14399981498718,108.48044157028198,93.61198544502258,106.51710033416748
2011,Royals,101.81779861450195,100.48370361328125,99.62786436080933,102.93112993240356,102.41062641143799,121.25239372253418,93.68320107460022,96.5965211391449,100.32414197921753,103.09487581253052,100.85471868515015,100.24569034576416,93.79996657371521,99.25618171691895
2011,Tigers,102.2139310836792,101.67614221572876,102.79788970947266,101.09966993331909,99.61370825767517,117.0212984085083,99.321848154068,95.88207006454468,98.66722822189331,100.71479082107544,103.61322164535522,97.03981280326843,104.97857332229614,100.45962333679199
2011,Twins,100.69156885147095,99.24691319465637,97.3890483379364,101.8126130104065,101.78248882293701,110.26315689086914,94.47512030601501,98.07161092758179,99.94752407073975,100.89759826660156,98.92223477363586,103.36735248565674,100.60817003250122,98.7596869468689
2011,White Sox,103.67038249969482,105.86376190185547,99.59188103675842,98.30346703529358,98.05964827537537,87.189781665802,111.96364164352417,101.51363611221313,107.38561153411865,97.37721681594849,102.07246541976929,97.98306822776794,101.82653665542603,104.85477447509766
2011,Yankees,102.72411108016968,104.55288887023926,106.04710578918457,99.91980195045471,97.11595177650452,84.54716801643372,109.8764419555664,99.6001660823822,101.33137702941895,99.61516261100769,100.40067434310913,97.82713055610657,100.20781755447388,103.8581371307373
2012,Angels,94.90185976028442,93.95618438720703,91.15804433822632,100.28136968612671,95.95994353294373,88.1085753440857,92.36977696418762,101.14009380340576,96.64648771286011,100.16818046569824,99.49871301651001,98.53249788284302,97.14318513870239,96.36322259902954
2012,Astros,99.80581402778625,101.65919065475464,97.02144265174866,98.29642176628113,100.18430948257446,106.7561388015747,105.18817901611328,102.6812195777893,101.41886472702026,99.89988207817078,100.10578632354736,98.46866130828857,100,101.4988660812378
2012,Athletics,97.41210341453552,95.656818151474,94.74034905433655,98.63443970680237,99.0613043308258,106.81995153427124,92.1890377998352,98.6870527267456,101.26854181289673,98.57784509658813,101.47238969802856,100.5620002746582,106.9549560546875,97.88579940795898
2012,Blue Jays,103.11518907546997,104.18380498886108,100.37270784378052,98.52398633956909,106.55829906463623,105.76521158218384,109.13000106811523,102.22870111465454,98.839670419693,99.34241771697998,101.545250415802,102.20969915390015,99.7690498828888,102.35699415206909
2012,Braves,99.13982152938843,99.16377067565918,101.75918340682983,100.46873092651367,98.56576919555664,94.19770836830139,98.64208698272705,102.99515724182129,99.63668584823608,98.31593036651611,99.47887659072876,101.76414251327515,95.60955166816711,97.72858023643494
2012,Brewers,102.67925262451172,104.98144626617432,107.79792070388794,99.6248722076416,99.57236051559448,96.95321917533875,110.70905923843384,101.29591226577759,102.56197452545166,98.49148392677307,101.40419006347656,102.57742404937744,98.22564125061035,103.74383926391602
2012,Cardinals,98.1028139591217,96.37351632118225,99.27510619163513,99.12205934524536,98.7924873828888,94.64757442474365,93.2599663734436,98.03666472434998,100.13937950134277,99.64311718940735,100.4430890083313,100.59771537780762,100.13540983200073,98.67385625839233
2012,Cubs,101.85922384262085,101.89743041992188,101.10456943511963,101.01708173751831,101.47966146469116,103.05932760238647,101.172935962677,101.50187015533447,102.05416679382324,100.2609372138977,100.27360916137695,99.62932467460632,97.95523285865784,100.37598609924316
2012,Diamondbacks,103.99701595306396,104.39711809158325,107.93051719665527,99.47123527526855,103.85953187942505,122.49000072479248,103.84784936904907,99.59284663200378,97.77933359146118,99.87174868583679,99.73288774490356,99.2316722869873,96.16753458976746,100.76000690460205
2012,Dodgers,95.90789079666138,94.80620622634888,93.70709657669067,98.53200316429138,97.57349491119385,74.81437921524048,101.90720558166504,100.12224912643433,97.50581383705139,99.89141821861267,99.82231259346008,97.76368737220764,107.70972967147827,100.00467300415039
2012,Giants,93.09074282646179,89.5634114742279,87.46467232704163,98.81484508514404,98.2212245464325,107.6958417892456,86.80502772331238,100.01407861709595,99.93046522140503,101.47000551223755,95.07778286933899,97.51577377319336,94.9120581150055,94.9937105178833
2012,Indians,97.35584259033203,96.73305153846741,95.30007243156433,98.82363677024841,101.09832286834717,82.68609642982483,100.73612928390503,101.1780858039856,98.18981885910034,101.18581056594849,97.93251156806946,100.30757188796997,94.77929472923279,99.88617897033691
2012,Mariners,93.65457892417908,89.9671733379364,85.11546850204468,99.09631609916687,93.71718168258667,88.31374645233154,91.63983464241028,102.78393030166626,101.6103744506836,98.08346629142761,99.03361201286316,98.06205630302429,103.91002893447876,96.55621647834778
2012,Marlins,98.3888328075409,100.71817636489868,100.21140575408936,99.40162897109985,99.84352588653564,108.94036293029785,88.70657682418823,98.75034689903259,100.36821365356445,99.75197315216064,99.7229516506195,98.57028722763062,96.35721445083618,96.88323140144348
2012,Mets,95.24378180503845,93.53234767913818,94.06985640525818,95.67674398422241,95.01253962516785,84.94853973388672,101.94748640060425,101.83558464050293,101.04552507400513,96.93182110786438,100.91723203659058,98.4013557434082,108.10980796813965,100.33594369888306
2012,Nationals,100.13037919998169,99.85469579696655,101.07194185256958,103.96846532821655,101.98255777359009,86.83985471725464,96.82785868644714,97.8799819946289,97.0231831073761,101.1074423789978,99.70614910125732,103.1719446182251,97.35620021820068,98.58928322792053
2012,Orioles,102.11821794509888,103.20918560028076,107.94827938079834,100.72687864303589,99.56105351448059,86.48032546043396,107.4062705039978,99.20520186424255,100.79655647277832,100.50222873687744,99.87955689430237,98.63399863243103,99.54490661621094,103.61878871917725
2012,Padres,92.1218991279602,92.98807382583618,93.10389161109924,96.53810262680054,92.78709292411804,104.71639633178711,89.31299448013306,103.03322076797485,102.60456800460815,99.72230792045593,98.01602363586426,97.09711074829102,96.76456451416016,96.51108980178833
2012,Phillies,99.83614683151245,101.0746717453003,98.50894808769226,97.69433736801147,99.63027238845825,93.99420022964478,106.76933526992798,102.24214792251587,100.63667297363281,99.31180477142334,100.56191682815552,97.11586236953735,101.58823728561401,101.95647478103638
2012,Pirates,96.79814577102661,93.94717812538147,88.78706097602844,100.55986642837524,100.92000961303711,92.6287055015564,87.90099024772644,95.1016902923584,95.99087238311768,102.37700939178467,99.23506379127502,99.77274537086487,98.66513013839722,96.88748717308044
2012,Rangers,105.77495098114014,108.53514671325684,108.38667154312134,102.21899747848511,100.25656223297119,109.62684154510498,105.61574697494507,98.12394380569458,100.70220232009888,100.21346807479858,100.73518753051758,102.14880704879761,98.16302061080933,102.828049659729
2012,Rays,94.90007758140564,94.05540823936462,94.07462477684021,98.28343987464905,94.74955201148987,103.49533557891846,94.92409229278564,100.79452991485596,99.86869096755981,98.466956615448,100.68060159683228,98.9930272102356,109.81160402297974,98.08830618858337
2012,Red Sox,104.02227640151978,105.02389669418335,109.43928956985474,102.17863321304321,113.57537508010864,100.32883882522583,95.02007961273193,99.76069927215576,100.69037675857544,101.52970552444458,97.97036051750183,104.56583499908447,101.50282382965088,97.86732196807861
2012,Reds,101.26670598983765,102.81493663787842,105.24147748947144,98.85762333869934,96.69265151023865,97.95247912406921,113.00188302993774,102.62689590454102,100.30655860900879,98.93954992294312,100,97.9090929031372,101.63664817810059,103.07332277297974
2012,Rockies,116.95473194122314,118.25100183486938,126.19407176971436,108.28967094421387,108.81073474884033,126.03857517242432,115.69494009017944,95.34135460853577,100.38391351699829,105.61683177947998,99.68575835227966,108.7900161743164,95.27285099029541,107.8118085861206
2012,Royals,100.98254680633545,101.51536464691162,101.59021615982056,101.49149894714355,101.22466087341309,118.03183555603027,94.54130530357361,97.22343683242798,99.36107993125916,101.90013647079468,100.70251226425171,100.95255374908447,95.03058195114136,99.06170964241028
2012,Tigers,102.01812982559204,104.11081314086914,103.28974723815918,101.61272287368774,97.9046642780304,123.32535982131958,99.66949224472046,94.79160904884338,98.5181450843811,101.33869647979736,102.9808759689331,97.80679941177368,103.0725359916687,100.86798667907715
2012,Twins,100.69156885147095,100.12799501419067,102.036452293396,101.8126130104065,101.78248882293701,110.26315689086914,94.47512030601501,98.07161092758179,99.94752407073975,100.89759826660156,98.92223477363586,103.36735248565674,100.60817003250122,98.7596869468689
2012,White Sox,103.5880446434021,103.76858711242676,112.18750476837158,98.84238839149475,98.75714778900146,90.31767249107361,110.90484857559204,102.36326456069946,106.66468143463135,97.47093915939331,102.23363637924194,98.29168915748596,103.97589206695557,103.9132833480835
2012,Yankees,102.7828574180603,103.16576957702637,99.62282180786133,99.7139036655426,97.89416790008545,84.59731340408325,111.13259792327881,100.23550987243652,100.14814138412476,98.68521690368652,101.10465288162231,97.8107750415802,99.68246817588806,103.56608629226685
2013,Angels,94.85681653022766,95.17170786857605,98.49745035171509,99.81422424316406,96.38016819953918,90.91496467590332,93.1725561618805,101.51650905609131,96.96740508079529,99.82985854148865,99.36960935592651,96.99620008468628,97.42664098739624,96.51065468788147
2013,Astros,100.37640333175659,100.33540725708008,103.43493223190308,98.53115677833557,100.33828020095825,108.35051536560059,105.18630743026733,102.74852514266968,101.0759711265564,100.30571222305298,99.09670352935791,98.41609001159668,100,101.37749910354614
2013,Athletics,97.30872511863708,96.71372175216675,94.76897716522217,98.975270986557,99.6126651763916,104.98586893081665,92.69362092018127,97.4594235420227,100.6108045578003,98.98411631584167,102.48535871505737,99.61463809013367,108.08016061782837,98.40291738510132
2013,Blue Jays,101.67645215988159,102.55402326583862,105.47866821289062,97.37082123756409,108.32010507583618,104.82230186462402,106.17879629135132,101.62862539291382,99.26171898841858,99.07375574111938,100.92198848724365,101.24752521514893,99.35460090637207,101.48950815200806
2013,Braves,98.51291179656982,99.00196194648743,97.92636632919312,99.71336126327515,98.94161820411682,92.86670088768005,96.01265788078308,103.42257022857666,101.40544176101685,98.50991368293762,99.61470365524292,100.72067975997925,96.54363989830017,97.37202525138855
2013,Brewers,103.56231927871704,104.38423156738281,105.08207082748413,99.30398464202881,100.21916627883911,102.24698781967163,112.1479868888855,101.35817527770996,102.37373113632202,99.03285503387451,100.55370330810547,102.37318277359009,95.7365334033966,104.11268472671509
2013,Cardinals,98.09019565582275,99.26104545593262,94.90604400634766,99.94863867759705,99.4049608707428,95.26734352111816,94.23670768737793,97.67929911613464,98.81103038787842,100.14420747756958,101.32725238800049,100.063955783844,101.36289596557617,98.80571365356445
2013,Cubs,100.0125527381897,101.95590257644653,108.83996486663818,99.40509796142578,98.94457459449768,101.86706781387329,102.18808650970459,101.31592750549316,102.16255187988281,99.9175488948822,99.82209801673889,99.49934482574463,98.82298111915588,100.59084892272949
2013,Diamondbacks,104.12485599517822,104.46395874023438,98.79621863365173,99.47003126144409,105.11757135391235,120.04930973052979,101.80422067642212,99.68868494033813,98.54898452758789,100.21458864212036,99.47003126144409,98.83705377578735,95.54770588874817,100.20809173583984
2013,Dodgers,95.73216438293457,94.41117644309998,93.7844455242157,97.67627120018005,98.37205410003662,77.94681787490845,101.65334939956665,100.40203332901001,95.50673961639404,99.04566407203674,100.15499591827393,97.09809422492981,105.72398900985718,99.19894337654114
2013,Giants,92.34403967857361,92.30793118476868,93.86549592018127,98.72175455093384,97.06853032112122,114.75585699081421,84.172523021698,100.29773712158203,99.91020560264587,101.16474628448486,94.83224153518677,97.74866104125977,96.07698917388916,93.74439120292664
2013,Indians,99.50754046440125,96.52843475341797,96.84481620788574,100.4762053489685,103.4244179725647,81.02332353591919,101.00178718566895,101.2715220451355,99.13919568061829,101.37748718261719,96.97704911231995,100.61371326446533,94.54349279403687,99.94155764579773
2013,Mariners,96.26702666282654,95.25423645973206,99.59514141082764,97.98499941825867,96.34252786636353,84.8800003528595,99.16152954101562,102.64856815338135,98.8877534866333,96.79202437400818,102.31490135192871,97.49264717102051,106.86138868331909,98.33471179008484
2013,Marlins,98.39574098587036,100.7149338722229,101.38661861419678,99.40425157546997,99.84422326087952,108.89277458190918,88.74421715736389,98.75574707984924,100.36656856536865,99.75306987762451,99.7241735458374,98.57643842697144,96.37210369110107,96.8961238861084
2013,Mets,95.26269435882568,93.55738759040833,93.72650980949402,95.69411873817444,95.03225684165955,84.99312996864319,101.93846225738525,101.82709693908691,101.04076862335205,96.9445288181305,100.91307163238525,98.40821027755737,108.06729793548584,100.33444166183472
2013,Nationals,100.45744180679321,101.57502889633179,100.5855917930603,103.51383686065674,101.8231749534607,84.25320982933044,97.09877967834473,97.45339751243591,97.69370555877686,100.4791259765625,101.00710391998291,101.44462585449219,99.20458197593689,98.94142150878906
2013,Orioles,102.64568328857422,102.44995355606079,102.63034105300903,100.85076093673706,99.12195205688477,86.47239208221436,108.15234184265137,98.74656200408936,100.01821517944336,100.33063888549805,100.66797733306885,100.5858063697815,99.23076629638672,103.7459135055542
2013,Padres,95.21162509918213,93.61814260482788,92.00224876403809,98.2862114906311,96.09516859054565,95.79670429229736,96.02680206298828,101.34226083755493,100,100.32662153244019,97.98784255981445,99.14076328277588,96.56571745872498,98.03346395492554
2013,Phillies,100.30156373977661,99.97683763504028,104.95690107345581,97.84031510353088,99.23599362373352,91.93248152732849,106.86300992965698,102.86527872085571,101.53170824050903,99.21289682388306,100.66325664520264,96.88427448272705,103.80575656890869,102.0395278930664
2013,Pirates,95.96489071846008,94.2391574382782,95.63701748847961,100.612473487854,98.5979437828064,89.25541043281555,89.65427875518799,95.83021998405457,96.04969024658203,102.15625762939453,98.00184965133667,101.3239860534668,96.68989777565002,97.46766090393066
2013,Rangers,106.24079704284668,103.4155011177063,99.29539561271667,102.732253074646,100.55584907531738,110.12414693832397,104.86745834350586,98.11815619468689,101.96805000305176,100.59049129486084,100.99464654922485,102.54361629486084,96.02556228637695,102.82355546951294
2013,Rays,96.46835923194885,96.87294363975525,96.78742289543152,98.95153641700745,94.90795135498047,97.89726138114929,95.5523431301117,101.53075456619263,99.54658150672913,98.23895692825317,101.34925842285156,97.7529764175415,108.2477331161499,97.93353080749512
2013,Red Sox,104.92398738861084,103.50602865219116,98.11615347862244,102.71925926208496,114.28289413452148,104.84615564346313,95.84477543830872,99.76669549942017,99.8860239982605,101.32250785827637,97.33061194419861,105.47709465026855,101.71917676925659,97.8989839553833
2013,Reds,102.21303701400757,100.92858076095581,99.49474334716797,99.37970042228699,97.61592149734497,91.866934299469,112.9452109336853,103.31722497940063,101.02605819702148,98.60628247261047,100.36438703536987,98.78779649734497,101.25035047531128,103.3100962638855
2013,Rockies,117.41858720779419,120.39179801940918,112.5063419342041,109.54335927963257,108.4587574005127,128.16059589385986,113.28063011169434,94.89630460739136,101.69835090637207,106.42784833908081,99.36003684997559,108.65195989608765,93.54318976402283,107.81859159469604
2013,Royals,101.1115312576294,101.97508335113525,103.79047393798828,100.75918436050415,102.75068283081055,113.7820839881897,93.37383508682251,96.13743424415588,99.44664239883423,101.53889656066895,100.5317211151123,101.20601654052734,95.55564522743225,98.90249371528625
2013,Tigers,101.27657651901245,103.1897783279419,106.40668869018555,100.90677738189697,97.97635078430176,126.37144327163696,98.20905923843384,95.17051577568054,99.06596541404724,100.80450773239136,102.86767482757568,97.83844947814941,101.71574354171753,100.44578313827515
2013,Twins,100.98365545272827,102.79014110565186,100.94014406204224,102.15178728103638,100.78651905059814,106.39593601226807,98.35509061813354,98.17833304405212,99.09414052963257,101.181960105896,99.4566798210144,102.91714668273926,100.96774101257324,100.0864028930664
2013,White Sox,101.6217827796936,104.75202798843384,99.92939233779907,99.21550750732422,96.62832021713257,90.84884524345398,107.90232419967651,102.6703953742981,107.17893838882446,97.9520857334137,102.04992294311523,99.20615553855896,103.6454439163208,103.22887897491455
2013,Yankees,101.47024393081665,100.27453899383545,104.03140783309937,99.5493233203888,96.52770161628723,83.92392992973328,109.86746549606323,100.73024034500122,100.63701868057251,98.6227810382843,101.68970823287964,98.74439239501953,102.01696157455444,103.42409610748291
2014,Angels,95.46722173690796,96.08938694000244,96.21309638023376,99.37107563018799,96.12002372741699,91.01426601409912,95.40975093841553,101.93920135498047,96.94955945014954,99.80257153511047,99.65376853942871,96.6112494468689,98.4142005443573,97.09051847457886
2014,Astros,97.79415130615234,100.20245313644409,100.55510997772217,98.34253787994385,97.70290851593018,109.95689630508423,101.84458494186401,103.73213291168213,99.83025789260864,100.52400827407837,97.40968942642212,99.2907166481018,100.84490776062012,99.47256445884705
2014,Athletics,96.24361991882324,97.60547280311584,101.08696222305298,99.09038543701172,99.48855638504028,106.73797130584717,91.99586510658264,97.2948968410492,99.00779128074646,99.27259683609009,102.5732159614563,99.4860827922821,108.69770050048828,97.90525436401367
2014,Blue Jays,101.6593337059021,100.71982145309448,101.95586681365967,97.38176465034485,108.02247524261475,99.63772296905518,104.63235378265381,101.03132724761963,99.65595006942749,99.52533841133118,99.74732995033264,99.73490238189697,98.67438077926636,101.20065212249756
2014,Braves,99.47044253349304,97.39369750022888,97.20279574394226,100.13818740844727,98.1848955154419,95.9520936012268,94.36720609664917,103.01070213317871,102.02243328094482,98.40551614761353,100.04693269729614,101.29519701004028,98.75608682632446,97.26046323776245
2014,Brewers,102.93080806732178,103.29715013504028,100.07145404815674,98.27631115913391,99.50330257415771,100.55949687957764,112.57562637329102,101.5218734741211,101.35480165481567,98.47027063369751,101.4991283416748,100.47434568405151,96.88528180122375,104.07806634902954
2014,Cardinals,98.33087921142578,98.46379160881042,104.61993217468262,100.7742166519165,100.5162239074707,94.42477822303772,95.54164409637451,97.67318964004517,97.9553759098053,100.5436658859253,101.59190893173218,100.85904598236084,103.53446006774902,99.11041855812073
2014,Cubs,99.45946335792542,100.79373121261597,96.77861332893372,98.96089434623718,99.69638586044312,99.72172975540161,100.26605129241943,100.73854923248291,102.341628074646,99.81502294540405,99.65510368347168,100.10912418365479,99.9372124671936,100.19609928131104
2014,Diamondbacks,104.87852096557617,102.80165672302246,107.11218118667603,100,105.08207082748413,125.39876699447632,103.64502668380737,100.28886795043945,99.57183599472046,100.57562589645386,99.4767427444458,99.74752068519592,93.40379238128662,100.827956199646
2014,Dodgers,94.62804794311523,95.20117044448853,95.6396758556366,97.38681316375732,98.06485772132874,76.0073721408844,101.21923685073853,100.66492557525635,94.37281489372253,98.64224195480347,99.5502233505249,97.24754095077515,101.67553424835205,98.46161007881165
2014,Giants,94.56278681755066,94.23404932022095,96.2664783000946,99.92919564247131,97.81177043914795,118.07947158813477,85.10349988937378,99.325031042099,101.51398181915283,101.09153985977173,96.07765674591064,97.17262387275696,95.40675282478333,94.73135471343994
2014,Indians,101.52291059494019,101.60272121429443,97.65193462371826,101.15936994552612,106.10651969909668,79.92227077484131,102.0659327507019,100.57299137115479,100.29551982879639,101.24404430389404,97.75819182395935,100.99841356277466,93.43505501747131,100.51907300949097
2014,Mariners,96.26702666282654,95.25423645973206,91.73142910003662,97.98499941825867,96.34252786636353,84.8800003528595,99.16152954101562,102.64856815338135,98.8877534866333,96.79202437400818,102.31490135192871,97.49264717102051,106.86138868331909,98.33471179008484
2014,Marlins,98.39574098587036,99.82693195343018,100.6406307220459,99.40425157546997,99.84422326087952,108.89277458190918,88.74421715736389,98.75574707984924,100.36656856536865,99.75306987762451,99.7241735458374,98.57643842697144,96.37210369110107,96.8961238861084
2014,Mets,95.26269435882568,93.47967505455017,92.80582666397095,95.69411873817444,95.03225684165955,84.99312996864319,101.93846225738525,101.82709693908691,101.04076862335205,96.9445288181305,100.91307163238525,98.40821027755737,108.06729793548584,100.33444166183472
2014,Nationals,100.42434930801392,101.19767189025879,103.17442417144775,103.24031114578247,100.83248615264893,85.48780679702759,96.68856859207153,98.5330879688263,99.90919828414917,100.46114921569824,102.05366611480713,101.18536949157715,99.75817799568176,99.11889433860779
2014,Orioles,102.29833126068115,102.52707004547119,96.79090976715088,101.45910978317261,96.82685732841492,86.83962225914001,106.78240060806274,98.41829538345337,99.40586686134338,100.44796466827393,100.27282238006592,100.5641222000122,99.38997626304626,102.98113822937012
2014,Padres,95.21162509918213,93.61814260482788,91.78203344345093,98.2862114906311,96.09516859054565,95.79670429229736,96.02680206298828,101.34226083755493,100,100.32662153244019,97.98784255981445,99.14076328277588,96.56571745872498,98.03346395492554
2014,Phillies,98.84024858474731,101.10387802124023,96.67556881904602,97.41502404212952,97.50565886497498,92.67441630363464,108.42616558074951,103.42437028884888,101.14833116531372,99.37075972557068,99.99102354049683,95.98028063774109,106.65884017944336,102.48292684555054
2014,Pirates,96.44771218299866,97.16676473617554,98.94419312477112,100.59828758239746,98.87046217918396,96.75257802009583,89.75609540939331,96.2805688381195,97.17977046966553,101.73808336257935,97.57335186004639,103.13982963562012,98.24512600898743,97.35416769981384
2014,Rangers,104.32958602905273,102.77000665664673,102.43690013885498,103.31302881240845,99.47382807731628,107.85442590713501,101.36536359786987,98.45459461212158,101.9530177116394,99.96155500411987,100.60393810272217,102.7416467666626,96.61516547203064,101.33756399154663
2014,Rays,97.12860584259033,98.50001931190491,100.07550716400146,98.59421253204346,95.00324726104736,101.19034051895142,95.28966546058655,102.41895914077759,100.25627613067627,98.02709817886353,100.69501399993896,98.87970685958862,105.67704439163208,97.48026132583618
2014,Red Sox,105.125892162323,103.24227809906006,103.35303544998169,102.16463804244995,115.17612934112549,107.94843435287476,97.52827286720276,98.92261028289795,99.9174416065216,101.84763669967651,97.50422239303589,104.46579456329346,102.46093273162842,98.95297288894653
2014,Reds,101.3315200805664,101.11569166183472,98.25038313865662,99.00813698768616,98.4745740890503,91.17817282676697,111.49053573608398,103.5509467124939,102.0329236984253,98.29930067062378,100.13436079025269,98.92619848251343,100.75021982192993,103.16516160964966
2014,Rockies,117.52938032150269,118.29230785369873,122.61538505554199,109.74302291870117,109.73652601242065,130.89712858200073,112.52613067626953,95.20708918571472,102.17519998550415,107.09750652313232,98.43642115592957,108.81165266036987,90.31369090080261,107.80689716339111
2014,Royals,102.62774229049683,101.73134803771973,100.66287517547607,101.27377510070801,104.7664999961853,114.54964876174927,93.99790167808533,96.76985740661621,98.83794784545898,100.967538356781,101.75827741622925,100.95118284225464,95.15151381492615,98.827064037323
2014,Tigers,100.92519521713257,100.36357641220093,100.1278281211853,100.22790431976318,96.9628095626831,124.66192245483398,99.64213371276855,95.92514634132385,99.8586118221283,100.34327507019043,103.15738916397095,98.27982187271118,103.67013216018677,100.89330673217773
2014,Twins,101.84227228164673,102.03945636749268,105.38612604141235,102.32858657836914,102.04986333847046,107.4117660522461,99.24821257591248,97.24115133285522,98.31690192222595,102.27193832397461,99.73480105400085,101.88475847244263,100.44530630111694,100.65045356750488
2014,White Sox,101.0230302810669,99.26971793174744,102.42284536361694,99.24957156181335,96.69039845466614,94.02438998222351,106.82562589645386,101.59013271331787,104.47602272033691,98.85882139205933,100.80463886260986,99.95737671852112,101.62848234176636,102.70110368728638
2014,Yankees,100.63406229019165,100.78343152999878,97.40168452262878,99.06488060951233,95.53824067115784,80.69204092025757,110.78646183013916,101.07663869857788,100.6845235824585,98.29344749450684,101.75356864929199,98.3146607875824,102.34637260437012,103.718101978302
2015,Angels,96.69580459594727,95.1625645160675,93.43954920768738,100.33293962478638,95.85051536560059,88.36501836776733,97.53647446632385,101.66816711425781,97.32438325881958,100.70611238479614,99.89520311355591,97.60480523109436,99.88901615142822,98.14144372940063
2015,Astros,96.67742848396301,95.78142762184143,96.57849073410034,97.85947799682617,96.28965258598328,108.73651504516602,101.96919441223145,102.73327827453613,98.79770874977112,100.21994113922119,97.67656922340393,98.00826907157898,100.11762380599976,99.49179887771606
2015,Athletics,98.10786247253418,96.55043482780457,97.37635850906372,99.10257458686829,101.97702646255493,113.30134868621826,93.99402141571045,98.13098907470703,99.40549731254578,99.5216429233551,101.86971426010132,99.63021874427795,105.16573190689087,98.49326610565186
2015,Blue Jays,101.11123323440552,101.18080377578735,95.58486342430115,97.41166234016418,108.0284833908081,97.45528101921082,103.49551439285278,100.32827854156494,99.4327962398529,99.30520057678223,99.28047060966492,99.73293542861938,98.2666552066803,100.86915493011475
2015,Braves,99.47044253349304,99.12617802619934,97.07112908363342,100.13818740844727,98.1848955154419,95.9520936012268,94.36720609664917,103.01070213317871,102.02243328094482,98.40551614761353,100.04693269729614,101.29519701004028,98.75608682632446,97.26046323776245
2015,Brewers,102.03819274902344,101.12628936767578,104.76095676422119,98.96551966667175,100.80050230026245,95.74324488639832,107.71703720092773,100.81796646118164,101.0951042175293,99.45883750915527,100.37806034088135,100.80709457397461,96.56198620796204,102.81084775924683
2015,Cardinals,97.44791388511658,98.92966151237488,96.75604104995728,100.38524866104126,99.06728863716125,95.89002728462219,94.86761689186096,97.49097228050232,98.41204285621643,100.48377513885498,101.14792585372925,100.68777799606323,102.64977216720581,98.828125
2015,Cubs,100.42245388031006,96.1139976978302,97.67652153968811,99.6162474155426,99.87770318984985,102.61410474777222,100.60086250305176,100.55828094482422,101.90109014511108,99.9396800994873,98.7125813961029,100.97885131835938,96.60736322402954,100.34009218215942
2015,Diamondbacks,105.13736009597778,106.85417652130127,102.87543535232544,99.7420608997345,106.34783506393433,127.25691795349121,104.07483577728271,100.16164779663086,100.1843810081482,100.55463314056396,100,100.6930947303772,93.0078387260437,101.25061273574829
2015,Dodgers,95.50551176071167,94.20197606086731,96.14914655685425,96.77145481109619,99.42588210105896,76.6974925994873,100.4135251045227,100.21873712539673,93.86160969734192,98.63088726997375,100.0188946723938,96.36057019233704,101.85527801513672,98.09820652008057
2015,Giants,95.64250707626343,96.43417000770569,92.70011186599731,100.39211511611938,98.82022738456726,121.97674512863159,85.82091927528381,99.88783001899719,100.76172351837158,101.05366706848145,96.78283333778381,98.08604717254639,98.13056588172913,94.76156830787659
2015,Indians,102.31502056121826,106.13547563552856,111.9648814201355,101.04564428329468,105.88206052780151,83.18553566932678,102.35661268234253,100.26646852493286,100.10002851486206,101.22513771057129,97.17339277267456,100.88049173355103,92.39284992218018,100.23839473724365
2015,Mariners,96.26702666282654,94.54562664031982,94.24657821655273,97.98499941825867,96.34252786636353,84.8800003528595,99.16152954101562,102.64856815338135,98.8877534866333,96.79202437400818,102.31490135192871,97.49264717102051,106.86138868331909,98.33471179008484
2015,Marlins,97.01679348945618,96.67984247207642,97.66595959663391,98.94879460334778,97.5866973400116,107.82134532928467,90.04220366477966,98.76448512077332,100.5305290222168,100.66345930099487,98.65484833717346,97.03050255775452,94.8968231678009,97.31411337852478
2015,Mets,95.07312774658203,95.31608819961548,93.88646483421326,95.29559016227722,96.09485268592834,85.68181991577148,98.77384305000305,101.67657136917114,101.1692762374878,97.18630313873291,100.65895318984985,98.30417037010193,110.17154455184937,99.52166676521301
2015,Nationals,100.74237585067749,100.23657083511353,100,103.81067991256714,101.50576829910278,81.39009475708008,96.89363837242126,99.21833872795105,100.07181167602539,99.79703426361084,101.78860425949097,101.089608669281,98.08237552642822,98.82640838623047
2015,Orioles,101.12099647521973,100.79045295715332,108.29333066940308,101.09094381332397,95.71719765663147,87.0103120803833,106.33360147476196,98.27538132667542,99.9819278717041,100.52258968353271,101.8633484840393,100.28160810470581,99.84797239303589,103.38588953018188
2015,Padres,95.21162509918213,96.67866230010986,96.78718447685242,98.2862114906311,96.09516859054565,95.79670429229736,96.02680206298828,101.34226083755493,100,100.32662153244019,97.98784255981445,99.14076328277588,96.56571745872498,98.03346395492554
2015,Phillies,99.73589181900024,96.875,101.78520679473877,97.55311012268066,97.1386194229126,95.38016319274902,111.38278245925903,104.32822704315186,101.1090636253357,99.19885993003845,100.9339451789856,97.04745411872864,108.28946828842163,103.14779281616211
2015,Pirates,98.1439471244812,98.76026511192322,96.84684872627258,102.28015184402466,99.32630062103271,95.71792483329773,92.08542704582214,96.68230414390564,98.57165217399597,102.05327272415161,98.33213090896606,104.2131781578064,99.349844455719,98.44759106636047
2015,Rangers,104.63969707489014,105.41638135910034,106.5376877784729,103.49894762039185,99.59047436714172,108.67384672164917,101.20790004730225,97.81020879745483,103.53963375091553,100.40192604064941,100.28342008590698,102.80803442001343,97.60705232620239,101.90197229385376
2015,Rays,97.34936952590942,97.75506258010864,98.85116219520569,98.97216558456421,94.3254828453064,100.10368824005127,96.22052311897278,102.79510021209717,100.15441179275513,97.75845408439636,99.63540434837341,99.90414381027222,104.2414665222168,97.63171672821045
2015,Red Sox,103.63520383834839,107.20604658126831,108.81222486495972,102.6591420173645,112.44250535964966,103.31579446792603,95.2458143234253,98.90080690383911,99.28925037384033,102.0411491394043,97.04775810241699,103.32595109939575,100.61628818511963,98.11877012252808
2015,Reds,100.64494609832764,101.01646184921265,105.34082651138306,98.02666902542114,99.93818402290344,91.29748344421387,107.63280391693115,103.97995710372925,102.08570957183838,98.07900786399841,99.73333477973938,97.92065024375916,102.20279693603516,102.08353996276855
2015,Rockies,115.58996438980103,119.59264278411865,119.77440118789673,108.6851954460144,109.36582088470459,132.49584436416626,110.16212701797485,95.09735107421875,102.21284627914429,106.52425289154053,98.89004230499268,107.22907781600952,89.88953828811646,106.73552751541138
2015,Royals,101.55079364776611,103.12424898147583,100.8962869644165,100.6880521774292,105.30229806900024,114.29053544998169,92.20472574234009,97.0582365989685,98.77229928970337,100.45151710510254,101.06245279312134,100.97572803497314,94.75085139274597,97.8758454322815
2015,Tigers,101.80889368057251,98.72856140136719,95.3753650188446,100.65069198608398,98.60174655914307,123.04192781448364,100.88297128677368,95.66736817359924,99.93060231208801,99.9596118927002,103.59117984771729,100.95126628875732,105.07030487060547,101.67649984359741
2015,Twins,102.291738986969,102.39639282226562,99.73323345184326,102.6877760887146,102.77992486953735,104.37500476837158,100.6712794303894,97.598135471344,98.72159361839294,102.32043266296387,100.80603361129761,101.52699947357178,100.43493509292603,101.1465072631836
2015,White Sox,99.01259541511536,98.139888048172,95.47209739685059,98.22402596473694,94.88216042518616,93.41003894805908,105.19373416900635,102.28052139282227,103.32554578781128,98.49041700363159,100.72058439254761,98.00158739089966,104.77725267410278,101.63778066635132
2015,Yankees,100.87429285049438,100.06766319274902,101.03120803833008,99.05734062194824,94.95489597320557,83.13947319984436,112.1625542640686,101.42117738723755,100.38492679595947,97.99551367759705,101.91699266433716,97.88128733634949,101.63285732269287,103.65030765533447
2016,Angels,96.69469594955444,95.62833309173584,95.77714800834656,98.92875552177429,95.33604383468628,84.3478262424469,99.63136315345764,101.61045789718628,97.58557081222534,100.3849983215332,99.95930790901184,97.6507842540741,100.48116445541382,98.82718324661255
2016,Astros,95.94763517379761,92.93231964111328,90.94181060791016,97.47326374053955,95.93217968940735,104.99999523162842,100.64126253128052,102.11713314056396,97.86536693572998,100.13288259506226,97.39447832107544,96.73691987991333,100.17255544662476,98.58203530311584
2016,Athletics,97.60715961456299,98.0023205280304,91.93928241729736,98.65632057189941,101.93299055099487,107.82608985900879,93.29787492752075,98.22858572006226,98.65796566009521,99.57127571105957,100.2825140953064,100.1773476600647,101.33227109909058,97.72682785987854
2016,Blue Jays,99.78517889976501,99.68721866607666,107.19704627990723,97.68660068511963,105.1139235496521,102.30346918106079,102.38226652145386,100.1592755317688,98.61286282539368,99.8834490776062,99.37214851379395,98.03189635276794,97.06029891967773,100.34263134002686
2016,Braves,99.47044253349304,99.12617802619934,102.75770425796509,100.13818740844727,98.1848955154419,95.9520936012268,94.36720609664917,103.01070213317871,102.02243328094482,98.40551614761353,100.04693269729614,101.29519701004028,98.75608682632446,97.26046323776245
2016,Brewers,101.2441635131836,102.09438800811768,98.68667721748352,97.82131314277649,99.94706511497498,94.31138634681702,106.55092000961304,101.62742137908936,100.03776550292969,98.75601530075073,99.9127447605133,100.0131607055664,97.09205031394958,101.56897306442261
2016,Cardinals,97.74409532546997,95.8907961845398,96.31229043006897,100.94209909439087,99.56154227256775,96.27218842506409,94.92537379264832,97.37943410873413,97.90101647377014,100.96286535263062,100.84251165390015,102.07979679107666,101.69719457626343,98.8569974899292
2016,Cubs,99.69061017036438,99.28985834121704,94.05245780944824,98.70089292526245,98.86503219604492,105.37160634994507,99.8965322971344,99.68266487121582,101.85986757278442,99.66277480125427,98.95417094230652,100.39372444152832,97.10254073143005,100.06539821624756
2016,Diamondbacks,105.13736009597778,107.55829811096191,110.34176349639893,99.7420608997345,106.34783506393433,127.25691795349121,104.07483577728271,100.16164779663086,100.1843810081482,100.55463314056396,100,100.6930947303772,93.0078387260437,101.25061273574829
2016,Dodgers,95.51689624786377,95.17782926559448,91.13923907279968,96.29668593406677,100.08798837661743,74.67430830001831,101.18417739868164,100.41292905807495,93.53020787239075,98.55018258094788,100.2659797668457,95.71884274482727,103.67189645767212,98.20789694786072
2016,Giants,96.79498076438904,95.23824453353882,100.55760145187378,101.06714963912964,99.2071270942688,119.5348858833313,85.6649100780487,99.39267635345459,100.10850429534912,101.32559537887573,96.29755020141602,98.83117079734802,98.19305539131165,94.50372457504272
2016,Indians,104.06557321548462,106.39443397521973,109.51168537139893,101.65430307388306,106.19381666183472,85.39456129074097,101.81868076324463,99.66758489608765,101.16499662399292,101.69495344161987,96.52360677719116,102.10065841674805,92.19459295272827,100.66443681716919
2016,Mariners,95.05985975265503,95.87982296943665,97.22589254379272,97.33814001083374,93.70566606521606,86.90909147262573,100,103.12122106552124,98.82765412330627,96.54194712638855,102.10243463516235,96.21654748916626,103.91491651535034,98.29598069190979
2016,Marlins,94.68426704406738,94.32616233825684,92.18148589134216,99.02775287628174,95.7534909248352,103.39411497116089,89.77256417274475,99.16852712631226,100.08312463760376,100.76099634170532,99.35171604156494,97.98654317855835,95.3413724899292,97.4395751953125
2016,Mets,93.79082918167114,95.30416131019592,99.42339658737183,95.40767073631287,94.24082040786743,86.27896308898926,97.13489413261414,101.36604309082031,99.63355660438538,97.06982970237732,100.09350776672363,97.25132584571838,109.183669090271,98.31098318099976
2016,Nationals,101.76060199737549,100.22246837615967,97.93608784675598,102.6986837387085,102.88105010986328,83.29341411590576,100.04843473434448,99.92536902427673,100.80732107162476,99.36548471450806,102.76049375534058,100,97.37499952316284,100.15443563461304
2016,Orioles,100.47664642333984,102.16134786605835,97.80662655830383,101.51004791259766,95.58719396591187,87.47273683547974,105.13298511505127,97.70957827568054,99.70148801803589,101.1090874671936,102.95703411102295,99.47853088378906,100.60737133026123,103.28640937805176
2016,Padres,96.90527319908142,96.33607864379883,100.64486265182495,99.10226464271545,98.87241125106812,94.83001232147217,96.45603895187378,100.44134855270386,101.92553997039795,100.64102411270142,98.25648069381714,102.31566429138184,97.87731766700745,98.9697515964508
2016,Phillies,99.26416873931885,99.07745122909546,92.4678087234497,97.92483448982239,96.48290276527405,93.90715956687927,109.16167497634888,104.52287197113037,100.17415285110474,98.62962365150452,101.10379457473755,96.66950702667236,109.14148092269897,101.87914371490479
2016,Pirates,97.84423112869263,98.30731749534607,100.31474828720093,101.56753063201904,101.16579532623291,95.45016884803772,93.49358081817627,97.03210592269897,100.17095804214478,101.63806676864624,98.36984872817993,102.86118984222412,99.13166761398315,99.21552538871765
2016,Rangers,107.58763551712036,107.91388750076294,107.19625949859619,104.13569211959839,102.02276706695557,119.79057788848877,104.30080890655518,97.58561253547668,103.47923040390015,100.5723237991333,101.39833688735962,103.85459661483765,100.16684532165527,103.67070436477661
2016,Rays,97.30559587478638,96.25822305679321,94.80483531951904,98.96358251571655,93.57143044471741,97.34317064285278,95.5068051815033,102.54276990890503,100.42601823806763,96.98995351791382,99.4868814945221,99.27736520767212,104.80916500091553,96.89682722091675
2016,Red Sox,104.71508502960205,106.37813806533813,109.14696455001831,102.88771390914917,114.15073871612549,103.50708961486816,96.34473919868469,98.53590130805969,99.25374388694763,102.28153467178345,97.88313508033752,102.79651880264282,100.56915283203125,98.68631362915039
2016,Reds,101.77919864654541,101.73712968826294,99.52650666236877,98.22458028793335,99.51053857803345,95.26315927505493,108.48596096038818,104.44139242172241,103.4725546836853,97.80300259590149,100.08985996246338,99.13949370384216,101.84564590454102,102.51733064651489
2016,Rockies,115.54933786392212,117.18978881835938,116.76456928253174,108.51023197174072,112.07494735717773,134.56875085830688,110.95268726348877,95.93870043754578,102.28149890899658,106.39065504074097,98.52903485298157,104.56385612487793,88.66738080978394,106.53181076049805
2016,Royals,101.42649412155151,101.44835710525513,107.87085294723511,100.61513185501099,105.79886436462402,112.92910575866699,92.48575568199158,97.13031649589539,99.47736263275146,100.58529376983643,100.41564702987671,101.81249380111694,95.38461565971375,98.17829728126526
2016,Tigers,100.2928614616394,101.3167142868042,100.90446472167969,100.47057867050171,98.06668758392334,120.44943571090698,99.57594871520996,96.32967710494995,98.88452291488647,99.77073669433594,103.66294384002686,101.11416578292847,105.3956389427185,101.23046636581421
2016,Twins,102.13066339492798,102.14755535125732,102.06663608551025,102.45245695114136,102.83757448196411,103.43323945999146,101.55695676803589,97.97351360321045,100.32161474227905,102.0930290222168,100.36563873291016,100.84309577941895,100.804603099823,101.70118808746338
2016,White Sox,98.54639172554016,97.46952056884766,96.58127427101135,99.01338219642639,95.48555016517639,95.9744393825531,103.27118635177612,103.00081968307495,101.04868412017822,98.64590167999268,101.57856941223145,98.14288020133972,101.91648006439209,100.21035671234131
2016,Yankees,101.2683629989624,101.16796493530273,101.6456127166748,99.65996742248535,94.57675814628601,83.00830125808716,112.07683086395264,100.9047269821167,101.01124048233032,98.0627179145813,102.02586650848389,99.64330196380615,104.93321418762207,104.25983667373657
2017,Angels,97.60276675224304,97.29526042938232,97.62014150619507,98.69940876960754,95.6007719039917,87.03259229660034,101.51898860931396,101.71328783035278,98.61592054367065,99.61803555488586,99.64699745178223,99.69550371170044,98.73271584510803,99.95889067649841
2017,Astros,96.63770794868469,93.7002420425415,91.78885817527771,98.0474591255188,94.6118414402008,100.31802654266357,101.48906707763672,102.36749649047852,97.94453382492065,100.3543496131897,96.89204692840576,97.88721799850464,99.1416871547699,98.67483377456665
2017,Athletics,96.54728770256042,96.28722071647644,104.7966480255127,98.06292057037354,101.81686878204346,104.50805425643921,93.04713606834412,98.59820008277893,98.593008518219,99.71759915351868,99.9512255191803,99.9110996723175,102.54858732223511,97.5710391998291
2017,Blue Jays,99.73399639129639,100.61266422271729,97.47002720832825,97.57328629493713,103.3538818359375,98.44059348106384,103.0868411064148,99.27852153778076,99.15385842323303,100.12853145599365,100.0734806060791,97.30818271636963,97.0550000667572,101.30499601364136
2017,Braves,102.0696759223938,101.30307674407959,98.87010455131531,100.99650621414185,101.55301094055176,92.78734922409058,98.07124733924866,99.58697557449341,99.38483834266663,99.97856616973877,98.47074151039124,102.40896940231323,97.73377180099487,98.98605942726135
2017,Brewers,100.96800327301025,100.72402954101562,103.0215859413147,96.97283506393433,100.32546520233154,97.28513956069946,105.33251762390137,102.45732069015503,100.11913776397705,98.38186502456665,99.66757297515869,97.86437749862671,98.43361377716064,100.83520412445068
2017,Cardinals,96.45333886146545,95.8658218383789,94.78968381881714,101.31446123123169,97.09221124649048,93.28162670135498,93.99999976158142,97.07221984863281,96.8083381652832,101.04984045028687,99.47314858436584,102.80225276947021,101.92513465881348,97.77986407279968
2017,Cubs,99.60290789604187,101.19304656982422,106.04288578033447,99.09622073173523,97.77050018310547,108.30127000808716,98.87049198150635,98.72971773147583,101.66008472442627,100.02901554107666,99.06763434410095,100.33208131790161,98.55254292488098,100.11528730392456
2017,Diamondbacks,105.13736009597778,107.55829811096191,109.3057632446289,99.7420608997345,106.34783506393433,127.25691795349121,104.07483577728271,100.16164779663086,100.1843810081482,100.55463314056396,100,100.6930947303772,93.0078387260437,101.25061273574829
2017,Dodgers,95.50553560256958,94.4764792919159,98.63481521606445,97.58467674255371,98.65959286689758,74.80547428131104,101.05975866317749,100.07282495498657,93.48934888839722,98.05237054824829,100.25157928466797,97.21189737319946,103.68366241455078,98.20505976676941
2017,Giants,95.62418460845947,97.77284860610962,92.91373491287231,101.54863595962524,98.35039377212524,116.69354438781738,85.85295081138611,99.74307417869568,99.17200803756714,101.17876529693604,97.27948904037476,99.72328543663025,102.24082469940186,94.36874389648438
2017,Indians,104.18455600738525,104.6202540397644,98.66603016853333,101.20768547058105,106.23013973236084,86.3043487071991,101.62336826324463,100,101.27642154693604,101.33804082870483,95.93725800514221,102.0628571510315,93.17116141319275,100.26857852935791
2017,Mariners,96.10882997512817,95.37584185600281,96.09929323196411,98.15861582756042,93.9547061920166,87.14285492897034,99.05917644500732,103.81745100021362,99.87853765487671,96.94787859916687,102.25136280059814,96.57250642776489,102.7147650718689,98.13029766082764
2017,Marlins,95.29470205307007,91.27448201179504,93.53019595146179,99.52501654624939,95.7383394241333,101.12550258636475,90.26489853858948,100.40674209594727,100.99684000015259,100.3920316696167,98.26604723930359,100.24077892303467,95.9227204322815,97.17944264411926
2017,Mets,94.17831301689148,92.95096397399902,93.31663846969604,95.40496468544006,92.6855981349945,85.05808115005493,97.6391851902008,102.1873950958252,99.35113191604614,96.7557430267334,100.50634145736694,95.14353275299072,107.80371427536011,98.10174107551575
2017,Nationals,102.10599899291992,102.22775936126709,102.62917280197144,101.71258449554443,103.263258934021,88.63787651062012,104.52042818069458,99.6888279914856,100.37565231323242,99.44995045661926,103.29326391220093,99.24361109733582,99.41855072975159,102.00248956680298
2017,Orioles,101.77247524261475,99.40930008888245,101.1914849281311,101.31094455718994,97.25898504257202,90.56886434555054,107.8177809715271,97.55221605300903,99.0697979927063,101.33517980575562,104.53404188156128,98.59994649887085,102.53990888595581,104.42564487457275
2017,Padres,97.00125455856323,97.81069159507751,91.85834527015686,99.10449981689453,98.64122271537781,93.12816262245178,96.5854823589325,99.9410629272461,101.85768604278564,100.90258121490479,98.01621437072754,101.98571681976318,97.56871461868286,99.14617538452148
2017,Phillies,100.25429725646973,99.11389946937561,103.40123176574707,98.4980583190918,96.26190066337585,94.6739137172699,108.6751937866211,103.32040786743164,100.37281513214111,98.74166250228882,101.91643238067627,97.06408381462097,107.89105892181396,102.41779088973999
2017,Pirates,98.15372824668884,97.4358081817627,97.5868821144104,100.14874935150146,102.94216871261597,97.10105061531067,95.21341323852539,97.8637158870697,101.56838893890381,101.56681537628174,99.09929037094116,101.07128620147705,95.96231579780579,99.82985258102417
2017,Rangers,109.15372371673584,110.97731590270996,109.90804433822632,105.450439453125,104.92285490036011,116.01694822311401,104.72067594528198,97.48137593269348,104.4716477394104,101.76471471786499,101.49736404418945,104.01360988616943,101.9059419631958,104.11090850830078
2017,Rays,96.4586853981018,95.57371735572815,95.39852142333984,97.99635410308838,94.3782389163971,101.64921283721924,96.13913297653198,102.89428234100342,99.17340278625488,97.04728722572327,98.65924715995789,98.06665778160095,102.74389982223511,96.5678334236145
2017,Red Sox,104.54506874084473,104.66766357421875,101.2344479560852,102.08063125610352,113.15187215805054,105.8513879776001,97.2923219203949,98.76083135604858,98.9991545677185,101.40084028244019,99.5451271533966,101.2441635131836,100.47993659973145,98.86453747749329
2017,Reds,102.30064392089844,101.9994854927063,100.92861652374268,98.93314838409424,100.5292296409607,89.90846872329712,107.4117660522461,103.98317575454712,103.07294130325317,97.43539690971375,100.71744918823242,100.63838958740234,102.61410474777222,102.20314264297485
2017,Rockies,114.79697227478027,114.84962701797485,115.15151262283325,108.15930366516113,112.93027400970459,136.19788885116577,110.10359525680542,96.56986594200134,102.66094207763672,105.7493805885315,98.52064251899719,103.66932153701782,85.75412631034851,105.8282732963562
2017,Royals,101.9310712814331,102.07715034484863,96.55082821846008,101.45841836929321,107.24327564239502,115.22305011749268,91.59137606620789,96.41169905662537,99.25418496131897,101.50623321533203,101.22939348220825,101.91012620925903,96.0411012172699,98.0833113193512
2017,Tigers,101.12725496292114,102.13088989257812,107.80372619628906,101.48409605026245,99.51102137565613,122.02256917953491,100.25174617767334,97.33346104621887,98.51495623588562,99.92877840995789,104.18801307678223,103.50724458694458,108.02738666534424,101.27226114273071
2017,Twins,100.93315839767456,102.23718881607056,104.42501306533813,101.77596807479858,103.44890356063843,100.89235305786133,99.79445338249207,98.85152578353882,100.43842792510986,101.67967081069946,99.29773807525635,101.37025117874146,99.32769536972046,100.64595937728882
2017,White Sox,97.87132740020752,98.03544878959656,100.12246370315552,98.29798936843872,93.92858147621155,90.37869572639465,104.8551082611084,101.81735754013062,101.26279592514038,98.76893162727356,101.95540189743042,96.60773277282715,99.82057213783264,101.48364305496216
2017,Yankees,99.71212148666382,102.77245044708252,100.86771249771118,99.2434561252594,93.16067695617676,83.93974304199219,106.19381666183472,100.45328140258789,100.3203272819519,97.98539280891418,100.59717893600464,98.916494846344,104.53237295150757,102.13913917541504
2018,Angels,99.38905239105225,99.07448291778564,98.53262901306152,99.15366172790527,96.79300785064697,87.76699304580688,103.53535413742065,100.89267492294312,98.77973198890686,100.32678842544556,100.07669925689697,100.2503514289856,97.76929020881653,101.03615522384644
2018,Astros,96.01383805274963,97.97935485839844,99.37257170677185,98.08714389801025,93.4619128704071,95.06158828735352,99.77015852928162,102.05767154693604,97.61773943901062,100.01070499420166,96.84131741523743,99.12100434303284,101.53690576553345,97.8511393070221
2018,Athletics,95.80668210983276,97.16084599494934,92.46935248374939,97.94480204582214,102.27247476577759,102.27437019348145,92.73291826248169,99.53438639640808,99.04783368110657,99.59034323692322,99.32646751403809,102.33500003814697,101.79135799407959,97.28200435638428
2018,Blue Jays,100.74809789657593,98.98887872695923,98.03771376609802,99.21271204948425,103.011953830719,100,102.35733985900879,99.8383641242981,98.61993193626404,100.83866119384766,99.91487264633179,97.87161946296692,97.15822339057922,100.79216957092285
2018,Braves,102.0696759223938,101.30307674407959,105.54455518722534,100.99650621414185,101.55301094055176,92.78734922409058,98.07124733924866,99.58697557449341,99.38483834266663,99.97856616973877,98.47074151039124,102.40896940231323,97.73377180099487,98.98605942726135
2018,Brewers,100.3063440322876,100.72964429855347,100.50894021987915,97.20608592033386,99.01741147041321,94.1417396068573,103.47861051559448,102.41913795471191,100.01624822616577,97.80833721160889,99.43881034851074,97.00865149497986,99.6766746044159,99.85025525093079
2018,Cardinals,96.48265838623047,95.78649401664734,96.51214480400085,100.75119733810425,95.87486386299133,91.4447009563446,94.30599808692932,96.9930350780487,97.54791259765625,101.02900266647339,99.13724660873413,102.98845767974854,103.5025954246521,98.0509102344513
2018,Cubs,99.00184273719788,101.93819999694824,103.66466045379639,99.51304793357849,99.80677366256714,111.02815866470337,96.00642323493958,99.01995062828064,101.10808610916138,100.09082555770874,98.6502468585968,101.25236511230469,95.34729719161987,98.80490899085999
2018,Diamondbacks,101.11608505249023,101.39474868774414,102.64636278152466,102.6023268699646,103.08432579040527,118.77952814102173,93.51861476898193,99.70542192459106,100.05385875701904,101.56762599945068,98.8282561302185,103.93996238708496,96.55908346176147,97.76285886764526
2018,Dodgers,95.46224474906921,95.95964550971985,93.977952003479,97.93897271156311,97.62336015701294,73.3850359916687,101.80587768554688,99.69616532325745,94.2441999912262,97.70970344543457,99.97304677963257,98.16051125526428,104.37126159667969,98.6679196357727
2018,Giants,96.70636653900146,94.27533149719238,100.5765438079834,102.01579332351685,100.80397129058838,113.60511779785156,88.10446262359619,99.92624521255493,99.71087574958801,101.02628469467163,98.24555516242981,99.82922077178955,102.2969126701355,95.49946188926697
2018,Indians,102.89957523345947,101.0585069656372,105.91000318527222,100.39801597595215,104.01643514633179,86.6314709186554,101.5171766281128,100.01978874206543,100.1889705657959,101.46081447601318,95.36048769950867,100.92384815216064,92.64751672744751,99.96640682220459
2018,Mariners,96.31098508834839,95.62217593193054,92.72662401199341,97.92762994766235,94.27182674407959,84.17640328407288,99.91081357002258,103.57481241226196,99.98048543930054,97.40497469902039,102.25924253463745,94.73106265068054,101.70066356658936,98.73383641242981
2018,Marlins,94.50060725212097,94.7374165058136,87.98810243606567,98.8588809967041,96.27525210380554,98.31550717353821,90.43025374412537,99.85468983650208,99.38862919807434,99.88728165626526,97.40264415740967,99.14935827255249,97.00518846511841,96.76981568336487
2018,Mets,94.57762837409973,91.86714291572571,87.21325397491455,95.2905535697937,92.37279891967773,82.80898928642273,98.33223223686218,102.78619527816772,99.23244118690491,96.23026847839355,101.70000791549683,94.69009637832642,106.70868158340454,98.16912412643433
2018,Nationals,101.6802430152893,104.47413921356201,106.1808705329895,101.67553424835205,102.96546220779419,90.52631855010986,103.70029211044312,100.22459030151367,100.21642446517944,99.66256022453308,102.08055973052979,98.95495772361755,98.81467819213867,101.52788162231445
2018,Orioles,100.0614881515503,101.53573751449585,99.14380311965942,100.37089586257935,95.78824639320374,90.08892178535461,106.05041980743408,97.6373553276062,100.15387535095215,101.26214027404785,104.28773164749146,96.55583500862122,103.78448963165283,104.10833358764648
2018,Padres,96.86335921287537,95.34196853637695,101.50434970855713,98.45209121704102,99.08642768859863,91.42440557479858,96.29163146018982,99.6271550655365,102.06460952758789,100.73288679122925,98.02924990653992,100.89292526245117,98.51574301719666,99.06755685806274
2018,Phillies,99.81852173805237,102.51404047012329,101.96154117584229,98.26215505599976,96.073317527771,100.32291412353516,109.59310531616211,103.25498580932617,100.24245977401733,98.4237015247345,102.47637033462524,98.0920672416687,107.10500478744507,102.99758911132812
2018,Pirates,98.7179696559906,97.50571250915527,94.35291886329651,100.57684183120728,105.69220781326294,96.68658971786499,93.97236704826355,97.94435501098633,102.05707550048828,102.09503173828125,99.59779977798462,99.62265491485596,95.59975862503052,99.52570796012878
2018,Rangers,109.15372371673584,112.29674816131592,116.03363752365112,105.450439453125,104.92285490036011,116.01694822311401,104.72067594528198,97.48137593269348,104.4716477394104,101.76471471786499,101.49736404418945,104.01360988616943,101.9059419631958,104.11090850830078
2018,Rays,96.08103632926941,95.65536379814148,96.5507447719574,97.60531187057495,94.9375331401825,105.49875497817993,95.01147270202637,102.6262640953064,100.32305717468262,97.54406809806824,98.2979416847229,98.28210473060608,102.36362218856812,96.38711810112
2018,Red Sox,104.41677570343018,102.62126922607422,103.61020565032959,102.17760801315308,114.55540657043457,107.72756338119507,97.32347130775452,98.76627326011658,99.66856837272644,101.81616544723511,99.92305040359497,101.07845067977905,101.38020515441895,99.08071160316467
2018,Reds,102.3845911026001,102.79974937438965,105.91403245925903,97.58865237236023,100,93.63636374473572,110.07410287857056,104.04316186904907,102.46613025665283,97.4901020526886,100.5424976348877,99.74254369735718,103.1381368637085,102.87619829177856
2018,Rockies,114.28635120391846,115.29184579849243,112.44125366210938,107.53699541091919,112.96631097793579,137.10699081420898,110.06578207015991,96.78019881248474,101.42635107040405,106.02186918258667,98.43261241912842,102.96531915664673,86.37163043022156,105.34992218017578
2018,Royals,102.17688083648682,100.8735179901123,102.79921293258667,102.89473533630371,106.42198324203491,112.63610124588013,91.91762208938599,96.68552279472351,99.86037015914917,101.82331800460815,101.71792507171631,103.18739414215088,96.59664034843445,98.40577244758606
2018,Tigers,101.85390710830688,103.44102382659912,97.444087266922,101.49773359298706,100.06548166275024,129.05727624893188,101.39415264129639,96.9430148601532,98.35818409919739,100.06914138793945,104.29351329803467,104.52880859375,107.15049505233765,101.78201198577881
2018,Twins,100.90879201889038,101.07812881469727,100.18538236618042,101.03350877761841,104.47546243667603,104.71910238265991,98.71663451194763,99.7420072555542,100.9027361869812,101.20103359222412,99.84251856803894,100.77546834945679,99.16008114814758,99.93350505828857
2018,White Sox,98.65674376487732,98.61737489700317,97.33701944351196,98.25705289840698,93.48139762878418,87.54258155822754,105.3004503250122,101.30984783172607,100.0242829322815,98.50916266441345,101.77843570709229,95.91308236122131,102.15491056442261,101.38946771621704
2018,Yankees,100.01256465911865,98.71054291725159,105.82524538040161,99.72891807556152,93.07838678359985,86.13910675048828,106.67212009429932,100.15405416488647,100.27154684066772,97.66475558280945,100.3859281539917,99.5381236076355,102.23290920257568,102.4121642112732
2019,Angels,100.67504644393921,101.45928859710693,100.86207389831543,99.70905184745789,97.32872247695923,89.75609540939331,104.98305559158325,100.53256750106812,100.08927583694458,100.25635957717896,100.40407180786133,100.86531639099121,98.29598069190979,102.2009015083313
2019,Astros,97.72490859031677,99.54138994216919,103.84172201156616,97.99096584320068,94.47086453437805,96.88998460769653,101.47347450256348,100.82286596298218,99.0875780582428,100.16787052154541,96.7503011226654,99.84117150306702,100.95890760421753,99.30238723754883
2019,Athletics,96.31513357162476,92.95809864997864,94.70446705818176,98.05434346199036,102.04728841781616,100.47155618667603,93.73325109481812,100.2528190612793,99.68599677085876,99.34829473495483,99.2396593093872,102.79290676116943,101.61125659942627,97.54570722579956
2019,Blue Jays,99.0899920463562,99.72927570343018,101.46099328994751,99.13108348846436,102.06481218338013,100,103.133225440979,100.27508735656738,98.13249707221985,101.00771188735962,100.59599876403809,99.43228363990784,96.79951071739197,101.01127624511719
2019,Braves,102.0696759223938,102.72669792175293,100.11694431304932,100.99650621414185,101.55301094055176,92.78734922409058,98.07124733924866,99.58697557449341,99.38483834266663,99.97856616973877,98.47074151039124,102.40896940231323,97.73377180099487,98.98605942726135
2019,Brewers,101.00246667861938,99.94564056396484,98.8569974899292,97.9784369468689,97.59889841079712,96.06548547744751,102.79358625411987,101.98633670806885,101.68312788009644,97.43635058403015,101.36024951934814,97.59609699249268,103.7717342376709,100.3291368484497
2019,Cardinals,95.49033641815186,96.58259153366089,96.08938694000244,100.8116602897644,95.79913020133972,94.28213238716125,92.82535910606384,97.30680584907532,96.81152701377869,100.62035322189331,99.47165250778198,102.584707736969,101.58110857009888,96.9330370426178
2019,Cubs,100.85784196853638,97.9534387588501,96.74831032752991,100.28599500656128,99.14121627807617,112.81734704971313,99.55417513847351,99.11087155342102,100.21815299987793,100.16598701477051,98.5335111618042,101.51510238647461,95.15870809555054,99.98360276222229
2019,Diamondbacks,101.11608505249023,101.39474868774414,98.93102645874023,102.6023268699646,103.08432579040527,118.77952814102173,93.51861476898193,99.70542192459106,100.05385875701904,101.56762599945068,98.8282561302185,103.93996238708496,96.55908346176147,97.76285886764526
2019,Dodgers,96.82692885398865,95.1277494430542,95.52429914474487,97.52304553985596,98.42098951339722,75.29078722000122,105.64227104187012,99.85548853874207,93.95405650138855,97.55248427391052,100.85783004760742,96.88398838043213,103.73605489730835,100.09227991104126
2019,Giants,96.40344977378845,96.20880484580994,90.44548869132996,100.72293281555176,100.8148193359375,112.16938495635986,88.8174295425415,100.28437376022339,99.12019371986389,101.32557153701782,96.84612154960632,99.63499307632446,100.578773021698,95.21340727806091
2019,Indians,100.39610862731934,102.59724855422974,98.70669841766357,99.54543113708496,100.98549127578735,90.7740592956543,100.52576065063477,100.49599409103394,98.91290664672852,101.95090770721436,94.95236873626709,99.89710450172424,93.26298832893372,99.02886748313904
2019,Mariners,95.56647539138794,95.28452157974243,97.73104786872864,97.7435052394867,92.64147877693176,84.27807688713074,98.03417921066284,103.38410139083862,99.36792850494385,98.04704785346985,101.00184679031372,94.19525861740112,101.09059810638428,97.66232967376709
2019,Marlins,95.35149931907654,94.73817348480225,104.013991355896,100.50784349441528,95.14983296394348,107.05026388168335,91.17971062660217,100.42010545730591,99.8996376991272,100.6132960319519,97.64957427978516,100.57755708694458,97.69989848136902,97.07321524620056
2019,Mets,93.186354637146,92.40179657936096,94.8803186416626,95.80462574958801,92.34346151351929,84.07811522483826,96.44993543624878,101.8316388130188,98.33939671516418,96.35111689567566,101.67344808578491,94.36331391334534,104.843008518219,97.3922610282898
2019,Nationals,101.39052867889404,103.10958623886108,104.69634532928467,101.53528451919556,103.814697265625,89.50603008270264,103.50053310394287,99.43239688873291,99.28555488586426,99.45138692855835,101.94408893585205,99.45339560508728,98.53224754333496,101.1633038520813
2019,Orioles,101.99891328811646,100.49452781677246,104.0786623954773,100.54291486740112,97.45643734931946,90.43643474578857,110.85013151168823,98.22764992713928,100.52118301391602,101.64998769760132,104.2060136795044,98.0999231338501,102.71850824356079,106.2070369720459
2019,Padres,95.85046172142029,96.84839844703674,93.38948726654053,97.68972992897034,97.88398146629333,90.44937491416931,95.85526585578918,100.72709321975708,102.89865732192993,100.28691291809082,96.41305804252625,101.38425827026367,97.57389426231384,98.59104752540588
2019,Phillies,101.0252594947815,101.47584676742554,102.1863579750061,99.06085729598999,97.1580445766449,102.46093273162842,107.99789428710938,102.51975059509277,100.46712160110474,98.73602986335754,102.09627151489258,98.21814894676208,105.52395582199097,102.57765054702759
2019,Pirates,98.77209663391113,98.25966954231262,100.16802549362183,100.73108673095703,107.04704523086548,93.63994002342224,93.70094537734985,98.35551977157593,103.14586162567139,102.3838758468628,100.7667064666748,98.55201840400696,96.09772562980652,99.60269331932068
2019,Rangers,109.15372371673584,112.29674816131592,111.2351655960083,105.450439453125,104.92285490036011,116.01694822311401,104.72067594528198,97.48137593269348,104.4716477394104,101.76471471786499,101.49736404418945,104.01360988616943,101.9059419631958,104.11090850830078
2019,Rays,94.83984112739563,96.10763192176819,95.06294131278992,97.46359586715698,95.38779258728027,101.39689445495605,93.37427616119385,102.20175981521606,100.07445812225342,97.14316129684448,98.02071452140808,96.07279300689697,100.44785737991333,95.57052850723267
2019,Red Sox,104.73196506500244,104.67549562454224,102.9390811920166,102.37414836883545,113.8916015625,104.01273965835571,96.85136675834656,98.94050359725952,99.98253583908081,101.81702375411987,99.41598773002625,101.93532705307007,98.88954162597656,98.8725483417511
2019,Reds,104.92229461669922,105.0081729888916,101.74647569656372,98.59800338745117,101.92853212356567,94.10181641578674,112.13266849517822,104.40176725387573,103.43539714813232,97.6365327835083,100.25074481964111,100.98913908004761,103.90372276306152,103.85277271270752
2019,Rockies,113.37343454360962,115.78429937362671,117.90980100631714,107.01619386672974,111.75497770309448,144.110107421875,108.89483690261841,96.20103240013123,100.0184416770935,106.10392093658447,99.20173287391663,102.97493934631348,90.1562511920929,104.95458841323853
2019,Royals,102.18758583068848,102.99872159957886,103.45801115036011,103.37992906570435,106.50897026062012,110.677969455719,92.39245057106018,96.27004265785217,98.77076745033264,102.25716829299927,100.04942417144775,105.24064302444458,96.50176763534546,98.29684495925903
2019,Tigers,100.42778253555298,100.03103017807007,104.93793487548828,101.65880918502808,101.3893723487854,131.13373517990112,96.74454927444458,97.12226390838623,99.28194880485535,99.82635378837585,104.02203798294067,104.3677806854248,107.63835906982422,100.10936260223389
2019,Twins,100.29494762420654,99.14683103561401,98.8546073436737,100.03253221511841,104.18616533279419,101.72721147537231,98.5767126083374,100.106942653656,102.26058959960938,99.76617693901062,100.60038566589355,99.90253448486328,100.36031007766724,100.1699686050415
2019,White Sox,99.40475225448608,98.60093593597412,98.42115044593811,97.52452373504639,93.06909441947937,85.44545769691467,107.56680965423584,101.0879635810852,100.75397491455078,98.14531207084656,103.31137180328369,94.82420682907104,104.34327125549316,102.71010398864746
2019,Yankees,99.4875431060791,99.09576773643494,91.32652878761292,99.66576099395752,92.3799991607666,86.18637323379517,104.60361242294312,100.17435550689697,101.0688066482544,97.50871658325195,100.7636308670044,98.44565391540527,103.96267175674438,101.74728631973267
2020,Angels,101.79973840713501,102.86511182785034,110.85919141769409,99.37741160392761,98.51968884468079,94.60118412971497,107.12850093841553,101.18993520736694,101.76328420639038,100.05593299865723,99.44376349449158,101.21467113494873,94.94572877883911,103.1204104423523
2020,Astros,99.42284226417542,99.46348667144775,89.37093019485474,98.45811128616333,95.79629302024841,102.55060195922852,102.43242979049683,101.64221525192261,99.41990375518799,99.84409809112549,96.07873558998108,102.07024812698364,99.63350892066956,99.3398129940033
2020,Athletics,94.86220479011536,93.77495646476746,89.36119675636292,98.41088056564331,101.9016981124878,93.4374988079071,90.58066606521606,99.36463832855225,99.65773224830627,99.20822381973267,99.6441125869751,101.97864770889282,103.7685751914978,96.73935174942017
2020,Blue Jays,103.91714572906494,105.59593439102173,104.43137884140015,102.32434272766113,103.69462966918945,108.03278684616089,99.79638457298279,100.76428651809692,98.55789542198181,102.33858823776245,100.17857551574707,103.09147834777832,98.65998029708862,99.480801820755
2020,Braves,101.78070068359375,102.58681774139404,103.32828760147095,101.04482173919678,100.04715919494629,93.44457387924194,98.0184555053711,100.56296586990356,100.13648271560669,99.62725043296814,98.34787249565125,101.76172256469727,96.34335041046143,98.52298498153687
2020,Brewers,99.7820496559143,100.57837963104248,101.6693115234375,97.05705046653748,96.50105237960815,97.4031150341034,103.29583883285522,102.68822908401489,101.68377161026001,96.60403728485107,100.88216066360474,97.24016189575195,101.40923261642456,100.22287368774414
2020,Cardinals,95.78949213027954,94.42763328552246,98.59040379524231,100.0879168510437,95.75163722038269,92.48924255371094,93.60495805740356,96.70779705047607,96.02063298225403,100.66084861755371,99.70842599868774,101.0107159614563,102.64877080917358,97.48440980911255
2020,Cubs,98.94431233406067,97.95396327972412,87.71929740905762,100.46851634979248,97.47839570045471,112.86191940307617,97.7087140083313,99.16972517967224,99.41922426223755,99.8975157737732,98.47621321678162,102.15822458267212,97.9353129863739,98.64662885665894
2020,Diamondbacks,101.11608505249023,101.64258480072021,105.56936264038086,102.6023268699646,103.08432579040527,118.77952814102173,93.51861476898193,99.70542192459106,100.05385875701904,101.56762599945068,98.8282561302185,103.93996238708496,96.55908346176147,97.76285886764526
2020,Dodgers,97.59522676467896,96.69774174690247,97.09141254425049,97.7476954460144,98.67709279060364,78.71774435043335,107.1953296661377,100.11959075927734,94.13595199584961,96.88903093338013,101.49130821228027,97.47839570045471,102.02981233596802,100.42812824249268
2020,Giants,97.58014678955078,95.6579864025116,102.23795175552368,101.04544162750244,101.59182548522949,116.87500476837158,89.84343409538269,100.34424066543579,100.13378858566284,101.80039405822754,96.18552327156067,98.14411401748657,95.9247887134552,95.50870060920715
2020,Indians,100.15109777450562,98.91692399978638,104.91153001785278,99.4372010231018,99.9653160572052,89.9861752986908,100.65010786056519,100.04901885986328,100.51907300949097,102.40954160690308,94.94978189468384,99.81642365455627,94.78620886802673,99.82212781906128
2020,Mariners,95.27176022529602,95.56589722633362,94.74043846130371,97.21224308013916,92.60997176170349,80.02686500549316,98.8854467868805,103.19103002548218,97.214674949646,98.15853834152222,101.65367126464844,94.2808985710144,102.450430393219,97.4491834640503
2020,Marlins,96.94370031356812,98.71988296508789,91.36924147605896,101.16235017776489,99.3536651134491,109.74340438842773,92.70547032356262,100.21030902862549,99.48422312736511,100.90711116790771,98.42381477355957,102.78902053833008,98.2009768486023,97.9629635810852
2020,Mets,93.28980445861816,94.27371025085449,99.37514066696167,96.44296169281006,91.22656583786011,84.49230790138245,96.61030173301697,102.01753377914429,99.12773966789246,96.5988278388977,100.4388689994812,92.9974913597107,102.94680595397949,97.35272526741028
2020,Nationals,100.81571340560913,99.42830801010132,92.6778256893158,98.62028360366821,103.94856929779053,92.59282350540161,104.15760278701782,99.7538685798645,99.647456407547,99.23622012138367,102.6809811592102,98.52999448776245,99.67475533485413,101.73407793045044
2020,Orioles,101.99891328811646,103.90034914016724,94.09806728363037,100.54291486740112,97.45643734931946,90.43643474578857,110.85013151168823,98.22764992713928,100.52118301391602,101.64998769760132,104.2060136795044,98.0999231338501,102.71850824356079,106.2070369720459
2020,Padres,95.48290371894836,94.5904552936554,95.27027010917664,97.63936400413513,96.07192277908325,86.16554141044617,98.06245565414429,100.83781480789185,102.2078275680542,100.03279447555542,97.45786786079407,101.9605278968811,101.44258737564087,99.71717596054077
2020,Phillies,100.76838731765747,99.94907975196838,98.65556955337524,99.29829239845276,97.71400094032288,102.90825366973877,105.65502643585205,101.34798288345337,99.78221654891968,98.83041977882385,101.87948942184448,97.32527732849121,106.84564113616943,101.85672044754028
2020,Pirates,99.81826543807983,100.77735185623169,103.15901041030884,100.78531503677368,105.74427843093872,98.49543571472168,94.772469997406,98.14582467079163,104.10792827606201,102.35995054244995,101.77054405212402,98.86765480041504,95.31225562095642,100.65561532974243
2020,Rangers,100.23521184921265,100.05451440811157,100,98.50656390190125,100.03899335861206,97.6838231086731,104.19249534606934,100.63561201095581,100.60157775878906,98.98881912231445,102.54582166671753,99.00383949279785,96.45527601242065,101.56643390655518
2020,Rays,95.01743912696838,92.94844269752502,97.88039326667786,96.60991430282593,96.68039083480835,99.6408224105835,94.05754804611206,101.71205997467041,99.88433122634888,97.76241779327393,98.28795790672302,95.51491141319275,100.80665349960327,95.9855318069458
2020,Red Sox,105.54814338684082,107.47987031936646,112.47107982635498,101.61958932876587,113.05859088897705,115.92057943344116,99.61925148963928,98.73071908950806,99.94727373123169,101.73604488372803,100.33737421035767,99.84275698661804,101.85407400131226,99.96822476387024
2020,Reds,106.44479990005493,107.5393557548523,112.42350339889526,100.47142505645752,102.62833833694458,88.9339804649353,115.59109687805176,104.3012022972107,103.7213683128357,97.9349136352539,101.14459991455078,101.97216272354126,104.9356460571289,104.9424409866333
2020,Rockies,114.45443630218506,115.67248106002808,118.04660558700562,107.6675295829773,113.1752610206604,136.9242787361145,111.10628843307495,96.14397287368774,99.22194480895996,106.4753532409668,98.77540469169617,104.84437942504883,90.40426015853882,105.67872524261475
2020,Royals,103.23070287704468,104.9440860748291,102.19780206680298,104.38517332077026,107.54144191741943,111.47410869598389,92.5000011920929,95.6955075263977,98.66206645965576,103.05812358856201,100.8110523223877,105.13792037963867,98.1157898902893,98.69819283485413
2020,Tigers,98.76942038536072,98.59168529510498,94.7458028793335,101.00257396697998,100.37503242492676,136.2364411354065,93.47280263900757,97.56536483764648,99.89591240882874,99.57367181777954,102.66300439834595,103.06196212768555,106.32379055023193,98.51102828979492
2020,Twins,98.6143946647644,98.71776700019836,97.00053334236145,99.75776672363281,103.53634357452393,93.4374988079071,96.03910446166992,100.47931671142578,102.06989049911499,98.7804114818573,99.98064041137695,100.66714286804199,101.75268650054932,98.57407808303833
2020,White Sox,100.55298805236816,99.8730480670929,102.77502536773682,98.39641451835632,93.75699758529663,83.351069688797,108.29761028289795,99.94418025016785,100.84733963012695,98.76062273979187,103.52258682250977,96.1629569530487,99.79037046432495,103.58713865280151
2020,Yankees,99.2229163646698,96.41279578208923,107.3271632194519,99.87030625343323,93.98820996284485,87.85123825073242,102.40556001663208,100.31925439834595,101.08144283294678,97.38591313362122,101.2259840965271,99.97221827507019,103.93048524856567,100.95769166946411
2021,Angels,101.85714960098267,104.09191846847534,102.05552577972412,100.36470890045166,97.54905104637146,98.72469902038574,106.3586950302124,101.85245275497437,101.40280723571777,99.67926740646362,99.24522638320923,102.9606819152832,91.65329337120056,102.47867107391357
2021,Astros,99.13055300712585,97.37489819526672,99.20814633369446,98.98701310157776,97.53424525260925,106.23762607574463,100.36740303039551,101.44174098968506,99.20118451118469,99.42662715911865,95.75790762901306,103.16624641418457,98.42257499694824,98.62209558486938
2021,Athletics,95.40784955024719,94.94643807411194,94.42970752716064,98.71318340301514,100.64494609832764,98.67088794708252,91.3772463798523,100.07163286209106,100.36901235580444,99.32732582092285,100.12799501419067,101.33353471755981,104.6518325805664,97.17758893966675
2021,Blue Jays,103.91714572906494,105.59593439102173,106.07672929763794,102.32434272766113,103.69462966918945,108.03278684616089,99.79638457298279,100.76428651809692,98.55789542198181,102.33858823776245,100.17857551574707,103.09147834777832,98.65998029708862,99.480801820755
2021,Braves,101.21802091598511,101.4427900314331,105.06596565246582,100.20852088928223,99.86478686332703,97.79707193374634,100.075364112854,101.64504051208496,99.4300127029419,99.4112491607666,98.2564389705658,100.06738901138306,95.26614546775818,98.50878715515137
2021,Brewers,100.01356601715088,99.85812902450562,102.16870307922363,97.115558385849,97.15402126312256,98.61233234405518,103.7366509437561,102.89006233215332,102.27437019348145,96.2513267993927,100.78544616699219,97.1409797668457,101.69241428375244,100.59021711349487
2021,Cardinals,97.4065899848938,94.47965025901794,91.51439666748047,101.05118751525879,96.31872177124023,91.91036820411682,94.90687251091003,97.1364438533783,97.19794988632202,100.633704662323,99.79493021965027,100.55941343307495,102.03409194946289,98.35590124130249
2021,Cleveland,97.89708852767944,98.37923645973206,97.35206961631775,98.6685037612915,100,91.7505145072937,98.31972122192383,100.74383020401001,100.2759337425232,101.41693353652954,95.54082751274109,97.91285991668701,94.92400884628296,98.48499298095703
2021,Cubs,98.80208969116211,97.89661765098572,103.10972929000854,101.03874206542969,97.06277251243591,112.83005475997925,98.5628068447113,99.83960390090942,98.6754834651947,100.33953189849854,97.93046712875366,101.95447206497192,99.14460182189941,98.99072051048279
2021,Diamondbacks,100.01264810562134,101.74959897994995,103.05277109146118,102.93467044830322,103.85373830795288,117.73234605789185,91.91026091575623,100.0867486000061,99.39149618148804,102.3003101348877,98.23059439659119,102.95947790145874,96.49563431739807,96.70828580856323
2021,Dodgers,97.36401438713074,99.69099760055542,97.83037304878235,97.07536101341248,97.77600765228271,81.36094808578491,107.86522626876831,100.04048347473145,95.40795683860779,97.12662100791931,101.71811580657959,97.68470525741577,99.22005534172058,101.22898817062378
2021,Giants,95.96888422966003,99.26539063453674,98.81154298782349,101.03073120117188,99.11267757415771,112.63259649276733,91.03202819824219,100.06121397018433,98.26560616493225,101.63787603378296,97.1607506275177,96.83984518051147,96.0442841053009,95.560222864151
2021,Mariners,95.75914144515991,94.16799545288086,93.50559115409851,96.79838418960571,93.39208602905273,78.08695435523987,98.04573655128479,102.66437530517578,97.73420095443726,98.094642162323,100.59616565704346,96.28475308418274,105.18393516540527,97.38305807113647
2021,Marlins,100.23999214172363,97.65450358390808,96.71939015388489,101.57612562179565,101.45717859268188,111.12582683563232,95.06335258483887,99.82436299324036,99.12822842597961,100.7306694984436,98.12778830528259,101.81728601455688,96.83597683906555,98.37769269943237
2021,Mets,95.14844417572021,93.87379288673401,91.43529534339905,96.39896154403687,93.50988268852234,82.39520788192749,97.99590706825256,101.88192129135132,101.60831212997437,97.05920815467834,100.07635354995728,93.90880465507507,103.77622842788696,98.62724542617798
2021,Nationals,100.17484426498413,97.36670851707458,97.06006050109863,99.12768006324768,102.30648517608643,94.54727172851562,102.10015773773193,98.62985610961914,98.80333542823792,99.82961416244507,102.40259170532227,99.08397197723389,102.80089378356934,101.2008786201477
2021,Orioles,101.99891328811646,103.90034914016724,107.61071443557739,100.54291486740112,97.45643734931946,90.43643474578857,110.85013151168823,98.22764992713928,100.52118301391602,101.64998769760132,104.2060136795044,98.0999231338501,102.71850824356079,106.2070369720459
2021,Padres,94.47702765464783,93.1980848312378,95.5778956413269,97.0453143119812,95.96425890922546,82.16981291770935,97.81249761581421,101.1101245880127,99.83924627304077,98.79270792007446,98.14127683639526,100.19686222076416,101.78078413009644,98.6373782157898
2021,Phillies,100.31888484954834,99.84150528907776,98.20051193237305,98.78824949264526,97.7308452129364,106.27646446228027,105.39053678512573,100.36541223526001,100.42695999145508,98.81406426429749,101.13619565963745,99.9737024307251,107.53260850906372,102.38736867904663
2021,Pirates,101.20031833648682,102.00475454330444,100.65115690231323,101.52995586395264,105.8186411857605,100.69922208786011,93.58234405517578,97.60283827781677,102.71317958831787,102.36635208129883,102.12275981903076,100.18142461776733,93.54466795921326,99.91787672042847
2021,Rangers,100.23521184921265,100.05451440811157,98.46659302711487,98.50656390190125,100.03899335861206,97.6838231086731,104.19249534606934,100.63561201095581,100.60157775878906,98.98881912231445,102.54582166671753,99.00383949279785,96.45527601242065,101.56643390655518
2021,Rays,95.46900987625122,93.37623119354248,89.49888348579407,95.73276042938232,98.97566437721252,99.24233555793762,95.04237174987793,102.30202674865723,99.68582391738892,97.8962242603302,98.14298748970032,94.66873407363892,97.43000268936157,96.09833359718323
2021,Red Sox,106.05133771896362,108.82183313369751,110.80327033996582,103.23541164398193,111.98098659515381,119.80458498001099,99.33788776397705,98.48152995109558,101.92240476608276,102.5447130203247,99.70732927322388,100.80255270004272,100.63765048980713,100.65875053405762
2021,Reds,104.97792959213257,110.07509231567383,111.78834438323975,100.48239231109619,100.22001266479492,83.00830125808716,115.39201736450195,102.19260454177856,101.87630653381348,98.94652366638184,101.3798713684082,101.21985673904419,108.08825492858887,105.41799068450928
2021,Rockies,114.98258113861084,116.70219898223877,112.30387687683105,108.32433700561523,111.68376207351685,137.57433891296387,109.35593843460083,96.0992157459259,99.86271262168884,106.75220489501953,98.7991988658905,108.1771969795227,89.38795328140259,105.47924041748047
2021,Royals,104.08308506011963,103.99084091186523,107.59174823760986,105.55506944656372,108.13580751419067,109.90780591964722,93.56527328491211,95.70673108100891,99.73621368408203,103.52698564529419,101.98003053665161,106.3463807106018,97.96774387359619,99.46238994598389
2021,Tigers,100.25557279586792,96.4658796787262,94.22492384910583,101.52966976165771,100.08193254470825,139.18229341506958,94.76056694984436,98.06569814682007,101.58389806747437,99.99761581420898,102.06179618835449,102.81238555908203,106.96419477462769,99.13623332977295
2021,Twins,98.69821667671204,97.52537608146667,99.11167621612549,98.8974928855896,104.98523712158203,96.88998460769653,96.69358134269714,100.76627731323242,102.06364393234253,98.70169758796692,101.11562013626099,98.00968170166016,103.1374454498291,98.64879846572876
2021,White Sox,100.95380544662476,103.20658683776855,100.39248466491699,98.40571880340576,94.43562030792236,78.535395860672,108.43936204910278,99.76450204849243,102.1407961845398,98.865407705307,103.2327651977539,96.83936834335327,101.28631591796875,104.25949096679688
2021,Yankees,97.94201850891113,100.53372383117676,98.79621863365173,97.88300395011902,94.26068663597107,85.28037667274475,103.07316780090332,100.43692588806152,99.13881421089172,97.62519598007202,102.44441032409668,97.1782386302948,103.45981121063232,101.00657939910889
2022,Angels,101.98544263839722,101.37935876846313,103.50857973098755,100.4589319229126,96.71912789344788,100.46632289886475,107.28873014450073,101.93865299224854,101.18898153305054,99.43535923957825,99.44618344306946,102.39170789718628,92.64362454414368,102.51871347427368
2022,Astros,98.74083399772644,98.73471856117249,99.0418016910553,98.12111854553223,99.29015636444092,108.73316526412964,100.32937526702881,101.1067271232605,99.26486015319824,98.94915223121643,96.45729660987854,101.7441987991333,98.9718496799469,99.07113313674927
2022,Athletics,96.36880159378052,95.66466212272644,97.81314134597778,99.68727827072144,99.68246221542358,100,90.20385146141052,100.31253099441528,100.44629573822021,99.77065920829773,100.20142793655396,101.09726190567017,100.5655288696289,96.53988480567932
2022,Blue Jays,98.93368482589722,96.875,98.3565092086792,99.10371899604797,102.7708888053894,91.38374924659729,100.19019842147827,100.22263526916504,98.36598038673401,99.90629553794861,99.52440857887268,101.90205574035645,100.23586750030518,99.9692440032959
2022,Braves,100.59093236923218,101.51814222335815,97.14046716690063,101.51429176330566,98.31761717796326,101.69388055801392,98.1482982635498,101.7756700515747,99.74614381790161,100.65382719039917,97.90641665458679,99.98024702072144,93.96737813949585,97.9128360748291
2022,Brewers,99.75187182426453,100.2480149269104,97.10744023323059,96.90895080566406,95.91037034988403,102.46093273162842,104.75612878799438,103.26049327850342,101.74367427825928,95.84558606147766,101.76868438720703,97.23709225654602,103.08548212051392,100.78744888305664
2022,Cardinals,97.87101149559021,97.33337163925171,96.22865319252014,101.3137698173523,97.18066453933716,93.29995512962341,94.62421536445618,97.39971160888672,97.52112627029419,101.05462074279785,100.63145160675049,99.30330514907837,101.66258811950684,98.33559393882751
2022,Cubs,96.76929712295532,100.75627565383911,96.48731350898743,100,94.92805600166321,109.6787691116333,97.80742526054382,100.68475008010864,97.75106906890869,99.71044063568115,97.46831059455872,100.77364444732666,99.47373867034912,97.80157804489136
2022,Diamondbacks,101.04260444641113,99.73229169845581,98.9742636680603,103.61142158508301,105.49168586730957,117.67857074737549,91.43933057785034,99.4660496711731,99.67647790908813,102.74721384048462,97.73955345153809,103.8968563079834,95.24659514427185,96.805340051651
2022,Dodgers,97.63530492782593,97.61156439781189,102.816903591156,96.50269150733948,97.05192446708679,84.63414907455444,107.53600597381592,99.87049102783203,96.39369249343872,97.4321186542511,101.12389326095581,96.8500018119812,98.2612669467926,101.53483152389526
2022,Giants,97.3607063293457,96.47809267044067,98.50190877914429,100.88225603103638,103.16582918167114,111.94899082183838,91.32478833198547,98.3152449131012,97.76198863983154,103.2906174659729,96.96505069732666,97.19661474227905,93.32917928695679,96.18346095085144
2022,Guardians,99.03609156608582,96.569162607193,97.40158319473267,99.70523715019226,101.28936767578125,88.79749178886414,98.25435876846313,100.61260461807251,100.78209638595581,100.72903633117676,96.38009667396545,98.81993532180786,96.13054394721985,98.72690439224243
2022,Mariners,94.01223063468933,94.42492723464966,94.66267824172974,96.00040316581726,92.60210990905762,79.13907170295715,96.90227508544922,103.24039459228516,97.45833277702332,97.5536584854126,99.3879497051239,95.59969902038574,106.12542629241943,96.45347595214844
2022,Marlins,102.051842212677,100.35336017608643,101.80470943450928,102.23100185394287,102.74447202682495,106.2999963760376,97.62097001075745,99.80903267860413,100.55711269378662,101.1733889579773,99.78762865066528,100.86450576782227,98.38893413543701,100.0328540802002
2022,Mets,95.7796573638916,93.85964870452881,93.98866891860962,95.94281315803528,94.83065605163574,86.45161390304565,98.79339337348938,101.53064727783203,102.81538963317871,97.33043909072876,100.47231912612915,95.60063481330872,107.88644552230835,99.39097762107849
2022,Nationals,98.99961948394775,99.73381757736206,99.74454641342163,98.90706539154053,99.38281774520874,92.23231673240662,100.40456056594849,98.42379093170166,98.39327931404114,100.07336139678955,102.31529474258423,98.28991889953613,100.19528865814209,100.54813623428345
2022,Orioles,98.21332097053528,97.10665941238403,99.590402841568,102.82477140426636,96.33634090423584,101.33757591247559,99.4504988193512,98.5643208026886,97.36798405647278,99.89761710166931,99.50229525566101,102.550208568573,97.66484498977661,99.7754693031311
2022,Padres,95.61286568641663,93.84311437606812,90.01240730285645,96.56184911727905,96.45645022392273,81.04643821716309,102.12748050689697,102.33986377716064,98.7160325050354,97.81559109687805,100.41757822036743,98.3475387096405,103.70548963546753,99.37361478805542
2022,Phillies,99.97413754463196,99.9578058719635,102.12684869766235,98.29106330871582,96.94873690605164,104.28836345672607,104.82698678970337,99.93240237236023,100.49937963485718,98.84456396102905,100.40245056152344,99.72062110900879,104.42224740982056,102.29992866516113
2022,Pirates,102.0158052444458,101.57392024993896,102.99786329269409,102.7574896812439,105.2527904510498,95.54770588874817,94.26977634429932,96.98805212974548,101.59475803375244,102.10109949111938,102.14083194732666,101.76024436950684,96.21817469596863,100.14601945877075
2022,Rangers,100.23521184921265,102.92717218399048,101.69998407363892,98.50656390190125,100.03899335861206,97.6838231086731,104.19249534606934,100.63561201095581,100.60157775878906,98.98881912231445,102.54582166671753,99.00383949279785,96.45527601242065,101.56643390655518
2022,Rays,96.29061222076416,94.59435939788818,96.47355079650879,96.25963568687439,97.67822027206421,101.6589879989624,96.0628092288971,102.02010869979858,100.54211616516113,97.37741947174072,99.4022786617279,96.46115899085999,100.33271312713623,97.19507098197937
2022,Red Sox,105.9211015701294,107.42694139480591,105.40988445281982,104.20104265213013,110.39491891860962,116.3636326789856,99.16085600852966,98.33974838256836,100.80152750015259,103.52014303207397,98.28214049339294,100.63157081604004,100.98379850387573,100.6196141242981
2022,Reds,105.99005222320557,106.04737997055054,107.5797438621521,101.14208459854126,101.3507604598999,84.31673645973206,118.19123029708862,102.03356742858887,102.12928056716919,99.43413138389587,100.93291997909546,100.84235668182373,109.51160192489624,106.32944107055664
2022,Rockies,112.76811361312866,116.00847244262695,120.76331377029419,107.74357318878174,109.54586267471313,135.1570963859558,107.18286037445068,96.23748660087585,99.900221824646,106.60046339035034,97.18513488769531,108.69768857955933,93.01121234893799,104.79564666748047
2022,Royals,104.62319850921631,105.2003026008606,101.17121934890747,104.79164123535156,109.29356813430786,115.50087928771973,95.03558874130249,96.21084928512573,101.16395950317383,103.57036590576172,100.73450803756714,107.0175051689148,97.72836565971375,100.07328987121582
2022,Tigers,99.08749461174011,99.5043933391571,100.14718770980835,99.82459545135498,100.35887956619263,122.72040843963623,93.30310821533203,97.74113893508911,101.86560153961182,99.82823729515076,101.38082504272461,100.72494745254517,107.79448747634888,98.8017201423645
2022,Twins,99.59107041358948,98.61173629760742,95.96391916275024,99.29313659667969,104.49486970901489,94.4922685623169,99.43762421607971,100.59528350830078,102.3646593093872,98.69560599327087,102.2740364074707,96.72706127166748,103.04768085479736,99.77147579193115
2022,White Sox,100.75228214263916,101.82486772537231,106.41425848007202,99.60662126541138,96.21235132217407,84.22868847846985,105.95141649246216,99.41668510437012,101.55102014541626,99.37398433685303,103.82885932922363,98.87800812721252,103.18886041641235,103.41513156890869
2022,Yankees,100.25839805603027,99.2584764957428,99.59396719932556,97.70395159721375,96.82736396789551,84.88929867744446,107.0604681968689,100.51103830337524,100.34648180007935,97.86621332168579,104.40033674240112,98.30023050308228,101.68049335479736,102.88017988204956
2023,Angels,101.23049020767212,101.12084150314331,99.05596971511841,100.18953084945679,96.51826620101929,100.83887577056885,105.15155792236328,101.95785760879517,99.968820810318,99.55308437347412,99.63691830635071,102.42578983306885,91.87464118003845,101.30714178085327
2023,Astros,99.48140382766724,99.7410237789154,98.01750779151917,98.52563142776489,99.5025098323822,109.77377891540527,101.70745849609375,101.72523260116577,99.63716864585876,98.7240731716156,96.91269993782043,101.38951539993286,98.86358976364136,99.53349828720093
2023,Athletics,96.36880159378052,97.34646081924438,94.98736262321472,99.68727827072144,99.68246221542358,100,90.20385146141052,100.31253099441528,100.44629573822021,99.77065920829773,100.20142793655396,101.09726190567017,100.5655288696289,96.53988480567932
2023,Blue Jays,99.45313930511475,98.8152027130127,95.39722800254822,98.10351133346558,101.97138786315918,89.55299258232117,103.16451787948608,100.09536743164062,98.98209571838379,99.76845979690552,99.59322810173035,101.31908655166626,100.45129060745239,101.43847465515137
2023,Braves,100.12708902359009,98.90123009681702,102.35130786895752,101.11916065216064,98.61336946487427,100.10393857955933,98.85165691375732,102.05446481704712,98.87641668319702,100.7983922958374,97.68584370613098,100.7538914680481,94.44148540496826,98.05782437324524
2023,Brewers,98.89779090881348,98.72815012931824,101.7241358757019,96.32101058959961,96.8135118484497,104.98203039169312,103.84232997894287,103.73241901397705,101.1760950088501,95.61659097671509,102.57694721221924,96.79164290428162,102.93159484863281,100.17306804656982
2023,Cardinals,97.5001335144043,99.65763688087463,104.26217317581177,101.0707139968872,98.61894845962524,88.62069249153137,93.92923712730408,97.26734161376953,96.7575192451477,100.87897777557373,101.29845142364502,99.40011501312256,103.16668748855591,97.9360282421112
2023,Cubs,97.8569507598877,95.2854335308075,102.47677564620972,99.54953789710999,94.37081217765808,108.8732361793518,98.3999490737915,101.06421709060669,99.23340082168579,100.21849870681763,96.96761965751648,99.69913959503174,99.78230595588684,98.34586381912231
2023,Diamondbacks,100.64197778701782,100.0201940536499,97.16574549674988,103.14767360687256,105.35876750946045,120.4620361328125,91.07263088226318,99.20775890350342,99.16518926620483,102.89466381072998,97.78216481208801,104.66244220733643,96.80830240249634,96.59669399261475
2023,Dodgers,99.1439938545227,97.26681113243103,93.39519739151001,96.37328386306763,98.09365272521973,84.3478262424469,110.22814512252808,99.82847571372986,97.29170799255371,98.0325698852539,100.50338506698608,96.41668796539307,97.77875542640686,102.93134450912476
2023,Giants,97.25400805473328,95.81183791160583,92.34462380409241,101.87485218048096,102.03350782394409,109.96484756469727,91.11348390579224,97.70631790161133,96.99026942253113,103.82461547851562,97.1090316772461,97.5564956665039,93.90233159065247,96.33808135986328
2023,Guardians,98.87371063232422,98.85804653167725,94.9593186378479,99.67272877693176,99.9448299407959,86.71526312828064,98.36944937705994,100.75211524963379,100.98069906234741,100.377357006073,96.4580237865448,97.97605872154236,96.34908437728882,98.76306056976318
2023,Mariners,93.54020357131958,93.09969544410706,95.15635967254639,95.09578943252563,93.31640601158142,79.49937582015991,95.56710124015808,103.59007120132446,97.4973201751709,96.87604308128357,98.9694595336914,96.1311399936676,104.69048023223877,95.7706868648529
2023,Marlins,100.99986791610718,105.93887567520142,102.68595218658447,101.60107612609863,101.45992040634155,109.0778112411499,97.29738235473633,100.31042098999023,101.9565224647522,101.69622898101807,98.96510243415833,101.47417783737183,96.50613069534302,100.04159212112427
2023,Mets,96.34352326393127,95.9980845451355,96.02167010307312,97.16255068778992,94.30240988731384,87.10415363311768,98.66099953651428,101.17400884628296,102.21052169799805,97.26670980453491,101.33129358291626,95.76445817947388,110.03661155700684,99.38638210296631
2023,Nationals,99.63456988334656,100.44456720352173,102.53511667251587,99.97290968894958,99.42500591278076,95.77181339263916,100.31328201293945,98.4837293624878,97.92630076408386,100.3140926361084,101.9770860671997,98.68186116218567,100.98464488983154,100.365149974823
2023,Orioles,98.21332097053528,97.10665941238403,94.23011541366577,102.82477140426636,96.33634090423584,101.33757591247559,99.4504988193512,98.5643208026886,97.36798405647278,99.89761710166931,99.50229525566101,102.550208568573,97.66484498977661,99.7754693031311
2023,Padres,95.90458273887634,94.95182037353516,96.019446849823,96.99995517730713,95.41875720024109,85.68181991577148,101.09831094741821,102.3271918296814,99.63812828063965,97.91714549064636,102.31747627258301,98.09425473213196,103.66278886795044,99.13443922996521
2023,Phillies,101.27016305923462,100.76943635940552,99.69203472137451,98.75696301460266,97.26285338401794,101.73076391220093,105.33781051635742,100.53480863571167,99.77967143058777,99.09703731536865,99.7446060180664,99.79715943336487,103.92411947250366,101.82101726531982
2023,Pirates,101.54402256011963,102.67302989959717,101.14566087722778,102.79231071472168,105.49267530441284,98.34210276603699,93.3684229850769,96.9831109046936,101.01500749588013,101.42010450363159,101.52742862701416,102.55334377288818,97.33555316925049,99.58821535110474
2023,Rangers,98.6534059047699,100.8845567703247,108.51351022720337,97.85972237586975,100.27327537536621,93.2755172252655,102.0573616027832,100.53286552429199,100.10006427764893,98.87576699256897,102.42781639099121,99.87331628799438,97.1100926399231,100.71938037872314
2023,Rays,96.29061222076416,98.19703698158264,98.49137663841248,96.25963568687439,97.67822027206421,101.6589879989624,96.0628092288971,102.02010869979858,100.54211616516113,97.37741947174072,99.4022786617279,96.46115899085999,100.33271312713623,97.19507098197937
2023,Red Sox,104.24087047576904,104.42445278167725,106.11687898635864,103.6483645439148,108.95849466323853,115.12781381607056,97.70475625991821,97.63373732566833,100.75479745864868,103.40359210968018,97.81171083450317,99.11969900131226,100.63813924789429,100.34750699996948
2023,Reds,104.54981327056885,104.39990758895874,99.76775050163269,101.13143920898438,100.74855089187622,84.3752920627594,114.27762508392334,101.38242244720459,101.72346830368042,99.12346601486206,100.58344602584839,101.06247663497925,109.15048122406006,105.01714944839478
2023,Rockies,113.34958076477051,114.31635618209839,115.23809432983398,108.14701318740845,111.151123046875,134.66484546661377,106.77386522293091,96.48924469947815,101.94234848022461,106.60896301269531,97.070974111557,108.52987766265869,92.26105213165283,105.22878170013428
2023,Royals,103.06445360183716,104.68674898147583,106.92428350448608,103.1808853149414,107.566237449646,122.83360958099365,94.7476327419281,96.74959182739258,101.49831771850586,102.75006294250488,100.83245038986206,105.25450706481934,96.09828591346741,99.69483017921448
2023,Tigers,100.30543804168701,101.54027938842773,104.9472451210022,100.39191246032715,100.31301975250244,118.27032566070557,96.36574983596802,98.06535243988037,102.02658176422119,99.33232069015503,102.46951580047607,100.78336000442505,108.0621600151062,100.08509159088135
2023,Twins,100.81133842468262,100,100.71922540664673,100.54808855056763,105.42677640914917,92.67441630363464,98.84607791900635,100.00592470169067,102.64594554901123,99.32869672775269,101.36736631393433,97.37018942832947,102.61743068695068,99.99281764030457
2023,White Sox,100.31185150146484,100.73747634887695,99.12546873092651,99.84568953514099,95.71471214294434,86.59574389457703,104.59927320480347,99.23262000083923,100.95459222793579,99.27688241004944,105.0019383430481,98.38629364967346,103.74898910522461,102.8328537940979
2023,Yankees,98.9298939704895,99.8677134513855,99.39077496528625,96.89116477966309,95.46166658401489,85.35981774330139,104.41199541091919,100.00581741333008,100.79541206359863,97.79608249664307,104.80844974517822,96.62407040596008,101.63636207580566,101.86539888381958
2024,Angels,99.44936633110046,100.54076910018921,101.31951570510864,100.18953084945679,96.51826620101929,100.83887577056885,105.15155792236328,101.95785760879517,99.968820810318,99.55308437347412,99.63691830635071,102.42578983306885,91.87464118003845,99.21555519104004
2024,Astros,99.3902862071991,99.61201548576355,102.36073732376099,98.52563142776489,99.5025098323822,109.77377891540527,101.70745849609375,101.72523260116577,99.63716864585876,98.7240731716156,96.91269993782043,101.38951539993286,98.86358976364136,98.96855354309082
2024,Athletics,96.36880159378052,97.34646081924438,99.5376467704773,99.68727827072144,99.68246221542358,100,90.20385146141052,100.31253099441528,100.44629573822021,99.77065920829773,100.20142793655396,101.09726190567017,100.5655288696289,96.53988480567932
2024,Blue Jays,99.3737280368805,99.74314570426941,102.98478603363037,98.10351133346558,101.97138786315918,89.55299258232117,103.16451787948608,100.09536743164062,98.98209571838379,99.76845979690552,99.59322810173035,101.31908655166626,100.45129060745239,100.99518299102783
2024,Braves,99.69899654388428,99.58046078681946,96.62102460861206,101.11916065216064,98.61336946487427,100.10393857955933,98.85165691375732,102.05446481704712,98.87641668319702,100.7983922958374,97.68584370613098,100.7538914680481,94.44148540496826,98.35703372955322
2024,Brewers,98.48723411560059,98.28585386276245,97.5555956363678,96.32101058959961,96.8135118484497,104.98203039169312,103.84232997894287,103.73241901397705,101.1760950088501,95.61659097671509,102.57694721221924,96.79164290428162,102.93159484863281,99.39855933189392
2024,Cardinals,97.92720079421997,99.4912326335907,98.34827780723572,101.0707139968872,98.61894845962524,88.62069249153137,93.92923712730408,97.26734161376953,96.7575192451477,100.87897777557373,101.29845142364502,99.40011501312256,103.16668748855591,98.18497896194458
2024,Cubs,96.89602851867676,96.1650013923645,87.3900294303894,99.54953789710999,94.37081217765808,108.8732361793518,98.3999490737915,101.06421709060669,99.23340082168579,100.21849870681763,96.96761965751648,99.69913959503174,99.78230595588684,97.90590405464172
2024,Diamondbacks,100.24538040161133,100.49275159835815,103.69058847427368,103.14767360687256,105.35876750946045,120.4620361328125,91.07263088226318,99.20775890350342,99.16518926620483,102.89466381072998,97.78216481208801,104.66244220733643,96.80830240249634,97.5707471370697
2024,Dodgers,98.7384021282196,98.35629463195801,96.79959416389465,96.37328386306763,98.09365272521973,84.3478262424469,110.22814512252808,99.82847571372986,97.29170799255371,98.0325698852539,100.50338506698608,96.41668796539307,97.77875542640686,101.98383331298828
2024,Giants,96.97837829589844,95.83000540733337,96.74872159957886,101.87485218048096,102.03350782394409,109.96484756469727,91.11348390579224,97.70631790161133,96.99026942253113,103.82461547851562,97.1090316772461,97.5564956665039,93.90233159065247,96.54550552368164
2024,Guardians,99.70919489860535,99.72413182258606,104.78507280349731,99.67272877693176,99.9448299407959,86.71526312828064,98.36944937705994,100.75211524963379,100.98069906234741,100.377357006073,96.4580237865448,97.97605872154236,96.34908437728882,98.52346181869507
2024,Mariners,93.48970055580139,92.02279448509216,89.43668603897095,95.09578943252563,93.31640601158142,79.49937582015991,95.56710124015808,103.59007120132446,97.4973201751709,96.87604308128357,98.9694595336914,96.1311399936676,104.69048023223877,96.28385901451111
2024,Marlins,100.66103935241699,102.31037139892578,113.18347454071045,101.60107612609863,101.45992040634155,109.0778112411499,97.29738235473633,100.31042098999023,101.9565224647522,101.69622898101807,98.96510243415833,101.47417783737183,96.50613069534302,99.7907280921936
2024,Mets,97.75471091270447,97.99785614013672,97.93787002563477,97.16255068778992,94.30240988731384,87.10415363311768,98.66099953651428,101.17400884628296,102.21052169799805,97.26670980453491,101.33129358291626,95.76445817947388,110.03661155700684,99.4423508644104
2024,Nationals,101.43996477127075,100.43202638626099,98.96142482757568,99.97290968894958,99.42500591278076,95.77181339263916,100.31328201293945,98.4837293624878,97.92630076408386,100.3140926361084,101.9770860671997,98.68186116218567,100.98464488983154,101.51723623275757
2024,Orioles,98.21332097053528,98.11838865280151,97.84426093101501,102.82477140426636,96.33634090423584,101.33757591247559,99.4504988193512,98.5643208026886,97.36798405647278,99.89761710166931,99.50229525566101,102.550208568573,97.66484498977661,99.7754693031311
2024,Padres,95.5269455909729,97.3256528377533,99.02912378311157,96.99995517730713,95.41875720024109,85.68181991577148,101.09831094741821,102.3271918296814,99.63812828063965,97.91714549064636,102.31747627258301,98.09425473213196,103.66278886795044,99.50185418128967
2024,Phillies,102.91383266448975,102.30070352554321,100.58043003082275,98.75696301460266,97.26285338401794,101.73076391220093,105.33781051635742,100.53480863571167,99.77967143058777,99.09703731536865,99.7446060180664,99.79715943336487,103.92411947250366,102.82098054885864
2024,Pirates,102.74523496627808,101.65860652923584,103.99881601333618,102.79231071472168,105.49267530441284,98.34210276603699,93.3684229850769,96.9831109046936,101.01500749588013,101.42010450363159,101.52742862701416,102.55334377288818,97.33555316925049,100.14393329620361
2024,Rangers,98.11214804649353,97.48155474662781,92.71279573440552,97.85972237586975,100.27327537536621,93.2755172252655,102.0573616027832,100.53286552429199,100.10006427764893,98.87576699256897,102.42781639099121,99.87331628799438,97.1100926399231,100.34781694412231
2024,Rays,96.29061222076416,98.19703698158264,99.63293075561523,96.25963568687439,97.67822027206421,101.6589879989624,96.0628092288971,102.02010869979858,100.54211616516113,97.37741947174072,99.4022786617279,96.46115899085999,100.33271312713623,97.19507098197937
2024,Red Sox,102.72727012634277,102.49977111816406,101.77327394485474,103.6483645439148,108.95849466323853,115.12781381607056,97.70475625991821,97.63373732566833,100.75479745864868,103.40359210968018,97.81171083450317,99.11969900131226,100.63813924789429,99.68879222869873
2024,Reds,102.18583345413208,102.07849740982056,106.76500797271729,101.13143920898438,100.74855089187622,84.3752920627594,114.27762508392334,101.38242244720459,101.72346830368042,99.12346601486206,100.58344602584839,101.06247663497925,109.15048122406006,104.2412519454956
2024,Rockies,112.51016855239868,113.84544372558594,107.76396989822388,108.14701318740845,111.151123046875,134.66484546661377,106.77386522293091,96.48924469947815,101.94234848022461,106.60896301269531,97.070974111557,108.52987766265869,92.26105213165283,104.5089602470398
2024,Royals,102.6086688041687,102.77976989746094,106.07763528823853,103.1808853149414,107.566237449646,122.83360958099365,94.7476327419281,96.74959182739258,101.49831771850586,102.75006294250488,100.83245038986206,105.25450706481934,96.09828591346741,100.770103931427
2024,Tigers,101.29605531692505,102.70482301712036,99.43898916244507,100.39191246032715,100.31301975250244,118.27032566070557,96.36574983596802,98.06535243988037,102.02658176422119,99.33232069015503,102.46951580047607,100.78336000442505,108.0621600151062,101.067054271698
2024,Twins,100.05972385406494,103.2376766204834,103.32217216491699,100.54808855056763,105.42677640914917,92.67441630363464,98.84607791900635,100.00592470169067,102.64594554901123,99.32869672775269,101.36736631393433,97.37018942832947,102.61743068695068,98.81315231323242
2024,White Sox,99.80962872505188,98.44171404838562,96.97624444961548,99.84568953514099,95.71471214294434,86.59574389457703,104.59927320480347,99.23262000083923,100.95459222793579,99.27688241004944,105.0019383430481,98.38629364967346,103.74898910522461,101.49633884429932
2024,Yankees,100.06674528121948,98.57279658317566,100.56941509246826,96.89116477966309,95.46166658401489,85.35981774330139,104.41199541091919,100.00581741333008,100.79541206359863,97.79608249664307,104.80844974517822,96.62407040596008,101.63636207580566,102.39315032958984
2025,Angels,99.44936633110046,98.27810525894165,101.37721300125122,100.18953084945679,96.51826620101929,100.83887577056885,105.15155792236328,101.95785760879517,99.968820810318,99.55308437347412,99.63691830635071,102.42578983306885,91.87464118003845,99.21555519104004
2025,Astros,99.3902862071991,99.90962743759155,98.70319962501526,98.52563142776489,99.5025098323822,109.77377891540527,101.70745849609375,101.72523260116577,99.63716864585876,98.7240731716156,96.91269993782043,101.38951539993286,98.86358976364136,98.96855354309082
2025,Athletics,108.13066959381104,111.61524057388306,104.77944612503052,102.28151082992554,106.52304887771606,95.53191661834717,102.50627994537354,101.14867687225342,102.72196531295776,100.08243322372437,99.52488541603088,104.63235378265381,111.61105632781982,105.49088716506958
2025,Blue Jays,99.3737280368805,101.10132694244385,101.05477571487427,98.10351133346558,101.97138786315918,89.55299258232117,103.16451787948608,100.09536743164062,98.98209571838379,99.76845979690552,99.59322810173035,101.31908655166626,100.45129060745239,100.99518299102783
2025,Braves,99.69899654388428,99.47526454925537,99.23726320266724,101.11916065216064,98.61336946487427,100.10393857955933,98.85165691375732,102.05446481704712,98.87641668319702,100.7983922958374,97.68584370613098,100.7538914680481,94.44148540496826,98.35703372955322
2025,Brewers,98.48723411560059,97.61369824409485,95.88565230369568,96.32101058959961,96.8135118484497,104.98203039169312,103.84232997894287,103.73241901397705,101.1760950088501,95.61659097671509,102.57694721221924,96.79164290428162,102.93159484863281,99.39855933189392
2025,Cardinals,97.92720079421997,95.87429761886597,95.83407640457153,101.0707139968872,98.61894845962524,88.62069249153137,93.92923712730408,97.26734161376953,96.7575192451477,100.87897777557373,101.29845142364502,99.40011501312256,103.16668748855591,98.18497896194458
2025,Cubs,96.89602851867676,94.51039433479309,99.22886490821838,99.54953789710999,94.37081217765808,108.8732361793518,98.3999490737915,101.06421709060669,99.23340082168579,100.21849870681763,96.96761965751648,99.69913959503174,99.78230595588684,97.90590405464172
2025,Diamondbacks,100.24538040161133,101.785147190094,100.47587156295776,103.14767360687256,105.35876750946045,120.4620361328125,91.07263088226318,99.20775890350342,99.16518926620483,102.89466381072998,97.78216481208801,104.66244220733643,96.80830240249634,97.5707471370697
2025,Dodgers,98.7384021282196,99.38105940818787,106.01195096969604,96.37328386306763,98.09365272521973,84.3478262424469,110.22814512252808,99.82847571372986,97.29170799255371,98.0325698852539,100.50338506698608,96.41668796539307,97.77875542640686,101.98383331298828
2025,Giants,96.97837829589844,97.5843071937561,98.60716462135315,101.87485218048096,102.03350782394409,109.96484756469727,91.11348390579224,97.70631790161133,96.99026942253113,103.82461547851562,97.1090316772461,97.5564956665039,93.90233159065247,96.54550552368164
2025,Guardians,99.70919489860535,102.38180160522461,100,99.67272877693176,99.9448299407959,86.71526312828064,98.36944937705994,100.75211524963379,100.98069906234741,100.377357006073,96.4580237865448,97.97605872154236,96.34908437728882,98.52346181869507
2025,Mariners,93.48970055580139,91.29340648651123,91.41104221343994,95.09578943252563,93.31640601158142,79.49937582015991,95.56710124015808,103.59007120132446,97.4973201751709,96.87604308128357,98.9694595336914,96.1311399936676,104.69048023223877,96.28385901451111
2025,Marlins,100.66103935241699,99.74981546401978,93.1020200252533,101.60107612609863,101.45992040634155,109.0778112411499,97.29738235473633,100.31042098999023,101.9565224647522,101.69622898101807,98.96510243415833,101.47417783737183,96.50613069534302,99.7907280921936
2025,Mets,97.75471091270447,99.29600358009338,100.06306171417236,97.16255068778992,94.30240988731384,87.10415363311768,98.66099953651428,101.17400884628296,102.21052169799805,97.26670980453491,101.33129358291626,95.76445817947388,110.03661155700684,99.4423508644104
2025,Nationals,101.43996477127075,101.91280841827393,99.7651219367981,99.97290968894958,99.42500591278076,95.77181339263916,100.31328201293945,98.4837293624878,97.92630076408386,100.3140926361084,101.9770860671997,98.68186116218567,100.98464488983154,101.51723623275757
2025,Orioles,98.21332097053528,98.90132546424866,102.67698764801025,102.82477140426636,96.33634090423584,101.33757591247559,99.4504988193512,98.5643208026886,97.36798405647278,99.89761710166931,99.50229525566101,102.550208568573,97.66484498977661,99.7754693031311
2025,Padres,95.5269455909729,96.55930995941162,96.91630005836487,96.99995517730713,95.41875720024109,85.68181991577148,101.09831094741821,102.3271918296814,99.63812828063965,97.91714549064636,102.31747627258301,98.09425473213196,103.66278886795044,99.50185418128967
2025,Phillies,102.91383266448975,105.02803325653076,107.11722373962402,98.75696301460266,97.26285338401794,101.73076391220093,105.33781051635742,100.53480863571167,99.77967143058777,99.09703731536865,99.7446060180664,99.79715943336487,103.92411947250366,102.82098054885864
2025,Pirates,102.74523496627808,103.79921197891235,99.69683885574341,102.79231071472168,105.49267530441284,98.34210276603699,93.3684229850769,96.9831109046936,101.01500749588013,101.42010450363159,101.52742862701416,102.55334377288818,97.33555316925049,100.14393329620361
2025,Rangers,98.11214804649353,92.72554516792297,91.03840589523315,97.85972237586975,100.27327537536621,93.2755172252655,102.0573616027832,100.53286552429199,100.10006427764893,98.87576699256897,102.42781639099121,99.87331628799438,97.1100926399231,100.34781694412231
2025,Rays,100.59698820114136,100.8528470993042,101.5588641166687,103.09557914733887,96.48488163948059,87.87003755569458,104.15841341018677,99.50611591339111,99.88132119178772,102.05256938934326,96.67044281959534,102.08215713500977,89.1893982887268,100.96428394317627
2025,Red Sox,102.72727012634277,101.04581117630005,99.61832165718079,103.6483645439148,108.95849466323853,115.12781381607056,97.70475625991821,97.63373732566833,100.75479745864868,103.40359210968018,97.81171083450317,99.11969900131226,100.63813924789429,99.68879222869873
2025,Reds,102.18583345413208,101.74461603164673,100.33508539199829,101.13143920898438,100.74855089187622,84.3752920627594,114.27762508392334,101.38242244720459,101.72346830368042,99.12346601486206,100.58344602584839,101.06247663497925,109.15048122406006,104.2412519454956
2025,Rockies,112.51016855239868,111.27296686172485,119.00146007537842,108.14701318740845,111.151123046875,134.66484546661377,106.77386522293091,96.48924469947815,101.94234848022461,106.60896301269531,97.070974111557,108.52987766265869,92.26105213165283,104.5089602470398
2025,Royals,102.6086688041687,102.01860666275024,95.15570998191833,103.1808853149414,107.566237449646,122.83360958099365,94.7476327419281,96.74959182739258,101.49831771850586,102.75006294250488,100.83245038986206,105.25450706481934,96.09828591346741,100.770103931427
2025,Tigers,101.29605531692505,100.65358877182007,103.66318225860596,100.39191246032715,100.31301975250244,118.27032566070557,96.36574983596802,98.06535243988037,102.02658176422119,99.33232069015503,102.46951580047607,100.78336000442505,108.0621600151062,101.067054271698
2025,Twins,100.05972385406494,101.26253366470337,105.75991868972778,100.54808855056763,105.42677640914917,92.67441630363464,98.84607791900635,100.00592470169067,102.64594554901123,99.32869672775269,101.36736631393433,97.37018942832947,102.61743068695068,98.81315231323242
2025,White Sox,99.80962872505188,97.85462021827698,99.13349747657776,99.84568953514099,95.71471214294434,86.59574389457703,104.59927320480347,99.23262000083923,100.95459222793579,99.27688241004944,105.0019383430481,98.38629364967346,103.74898910522461,101.49633884429932
2025,Yankees,100.06674528121948,100.50292015075684,96.01573348045349,96.89116477966309,95.46166658401489,85.35981774330139,104.41199541091919,100.00581741333008,100.79541206359863,97.79608249664307,104.80844974517822,96.62407040596008,101.63636207580566,102.39315032958984
2026,Angels,99.44936633110046,98.27810525894165,91.25730395317078,100.18953084945679,96.51826620101929,100.83887577056885,105.15155792236328,101.95785760879517,99.968820810318,99.55308437347412,99.63691830635071,102.42578983306885,91.87464118003845,99.21555519104004
2026,Astros,99.3902862071991,99.90962743759155,98.3883261680603,98.52563142776489,99.5025098323822,109.77377891540527,101.70745849609375,101.72523260116577,99.63716864585876,98.7240731716156,96.91269993782043,101.38951539993286,98.86358976364136,98.96855354309082
2026,Athletics,108.13066959381104,111.61524057388306,120.63812017440796,102.28151082992554,106.52304887771606,95.53191661834717,102.50627994537354,101.14867687225342,102.72196531295776,100.08243322372437,99.52488541603088,104.63235378265381,111.61105632781982,105.49088716506958
2026,Blue Jays,99.3737280368805,101.10132694244385,98.88757467269897,98.10351133346558,101.97138786315918,89.55299258232117,103.16451787948608,100.09536743164062,98.98209571838379,99.76845979690552,99.59322810173035,101.31908655166626,100.45129060745239,100.99518299102783
2026,Braves,99.69899654388428,99.47526454925537,103.33577394485474,101.11916065216064,98.61336946487427,100.10393857955933,98.85165691375732,102.05446481704712,98.87641668319702,100.7983922958374,97.68584370613098,100.7538914680481,94.44148540496826,98.35703372955322
2026,Brewers,98.48723411560059,97.61369824409485,100,96.32101058959961,96.8135118484497,104.98203039169312,103.84232997894287,103.73241901397705,101.1760950088501,95.61659097671509,102.57694721221924,96.79164290428162,102.93159484863281,99.39855933189392
2026,Cardinals,97.92720079421997,95.87429761886597,93.1561291217804,101.0707139968872,98.61894845962524,88.62069249153137,93.92923712730408,97.26734161376953,96.7575192451477,100.87897777557373,101.29845142364502,99.40011501312256,103.16668748855591,98.18497896194458
2026,Cubs,96.89602851867676,94.51039433479309,98.09257984161377,99.54953789710999,94.37081217765808,108.8732361793518,98.3999490737915,101.06421709060669,99.23340082168579,100.21849870681763,96.96761965751648,99.69913959503174,99.78230595588684,97.90590405464172
2026,Diamondbacks,100.24538040161133,101.785147190094,101.08736753463745,103.14767360687256,105.35876750946045,120.4620361328125,91.07263088226318,99.20775890350342,99.16518926620483,102.89466381072998,97.78216481208801,104.66244220733643,96.80830240249634,97.5707471370697
2026,Dodgers,98.7384021282196,99.38105940818787,94.94750499725342,96.37328386306763,98.09365272521973,84.3478262424469,110.22814512252808,99.82847571372986,97.29170799255371,98.0325698852539,100.50338506698608,96.41668796539307,97.77875542640686,101.98383331298828
2026,Giants,96.97837829589844,97.5843071937561,97.37929701805115,101.87485218048096,102.03350782394409,109.96484756469727,91.11348390579224,97.70631790161133,96.99026942253113,103.82461547851562,97.1090316772461,97.5564956665039,93.90233159065247,96.54550552368164
2026,Guardians,99.70919489860535,102.38180160522461,102.41669416427612,99.67272877693176,99.9448299407959,86.71526312828064,98.36944937705994,100.75211524963379,100.98069906234741,100.377357006073,96.4580237865448,97.97605872154236,96.34908437728882,98.52346181869507
2026,Mariners,93.48970055580139,91.29340648651123,93.38802695274353,95.09578943252563,93.31640601158142,79.49937582015991,95.56710124015808,103.59007120132446,97.4973201751709,96.87604308128357,98.9694595336914,96.1311399936676,104.69048023223877,96.28385901451111
2026,Marlins,100.66103935241699,99.74981546401978,94.07432079315186,101.60107612609863,101.45992040634155,109.0778112411499,97.29738235473633,100.31042098999023,101.9565224647522,101.69622898101807,98.96510243415833,101.47417783737183,96.50613069534302,99.7907280921936
2026,Mets,97.75471091270447,99.29600358009338,100.08214712142944,97.16255068778992,94.30240988731384,87.10415363311768,98.66099953651428,101.17400884628296,102.21052169799805,97.26670980453491,101.33129358291626,95.76445817947388,110.03661155700684,99.4423508644104
2026,Nationals,101.43996477127075,101.91280841827393,108.0956220626831,99.97290968894958,99.42500591278076,95.77181339263916,100.31328201293945,98.4837293624878,97.92630076408386,100.3140926361084,101.9770860671997,98.68186116218567,100.98464488983154,101.51723623275757
2026,Orioles,98.21332097053528,98.90132546424866,95.8782434463501,102.82477140426636,96.33634090423584,101.33757591247559,99.4504988193512,98.5643208026886,97.36798405647278,99.89761710166931,99.50229525566101,102.550208568573,97.66484498977661,99.7754693031311
2026,Padres,95.5269455909729,96.55930995941162,93.18792223930359,96.99995517730713,95.41875720024109,85.68181991577148,101.09831094741821,102.3271918296814,99.63812828063965,97.91714549064636,102.31747627258301,98.09425473213196,103.66278886795044,99.50185418128967
2026,Phillies,102.91383266448975,105.02803325653076,108.34147930145264,98.75696301460266,97.26285338401794,101.73076391220093,105.33781051635742,100.53480863571167,99.77967143058777,99.09703731536865,99.7446060180664,99.79715943336487,103.92411947250366,102.82098054885864
2026,Pirates,102.74523496627808,103.79921197891235,107.95185565948486,102.79231071472168,105.49267530441284,98.34210276603699,93.3684229850769,96.9831109046936,101.01500749588013,101.42010450363159,101.52742862701416,102.55334377288818,97.33555316925049,100.14393329620361
2026,Rangers,98.11214804649353,92.72554516792297,94.77183818817139,97.85972237586975,100.27327537536621,93.2755172252655,102.0573616027832,100.53286552429199,100.10006427764893,98.87576699256897,102.42781639099121,99.87331628799438,97.1100926399231,100.34781694412231
2026,Rays,100.59698820114136,100.8528470993042,100,103.09557914733887,96.48488163948059,87.87003755569458,104.15841341018677,99.50611591339111,99.88132119178772,102.05256938934326,96.67044281959534,102.08215713500977,89.1893982887268,100.96428394317627
2026,Red Sox,102.72727012634277,101.04581117630005,101.9967794418335,103.6483645439148,108.95849466323853,115.12781381607056,97.70475625991821,97.63373732566833,100.75479745864868,103.40359210968018,97.81171083450317,99.11969900131226,100.63813924789429,99.68879222869873
2026,Reds,102.18583345413208,101.74461603164673,97.8589117527008,101.13143920898438,100.74855089187622,84.3752920627594,114.27762508392334,101.38242244720459,101.72346830368042,99.12346601486206,100.58344602584839,101.06247663497925,109.15048122406006,104.2412519454956
2026,Rockies,112.51016855239868,111.27296686172485,107.23545551300049,108.14701318740845,111.151123046875,134.66484546661377,106.77386522293091,96.48924469947815,101.94234848022461,106.60896301269531,97.070974111557,108.52987766265869,92.26105213165283,104.5089602470398
2026,Royals,102.6086688041687,102.01860666275024,105.4828405380249,103.1808853149414,107.566237449646,122.83360958099365,94.7476327419281,96.74959182739258,101.49831771850586,102.75006294250488,100.83245038986206,105.25450706481934,96.09828591346741,100.770103931427
2026,Tigers,101.29605531692505,100.65358877182007,98.33124279975891,100.39191246032715,100.31301975250244,118.27032566070557,96.36574983596802,98.06535243988037,102.02658176422119,99.33232069015503,102.46951580047607,100.78336000442505,108.0621600151062,101.067054271698
2026,Twins,100.05972385406494,101.26253366470337,94.4817066192627,100.54808855056763,105.42677640914917,92.67441630363464,98.84607791900635,100.00592470169067,102.64594554901123,99.32869672775269,101.36736631393433,97.37018942832947,102.61743068695068,98.81315231323242
2026,White Sox,99.80962872505188,97.85462021827698,97.28419184684753,99.84568953514099,95.71471214294434,86.59574389457703,104.59927320480347,99.23262000083923,100.95459222793579,99.27688241004944,105.0019383430481,98.38629364967346,103.74898910522461,101.49633884429932
2026,Yankees,100.06674528121948,100.50292015075684,106.9692611694336,96.89116477966309,95.46166658401489,85.35981774330139,104.41199541091919,100.00581741333008,100.79541206359863,97.79608249664307,104.80844974517822,96.62407040596008,101.63636207580566,102.39315032958984
